iteration,conv_P,conv_I,z_P,z_I,worst,conv_P_r2,conv_I_r2
0,8.691603952754097,10.552928596352366,8.368845203147528,11.498076854032654,11.498076854032654,0.9555237879905885,0.9263407090047592
1,8.61120838589452,8.672409565065681,6.544879036813738,8.901307931426286,8.901307931426286,0.94054970183342,0.9124464781374331
2,8.060765726508347,8.540366540505726,8.178792673377862,12.512520807570453,12.512520807570453,0.9390864093671654,0.9316170801899977
3,11.827089642536164,9.004011745143073,8.234546799712014,11.976532148675533,11.976532148675533,0.9387818389373502,0.9651557353537572
4,10.790379347347786,10.88117801556895,9.883566313729707,13.019852957845002,13.019852957845002,0.8960618839387663,0.9058717415722191
5,6.808365073105933,8.243756828303775,8.660629583514751,10.324819963605025,10.324819963605025,0.9543435855343554,0.923738339360574
6,8.808771263402694,7.554286703734943,7.836931564297384,9.988634252136004,9.988634252136004,0.9363926205450361,0.9487836413425651
7,9.544430302462802,8.861676454416068,7.710610498465918,13.36166077880514,13.36166077880514,0.946767068661805,0.9490716881534621
8,9.472725488509735,7.743471545387928,7.443969185610512,10.082859012110386,10.082859012110386,0.9325322724838716,0.9409365480155749
9,11.397368969091907,8.6996416645813,9.205431491149145,13.428184782854254,13.428184782854254,0.9342794695551967,0.9459227628152366
10,10.803001945132548,9.006891511917663,7.288133521594572,9.878773003481705,10.803001945132548,0.9032521693782118,0.9392245975816732
11,10.011517400276619,7.470403671629547,10.374927869504965,13.404718062662063,13.404718062662063,0.9332335320857705,0.9502562330445538
12,9.231410907033977,7.378764631581802,7.926012599004192,12.384185471599366,12.384185471599366,0.8570461411956258,0.8819711030441145
13,6.877809399469001,11.439847179650329,8.74720919469355,10.486163813577608,11.439847179650329,0.9647044914215083,0.9298973770943052
14,7.028343169497705,8.213592675538859,7.55326172818072,10.522319942597273,10.522319942597273,0.9540147219542662,0.9472005605989702
15,7.016263031666307,9.074634288924674,8.25137367144047,12.738184860118995,12.738184860118995,0.9573756811349378,0.9463238817400815
16,10.051161561801232,8.218966937940678,8.436049032400927,11.491160508241837,11.491160508241837,0.9125762718500235,0.9567878415979174
17,10.441135759254168,9.443256015900397,8.074740993716105,12.778737100518759,12.778737100518759,0.9421127704441288,0.9505324085326894
18,11.23250584450437,9.502808897092399,8.981078665370866,12.988868347245369,12.988868347245369,0.8904914239017835,0.9190662768306515
19,9.460578559501554,6.123552284407316,6.910072518151555,11.23365688020312,11.23365688020312,0.911996601508713,0.9514066920411581
20,5.4505858701583385,9.848393917754965,7.998841991880336,9.85681289323421,9.85681289323421,0.9829016436605997,0.9543668627780115
21,5.252173171368222,9.075774485894469,9.975820090944044,13.010268194191529,13.010268194191529,0.9800368848300725,0.9550332311860529
22,7.075343632183566,6.657011077852316,9.02012778343176,11.849197113700749,11.849197113700749,0.9632050016641046,0.9697255389620414
23,6.717288715412126,8.425362913457722,9.667656979719872,12.07350731475889,12.07350731475889,0.9553580663864563,0.9363790874417883
24,8.915210952547396,7.942951488026656,7.787578036549051,11.342675587991419,11.342675587991419,0.9501128461816737,0.9574077694254142
25,10.201554997032023,8.258333239564637,7.99645543385549,10.278522132915457,10.278522132915457,0.92825950132812,0.9531301542974465
26,8.92120084265908,8.432915542428713,8.544082315332043,12.32186437263877,12.32186437263877,0.9374463611166896,0.9403408714581735
27,9.407976780471202,10.03822797870308,9.524339533620594,13.888273613219384,13.888273613219384,0.9189650148087939,0.9329156927855129
28,9.255272488376557,10.224245902064732,8.202379511415085,11.55335384423004,11.55335384423004,0.9274116323973866,0.9294105881870393
29,9.18954597960483,8.936767319820854,7.4257157928192346,12.744711579219492,12.744711579219492,0.9257638906449488,0.9306013835992202
30,9.486710182029645,8.231311668975058,7.306009252630842,8.516827674363887,9.486710182029645,0.9523328843599068,0.9629813166952395
31,6.783103801688653,7.511790606944274,8.24962392826745,9.321989252813058,9.321989252813058,0.9637162046016226,0.9551645743390312
32,11.063569019448982,8.685169428778357,7.528389484218898,12.274442110601138,12.274442110601138,0.9183134380593198,0.9523368805466509
33,8.63799909713783,9.823305064066037,8.30379665856368,12.770543497260581,12.770543497260581,0.9358377044593988,0.9398929233111536
34,8.105323443079142,6.952388729065858,8.04609434071491,11.072944976336617,11.072944976336617,0.9488870382475528,0.9551719222301084
35,8.607851619214765,6.7741858136674775,8.62612695196967,12.889295797887476,12.889295797887476,0.9617091770223701,0.9677662003939499
36,8.215230066841105,6.902025774252207,8.534863144678072,11.077936534431869,11.077936534431869,0.9326317490683861,0.9743590882481433
37,8.59326569751781,10.997002055139085,8.758247735444955,11.22297444134752,11.22297444134752,0.939687953822023,0.9388802360366112
38,7.739765332611559,7.471015267930089,7.279838664327147,10.085774789676497,10.085774789676497,0.9321383952574913,0.9397963124325549
39,5.763016504143165,8.595522881926417,8.3085237322958,10.476661918730569,10.476661918730569,0.9795375278892563,0.9503349909544253
40,9.424830527966693,5.97872788893505,6.572548817816768,9.876125620831244,9.876125620831244,0.9491006829859948,0.963914437491919
41,9.265369188695317,11.054186375732703,9.300240711172888,12.31376548209503,12.31376548209503,0.9278757587799001,0.9348167847858445
42,9.61715543812792,7.047234761153215,9.617299603841767,13.1842999069254,13.1842999069254,0.9181981008964852,0.9723196087773575
43,8.052207903647322,8.776523923041077,8.736480863832332,10.952227859318956,10.952227859318956,0.9514154825740082,0.9504339372985057
44,6.805041922325361,9.353282744674699,8.194233276229482,11.006214908516336,11.006214908516336,0.966014866830031,0.9513604234426043
45,7.610082942107669,7.4606823331628895,6.649903532435446,10.764673623665551,10.764673623665551,0.9317761567873146,0.9475845107159083
46,6.428798383733303,9.462906146375493,7.8957216694800465,10.102714552866715,10.102714552866715,0.9613302670580441,0.9499668196801927
47,6.872118244971135,6.3616606791323385,7.832617847857836,10.587102456440316,10.587102456440316,0.9633053711880454,0.9597237675397353
48,9.896247081735146,7.923145149546559,8.169714727586982,10.479946854485874,10.479946854485874,0.8800206590019732,0.9337507072365477
49,9.252103335678125,8.416488190112306,6.118969659865135,9.537337802936978,9.537337802936978,0.9494824575322715,0.9615419039293052
50,8.695240701753693,8.010412827965316,7.749879625924738,10.627145354795262,10.627145354795262,0.9384066016543688,0.9190932199516212
51,9.078644284518198,7.532109397262385,9.33541428748392,13.317764264402754,13.317764264402754,0.9534311601895998,0.9631080775460088
52,7.784471272758433,6.980485204548222,8.051223419456363,10.052020317169308,10.052020317169308,0.948807181370566,0.9396221848232768
53,11.721814705364064,8.252057794999343,7.4042238901519735,11.276677316578992,11.721814705364064,0.8784293522047278,0.93293221385844
54,9.385465280346214,7.651125336086176,8.730014680230335,13.948928182706357,13.948928182706357,0.9522974505115284,0.9604005144420894
55,9.016698403374475,10.983195076441248,8.50717765735757,11.637962851600768,11.637962851600768,0.9452174981536632,0.9201892379954633
56,9.193967369231846,7.285110733397946,8.8447817897344,12.765684946097078,12.765684946097078,0.950102031681334,0.965594046807801
57,9.69921234380399,8.217704926328253,7.929076825328696,12.739546349005751,12.739546349005751,0.9487899676722096,0.9490198997246893
58,6.946913146690468,6.15495247865042,8.079948772271289,11.47801984255015,11.47801984255015,0.9561377590751177,0.967718981715972
59,8.891581832981407,8.46923247922226,9.132595802998729,10.242218154421009,10.242218154421009,0.9609437272034277,0.955134386171914
60,7.648591411130648,7.938271679292357,7.718716490345541,10.725644014651072,10.725644014651072,0.9308641453476274,0.9335495180111276
61,13.700115809170391,9.080979243382512,9.4376002206521,14.783409555097426,14.783409555097426,0.9208065431460222,0.9695320839369155
62,6.437113323743499,10.618044171449396,8.987821441250993,11.971576807593262,11.971576807593262,0.9731312966264137,0.9502701967209278
63,8.752213165347396,8.197188083024852,7.686404178087507,11.629247008490648,11.629247008490648,0.92136038553669,0.9270480751270835
64,8.694147969807299,9.344429772705725,9.250269243134982,10.475555207880195,10.475555207880195,0.9256904924567269,0.9223677362813627
65,10.61973108968327,9.91955845677068,8.258455287883699,11.002628408199598,11.002628408199598,0.9649546638305909,0.958007554277224
66,6.777558489049494,7.651605058995546,9.697349385519226,11.420686242549403,11.420686242549403,0.9472659603591955,0.937114604972963
67,11.980823648139719,10.652404573287763,9.50308031318171,11.696421384201182,11.980823648139719,0.8745197497190207,0.9027716189597729
68,9.112437817513571,7.532020416962512,8.942595814331757,13.917212031747162,13.917212031747162,0.8994073045683444,0.9421866192962558
69,6.729092483761632,6.721373249338073,7.692319393436903,10.211976725893008,10.211976725893008,0.9444355416847023,0.9468906757943992
70,7.395698448068691,9.2671501713829,7.198869733332288,11.138044611019774,11.138044611019774,0.9641519204640425,0.9459610285107743
71,9.740602273733371,7.571875506885087,8.594499660401365,13.137708765074269,13.137708765074269,0.9173705552392856,0.9520079653661224
72,8.52267221842993,5.357104422151878,7.661223134493452,12.03114914131363,12.03114914131363,0.9527765616129654,0.9736446493993263
73,7.173385345358178,8.384174571911956,9.341363979736625,9.76013031612244,9.76013031612244,0.9739636995588032,0.9592565267707911
74,7.0421046232335724,8.95571980590623,8.526168735145296,10.432985517988463,10.432985517988463,0.9751676874556773,0.9651725608656518
75,9.028363953597246,11.578640497194375,8.797764851450676,11.511467336507755,11.578640497194375,0.9780272797745825,0.9483608681486041
76,7.412989741065312,9.727192318537572,8.713563182320064,12.912693994876959,12.912693994876959,0.9597171371039139,0.9412791697949493
77,6.532087486067555,8.005288274792887,8.622176694065118,11.158443622773875,11.158443622773875,0.9818715040968661,0.9657863932597864
78,6.513642617637869,8.184999570992044,8.952732973448105,11.942115309176053,11.942115309176053,0.9466332955694068,0.9464653097770928
79,6.133330558192516,8.682467187105278,8.253911253897234,11.862204838966,11.862204838966,0.9649547404797227,0.9256240358164302
80,8.501667489600786,7.737537931485396,8.918148339662947,13.011136234705903,13.011136234705903,0.9413220785975468,0.9710055377367952
81,9.466306408586819,7.000173248861619,7.5565443588562475,10.348826142331504,10.348826142331504,0.9278732014373626,0.9621346540283391
82,8.373393178552774,8.238965720464156,8.107137627994682,11.107592272507755,11.107592272507755,0.9060337432409992,0.9364071309607819
83,8.022237035288956,10.403512035247445,8.18510439098847,9.10919430317173,10.403512035247445,0.9820506122809841,0.9551560633351741
84,9.41632232835047,7.161935346215656,8.76726266343959,9.39447939099257,9.41632232835047,0.9338613240975999,0.9490221291769971
85,7.952694379248429,10.471986489727195,7.696259477246283,10.674134051209595,10.674134051209595,0.9599648189288316,0.9400965772961811
86,9.492000796894258,7.844429766344957,8.516940183290716,10.45728812132159,10.45728812132159,0.9479605424740466,0.959663271249051
87,11.413063191468332,8.585129768601304,8.363412681391672,11.873085377118619,11.873085377118619,0.8715567092533703,0.9148188539005253
88,8.132487730403682,8.987012622855845,8.492713013987279,11.20014908558244,11.20014908558244,0.9422337423533049,0.9382680070709429
89,8.284717047471958,7.523648871648566,7.065425325323322,9.57295618403107,9.57295618403107,0.9498664872056749,0.964065696379882
90,11.650903830623067,6.306375971253754,7.841594032546598,10.625023103732968,11.650903830623067,0.948755609561923,0.973418268878341
91,10.291431893696759,7.705428295586919,7.920960560254424,11.524743205994836,11.524743205994836,0.9205280614724317,0.9484964554977365
92,10.229267395475514,9.547058713052659,7.308356439049891,10.136057160336945,10.229267395475514,0.9025544937662676,0.8955488289228681
93,5.4263556746188515,8.648936843639083,7.580353273368511,9.900144507152678,9.900144507152678,0.9771046170161098,0.9459388033428101
94,7.199668609192797,7.306047051486873,7.855322584858775,10.13666094127292,10.13666094127292,0.9482359896906695,0.9403916312417439
95,8.078455636113421,7.397117243344366,7.999091138887598,10.03540639457568,10.03540639457568,0.93852640030889,0.9409149144020735
96,9.119038710026777,9.290654919925304,9.127742725468975,12.638680640127292,12.638680640127292,0.9195853686866775,0.9359615996279306
97,9.408081830403251,7.758498751745059,8.819202590407851,13.111001537065958,13.111001537065958,0.9304480637393645,0.9527571779258728
98,8.60226772260981,8.189093431149393,7.894967223301716,11.60053957561692,11.60053957561692,0.9557792972488346,0.9344909536120728
99,5.830987535243783,8.668320023419223,8.273715410172894,10.737738744778662,10.737738744778662,0.982582432270786,0.9599547608071167
100,6.93107355468235,8.742977775222263,8.538460028551492,12.965734859267815,12.965734859267815,0.9575783241623474,0.9513779148728716
101,8.86907524703102,7.169200216741155,9.65632473619144,12.182010384325206,12.182010384325206,0.9597315799229402,0.9692126020185549
102,8.85619149936853,9.859414314648877,8.618174864467216,12.190362051626384,12.190362051626384,0.9578141396976667,0.963377135541043
103,10.376109378001212,6.295413611168736,7.348643108943316,10.987493347101559,10.987493347101559,0.8847295765244767,0.9468173677516485
104,9.164118111955423,8.33160234684544,7.925660965563083,8.560698400642444,9.164118111955423,0.9605506944261498,0.9617783980111009
105,9.332683730271121,6.363043208845362,8.149241577198682,11.596464238302515,11.596464238302515,0.9031091758577254,0.9538740679273238
106,9.32943693716478,7.632325270117386,8.399733153827182,11.000572131512675,11.000572131512675,0.9599036157449862,0.9654542276997131
107,6.781638336815751,7.403773196206662,8.685127491133203,11.239194773285588,11.239194773285588,0.971043988976025,0.9505994047420675
108,6.907869604670718,7.452577402499664,8.516009986915092,10.447336140238308,10.447336140238308,0.9614277581048127,0.947327015770238
109,9.66165465462183,9.214313224147809,8.519774370983376,11.419573058458917,11.419573058458917,0.953712983007806,0.9592839617117923
110,7.882831163461339,8.58450255578978,8.395515588400377,10.391886130108032,10.391886130108032,0.9320695172979472,0.9181576928846564
111,10.305252094251491,6.985480574625257,6.543786103840358,9.310430834084201,10.305252094251491,0.9121042754628083,0.9574322083661707
112,6.64978367803724,6.65060767652677,8.99835236688355,11.141964959478837,11.141964959478837,0.9769147650958562,0.9780399274429293
113,7.809520939784711,7.950696002197752,7.566347134623319,10.74559592727907,10.74559592727907,0.9555306647308014,0.9604494277099134
114,8.18245611746613,8.078063961258854,9.182384128787447,12.361273432002724,12.361273432002724,0.9470373141045859,0.9391759364819926
115,10.834609783187473,8.972226453018148,9.528733855187724,11.884514542832585,11.884514542832585,0.9097674090259315,0.9587043474462237
116,8.74339776023466,7.676935042194458,7.792247610690491,12.109352884324974,12.109352884324974,0.962487505407368,0.9591942169672437
117,8.633661884578565,7.645628760640491,7.804969959161184,11.222468706154153,11.222468706154153,0.9640753975013362,0.9483899358094487
118,10.522090466960258,8.44561604421388,8.567269740722343,12.855700415433247,12.855700415433247,0.9319129903461372,0.9511138575667906
119,8.830288072500062,10.482756463212255,8.3958768357602,13.231005839307402,13.231005839307402,0.9029438604258204,0.9162772462639732
120,7.09895336576335,7.35918269425533,7.777574604123613,12.368195254959332,12.368195254959332,0.97180962592977,0.9622304318084527
121,6.605115924464802,10.490697095567894,7.733418206017569,9.946024214917983,10.490697095567894,0.9321609744884918,0.9175150753792028
122,9.211424774310741,7.851738170898099,8.45966264142741,10.968068379623642,10.968068379623642,0.9155880686035947,0.9072714941905036
123,7.68619383594677,10.193917747007456,7.666798753988495,11.799472068115666,11.799472068115666,0.9665492549970365,0.936465150189637
124,8.18609464915521,10.117834517850696,8.516306916617326,10.712694658822357,10.712694658822357,0.9341861330129175,0.9169083604053987
125,8.524765309391528,7.634028578329112,8.153565719501552,11.305395694210485,11.305395694210485,0.9560429644677335,0.9620740242508683
126,9.803114211565902,10.411042857337268,8.687606759089068,12.142713714802468,12.142713714802468,0.9309275915317503,0.9497873763659214
127,8.541341789664784,9.372860113233845,9.121871179465222,11.082797800435202,11.082797800435202,0.915011983792716,0.9394477025941571
128,8.242504245689759,10.724506038449036,8.937229311749732,11.135263618268414,11.135263618268414,0.9656980085896951,0.9473271383478169
129,8.077942063129678,7.916009078723278,7.554081484366254,8.292048165530765,8.292048165530765,0.9244357175196731,0.9400738172956509
130,10.05503826614211,7.417632771442122,8.740233503482898,14.768686691451283,14.768686691451283,0.9411136612319861,0.9646683475026643
131,9.375952618918904,8.566036222543662,7.315975326939843,10.307043580129148,10.307043580129148,0.927944251334618,0.9240702345935496
132,8.377374727972636,8.5973797571506,7.998668530900802,10.152013887980138,10.152013887980138,0.9560038843223692,0.9469305302356409
133,8.066120783309639,9.22808988219289,8.35867428475413,10.401753186237531,10.401753186237531,0.9530403724070257,0.9185651065581493
134,8.50627459372745,8.751175403932251,8.32581846791159,12.387207249083696,12.387207249083696,0.9631066916742633,0.9699959584951908
135,8.497212176827121,9.793125039140982,7.473158761959893,11.989289914013256,11.989289914013256,0.9303630892144362,0.9392816157839948
136,8.702357651505658,7.21165481443432,10.228004494813778,12.591415918651375,12.591415918651375,0.9333171281677008,0.9518603279833876
137,8.632643440775977,8.423792607233386,9.05467354330003,10.418958487492214,10.418958487492214,0.9204151918162788,0.9386960090078745
138,7.637895856016494,7.493957530621101,7.8412170810268496,11.497898076739657,11.497898076739657,0.9422016968876069,0.935546217097259
139,10.964720928600306,6.815616838841695,9.72939502633129,11.593140297871766,11.593140297871766,0.9154639610343782,0.9413843466994258
140,7.871467260284776,11.020143196297957,7.679052902019212,11.425132859408896,11.425132859408896,0.9756402303865949,0.9450225037142573
141,10.909401058795492,5.9292623322085625,7.432463471214641,9.669023551249566,10.909401058795492,0.9304600049406572,0.9580245382821395
142,9.193724405634587,7.912973929934802,7.414528900134365,10.200318471477955,10.200318471477955,0.9412237965577779,0.9422009604130326
143,10.572003597771447,7.6679205883265755,8.667896243825512,11.739220950802332,11.739220950802332,0.8593250725392293,0.9178517977426803
144,6.991251214879307,7.391866420285129,8.479430721836879,11.961368494021293,11.961368494021293,0.9602276050504172,0.9370996967803218
145,9.18032674142222,8.826519626138477,7.5949280722829196,12.753135675670595,12.753135675670595,0.9636372399313928,0.948169758060206
146,7.35029964004945,9.397485356885431,7.644302170278946,11.547168409534033,11.547168409534033,0.9668754793832053,0.9479669110727572
147,8.974673385005065,8.974279046303046,7.760407280850074,13.786691758378339,13.786691758378339,0.9237805011917519,0.9337078519055476
148,8.811739949141483,8.136766205927646,8.271534312257517,10.728983588973811,10.728983588973811,0.9090750033851525,0.9506191927646286
149,5.946851942587359,8.35234741338393,9.447339095991056,13.106015256036747,13.106015256036747,0.9553724392113928,0.9047134275102177
150,7.205251475485245,8.9430861430924,8.028140971350911,10.4033937175002,10.4033937175002,0.9537984991168786,0.9396827584125834
151,6.36152015483788,9.238698559767638,7.448842777500599,10.975798056948774,10.975798056948774,0.955393131262722,0.9424309964857271
152,7.831960085065506,8.717793880483688,8.019762389482748,11.573486578447381,11.573486578447381,0.929978869581488,0.9465266213867118
153,9.458705834077232,8.166633378298435,9.51602675310105,11.132121744217011,11.132121744217011,0.9461639525561025,0.9649684498451896
154,6.466586232814217,7.189753447987446,8.702107482681857,10.726388728980126,10.726388728980126,0.9544068801887914,0.9295418069053566
155,7.858397193975633,6.84991751432832,9.601666959376821,11.42928992982789,11.42928992982789,0.962936193148602,0.9553962870372835
156,11.071809160154194,7.803162914382786,8.443811882302999,12.164412275719304,12.164412275719304,0.9494912010903683,0.9644734711006029
157,8.303183331873484,5.555515619329423,8.519816879933465,10.458023442309408,10.458023442309408,0.959467261191676,0.9745109131053353
158,10.110294518931271,9.013376445089536,8.400458219877537,10.850886148281882,10.850886148281882,0.8535218559898774,0.9086158910091622
159,10.345963913216002,9.888908296624852,11.024865827833363,14.776779128539411,14.776779128539411,0.958939403078017,0.9485924336371504
160,8.879202984489712,8.227024710045264,9.000732469753583,10.261555764458855,10.261555764458855,0.9466918869073293,0.9632167194766373
161,7.791076186431215,8.573863825975705,9.714997453222159,10.817180301919713,10.817180301919713,0.9368649970605024,0.9283110469419145
162,8.389831626057886,9.148966899169395,7.9775160493997035,10.871086120848764,10.871086120848764,0.8989490164128093,0.9143291558944464
163,8.62004258219774,8.992056524597821,8.341654547086488,11.693531705498653,11.693531705498653,0.9668278668845945,0.9541197106934165
164,9.874393632452563,9.1449501010751,8.979240979190314,11.43597102291256,11.43597102291256,0.9398752634791939,0.9550380746044479
165,10.288808900199902,6.342543487811136,7.868796535717185,10.27979869826129,10.288808900199902,0.9273177121797945,0.9583617728471214
166,9.288327057199096,8.598877164499894,7.158900355064095,10.272906077142487,10.272906077142487,0.9202597324768097,0.9232445290480337
167,6.024514396701187,9.005562031116828,7.773078867532811,9.608470954864254,9.608470954864254,0.966532804173251,0.9474442527048823
168,10.222944245125188,5.765775021175281,9.001506952377218,11.102870657616995,11.102870657616995,0.909552925363567,0.9378957549345266
169,7.854620202598378,10.577536532562,9.406440723961243,10.779532642688253,10.779532642688253,0.9435597979536661,0.9386891551556411
170,7.044716885916361,9.62976454853522,8.456760509998182,9.267541370321165,9.62976454853522,0.9633111275810163,0.9403056478731954
171,8.951781132012668,8.07082618639002,7.860029734809363,11.786897201285502,11.786897201285502,0.9155142806258567,0.9410697099751725
172,9.8588605014206,5.786970920533555,8.318545695764277,12.351663924697862,12.351663924697862,0.9293678820824531,0.9738520315396874
173,8.337945385759298,9.792842547486053,8.680174873158624,11.712015878337947,11.712015878337947,0.9292357324016759,0.930690453663875
174,9.164108324308476,10.66817420972573,8.495217156564093,11.25291066689951,11.25291066689951,0.9110822179318376,0.9179561396736512
175,9.014446599617095,7.66701524312019,9.369831660712705,12.040483620359815,12.040483620359815,0.913913832344941,0.9325654108903754
176,10.628487837463178,7.044529315962706,8.96444896378354,13.71549212673643,13.71549212673643,0.927629331714987,0.9426459777688868
177,9.873439541117326,8.763013471089977,7.3839039853208375,13.2547210884198,13.2547210884198,0.9436964193375194,0.939554255512034
178,8.361623188570249,6.435316331198823,7.461206890300096,11.421114476917843,11.421114476917843,0.9477243618444249,0.964311179059572
179,10.01615279265938,7.603582564210906,8.38900727683671,12.994314268721704,12.994314268721704,0.9424109696643219,0.9563930558816369
180,6.387185489416589,8.419691008218114,7.991271188365823,9.892614030433828,9.892614030433828,0.968352368068419,0.952617935387827
181,6.781834394900453,9.037054535942893,8.9685655069095,11.046736743446745,11.046736743446745,0.9598746352602255,0.9288819061456864
182,9.967002789825417,8.46485416505421,9.042330908454968,11.43093199430187,11.43093199430187,0.9302932969958086,0.9534976523314225
183,7.0189717874701945,8.011042311967351,7.5233783191990256,11.162090913369598,11.162090913369598,0.9740496518442395,0.9583340593043588
184,7.391141116676142,9.623679123061544,6.759311255150567,9.017043642559628,9.623679123061544,0.9594670994520129,0.9313051557745304
185,8.133054733786297,9.4363445440269,9.457276734676487,10.544050459895118,10.544050459895118,0.9611405130801559,0.9352701364062808
186,8.503792975441913,8.720727184092551,8.017695391332655,8.884927008373495,8.884927008373495,0.959861622356229,0.9363451738147168
187,7.954929174288827,7.480027708924906,8.592487583887198,11.87586390802091,11.87586390802091,0.9297975247538313,0.9346323008650614
188,8.999290002851437,11.097199799801597,8.690423824850308,11.410101711283923,11.410101711283923,0.9551234119512747,0.926378585058692
189,8.0432151143483,8.453150843986847,8.98676707948178,11.776091922489753,11.776091922489753,0.9409689754924697,0.9408681383349555
190,8.34286381449511,8.877018787979516,6.875436384136357,9.32298836440495,9.32298836440495,0.9394650215673215,0.9317361007061601
191,8.488286100180751,8.380705890575367,8.206364931230564,11.092124360287151,11.092124360287151,0.9602751577865108,0.9476460229690487
192,9.72575156939856,6.872505779724033,8.086945298582542,12.202593307522626,12.202593307522626,0.9458153392082831,0.9534747184710126
193,7.55270611979329,6.59551314380729,7.581187523950336,9.73248135433637,9.73248135433637,0.9084497053756821,0.9312848352808207
194,10.732004181622308,9.481583782118976,9.239951167672823,11.835735759936853,11.835735759936853,0.9508145112274072,0.9606087007012919
195,9.273890681144156,9.571373258208858,9.08967079426974,12.560745333007103,12.560745333007103,0.9350561900438146,0.9243502927290846
196,7.309000972907453,7.639815930556397,8.940716543330348,11.503859766608326,11.503859766608326,0.9613099788926209,0.9489599754983281
197,9.107548922843458,6.017779945411285,8.870709292154197,10.566097162453978,10.566097162453978,0.9298475028921538,0.960901773680882
198,8.596925802016516,9.62141416584521,9.678001018055706,12.97891154364606,12.97891154364606,0.9616784700514219,0.9492227555654951
199,7.7744351577001405,9.397894319537937,8.410694074467157,10.951546184671,10.951546184671,0.934120902570544,0.9062595319107001
200,10.355481204542953,8.308149411675396,9.077926348728022,12.050473147847338,12.050473147847338,0.912840340978229,0.955815957208368
201,8.883935586982876,9.562021862321732,8.971959066787196,11.471415349563092,11.471415349563092,0.944031342528014,0.9441612405496386
202,8.103256041727732,8.067903390217175,7.461730515454745,10.16121267143692,10.16121267143692,0.9163832081484959,0.9302099089388184
203,8.929321763250705,7.558028409047364,9.00107774814329,12.777441888369411,12.777441888369411,0.9316875639780426,0.9417248864747326
204,7.391162194822649,7.996871577199148,9.010599786692149,12.547429591718654,12.547429591718654,0.9462389384798188,0.9428747435804734
205,8.508802610884123,6.576639330722374,8.950617581193626,9.883205194329452,9.883205194329452,0.9724157953817616,0.9701972078552662
206,9.438307262090941,7.5679867037441655,8.063470188687925,11.274266638510076,11.274266638510076,0.8990773082532982,0.9235710157398987
207,7.366656139002292,7.782559047406634,7.113158478471009,10.21585497700532,10.21585497700532,0.9317651941840681,0.8753324752439829
208,7.455821413651571,4.512826657580745,7.263471500143277,10.507697047829389,10.507697047829389,0.9611972256892516,0.9682835624799169
209,6.041273821489398,7.351831423367991,7.474071957207906,9.698955399009284,9.698955399009284,0.9516128267705548,0.9328449987874144
210,8.442745390174862,11.263872130794898,7.857076387520573,10.695866532381638,11.263872130794898,0.9031352524453927,0.8950717673476386
211,6.56417552585135,8.38133109402122,9.33369384810682,11.68105455862014,11.68105455862014,0.9755974848092879,0.9582573504259616
212,6.3372084088961635,7.028051158004807,7.675761978000165,11.330929542480758,11.330929542480758,0.9548311931980997,0.951550808984567
213,8.256828414534535,6.5873113818493,7.057757302664805,11.435731203984647,11.435731203984647,0.9594682429249934,0.9507038529394332
214,8.811502458589612,10.344903813290122,9.980107363640341,13.182753253233068,13.182753253233068,0.952331130363507,0.9343391239392937
215,7.982671169952712,8.734583214413064,7.637792102964901,11.40195053371826,11.40195053371826,0.96969637358046,0.9624043027786816
216,10.124327929281048,10.168851646006571,7.610598365659839,11.115373953233444,11.115373953233444,0.9207040902194972,0.9559485144890686
217,7.773790543101583,7.5052076817257785,9.442897746919968,11.892732873628765,11.892732873628765,0.973388318981739,0.9589799347344312
218,8.990532889871607,6.049122522960775,7.66598648694793,11.601277133068182,11.601277133068182,0.950418137513788,0.9723053326164056
219,6.609599468435408,7.5435302163846405,7.385347153208441,10.034148406530955,10.034148406530955,0.9478088765017642,0.9273212648869761
220,7.901578909392301,7.623013970128778,8.072719299702086,9.999508113005467,9.999508113005467,0.9408527968750529,0.9501884057791674
221,9.484030470919722,7.135427697817833,8.485711321685356,11.146946305854993,11.146946305854993,0.8973489336778468,0.9308506104813595
222,13.005730140485689,7.441427549109841,8.319458137305908,11.960578982492015,13.005730140485689,0.9370814361404658,0.9652814137809242
223,11.177682991597827,6.0783282745891825,8.623605164784443,11.84567353017107,11.84567353017107,0.867101783201791,0.9620933423894422
224,9.405318443749724,9.048828901281006,9.362825876344132,12.895175592547476,12.895175592547476,0.963567700383662,0.9463096808312952
225,7.946701006737397,5.986181090809419,9.174384116612327,10.816795994664922,10.816795994664922,0.9241105823428459,0.9492142421579302
226,7.037399020014881,7.490044357959526,7.716211557590366,11.361105534552088,11.361105534552088,0.9463933558580354,0.9481397881344548
227,7.038081768405516,8.303894939471459,8.567249115322863,11.138549335170527,11.138549335170527,0.962228199505589,0.9240802686160627
228,11.288404788311936,6.023967956636781,7.435356336236609,10.914196737974038,11.288404788311936,0.9218955977699679,0.9499034820409352
229,10.691471335359996,9.498992800424247,8.475261541626141,12.671516784531544,12.671516784531544,0.9059066168359929,0.9187044819448671
230,7.896293956571343,8.881040792762324,9.324909111378085,11.219700881735553,11.219700881735553,0.9576902345095963,0.9352090232324966
231,6.453128150113476,8.764850088183149,7.110527427480505,10.04997061723319,10.04997061723319,0.9644308547198496,0.9479720262949086
232,9.637092978516238,7.9753825123822,8.976518615307565,12.103653113890406,12.103653113890406,0.89149740679095,0.9190022224697133
233,8.048936974672284,9.29014714856222,10.781659374795346,12.452209323405896,12.452209323405896,0.9579187465976094,0.9499338268816755
234,8.064102951078691,10.513877185000652,8.982691241874496,10.534711616404994,10.534711616404994,0.957323257054246,0.9441531742836586
235,8.774080679728925,9.758886586967634,8.770603288802365,12.507802665613005,12.507802665613005,0.9117670209644322,0.9442125353280572
236,8.768450173392171,7.144209799175137,7.3116475911280885,12.504618897174064,12.504618897174064,0.9302164496988456,0.9469858774616287
237,8.085505488360885,9.122618270975105,9.366050715068988,12.833025469689524,12.833025469689524,0.9582251502458348,0.9532467459238715
238,9.226036216637295,7.842725098739632,8.065422940816891,12.403296454278037,12.403296454278037,0.9560876071004081,0.9592091761580056
239,9.826241973241547,8.78630621437175,7.764466532986354,11.621162009236842,11.621162009236842,0.9479936454757566,0.9434261472122273
240,9.081508514130395,7.3359202716339365,8.872752918238156,10.058905244117563,10.058905244117563,0.958402760364505,0.9691577242908845
241,9.514464866698082,10.159834830124844,7.617694754112963,10.906837602801197,10.906837602801197,0.9476511871860883,0.9584328877984514
242,10.704670311254898,9.671469880311287,8.259139363469481,10.707381626159968,10.707381626159968,0.9356179809365471,0.9586509685729594
243,7.06734581714467,7.599453239113814,8.562456281685341,8.404343909081424,8.562456281685341,0.9571089949194683,0.9504207968533592
244,8.027980331468127,8.846919059284183,9.665524374269003,11.475548257672223,11.475548257672223,0.9530501516375451,0.9516827051828876
245,10.200219034721373,8.862054467588909,8.05893665350659,11.543869890964775,11.543869890964775,0.9174093288453793,0.9339401301569923
246,7.1647824131677735,8.092707353420007,8.866107485349728,11.774623283832538,11.774623283832538,0.9542665988350274,0.9535744485352564
247,7.3521940001337205,7.519382091801449,8.395177687677204,11.150529075169821,11.150529075169821,0.9399346249134898,0.951908406499268
248,8.812683047453966,7.988792728493185,7.340133883777295,11.380120321167887,11.380120321167887,0.9614509569832258,0.9580995598327713
249,11.111025689460721,7.1162040117780725,9.415129967619288,12.717934977263898,12.717934977263898,0.8721505390164275,0.9353123501735686
250,10.201788191223233,7.61999217888307,8.48870106848148,10.300065086274035,10.300065086274035,0.9317358491055076,0.9555568051861218
251,8.152080438401283,8.95472216607188,8.677603955978427,10.070220038395805,10.070220038395805,0.9584302850391941,0.9362099329600464
252,9.99996508370621,5.050046477052054,8.357506020623585,11.345166039021318,11.345166039021318,0.918662673392952,0.9715322684705135
253,9.018621298888911,7.639960088909873,9.452513821843691,11.631105533808281,11.631105533808281,0.9639140041747634,0.9719844851316723
254,6.48793545450502,7.584720312853949,9.07892842262495,12.114296589085829,12.114296589085829,0.9587500424965394,0.9262504986611341
255,6.679218325771299,8.72218108375416,8.322022644904724,10.519748862471232,10.519748862471232,0.9730068870809091,0.9665598538441693
256,8.962570020218637,9.182671776805613,8.526387948168066,10.517387237701643,10.517387237701643,0.9328535877104123,0.9336122204756
257,7.189296271730418,7.464620904332497,7.826051252580372,10.991348801366614,10.991348801366614,0.9644319120673835,0.966850534425991
258,10.854785121268177,8.240850105840112,8.21552924247916,13.077638401734948,13.077638401734948,0.9436237585516791,0.9684676452906148
259,9.879357744442057,6.451429107227128,7.645613573790647,10.838155470994453,10.838155470994453,0.9030786129395225,0.9424385281469785
260,8.510568200191548,9.542006349685439,8.750895832012755,12.872718191002289,12.872718191002289,0.9106492886533847,0.8956945212505104
261,8.104969194128907,8.020791361657656,9.39952313115226,11.806286084785595,11.806286084785595,0.9577508954693255,0.9715127858358823
262,10.291930021544896,7.819485494880615,7.46241085849513,11.907713202290743,11.907713202290743,0.9583631621482368,0.9672638792338151
263,10.046215059396598,9.144703665792399,8.374235926712192,11.610609273200865,11.610609273200865,0.8977925794102055,0.919661231682463
264,9.156874169354179,7.436545724909556,9.215297197888082,13.658886451372435,13.658886451372435,0.9265007559045656,0.9425467452728102
265,10.179573210725016,7.6822072974506685,8.3817598480679,11.002407811161126,11.002407811161126,0.9489925293086273,0.9661696614591342
266,9.385942277606892,9.41504091148853,8.022830478485806,11.866043161003017,11.866043161003017,0.949221568099944,0.932700962849221
267,10.667562057426613,9.139047767281074,8.582927845750843,10.810440233057635,10.810440233057635,0.904952999216071,0.9155685438844816
268,10.16591103141742,8.205402404404492,9.532626184163274,11.769712144594692,11.769712144594692,0.9116740953383219,0.9339362317284815
269,9.216379317714448,9.529476336128099,7.7665939103733175,11.005365659126449,11.005365659126449,0.9646032677650398,0.9525266095105219
270,9.22247851942703,6.702407321437737,8.715096207739771,10.212120579467276,10.212120579467276,0.9266800699270418,0.9520415216113428
271,8.661065657773607,9.664759488419369,8.647892557545955,10.946455942515886,10.946455942515886,0.9510811903706979,0.9446993130062741
272,7.568205967493924,9.044193270665454,8.489654983438783,11.30664095423066,11.30664095423066,0.9747128907814943,0.9681569111182826
273,8.848532988945015,6.859006286804499,8.137701473599462,10.519910665485812,10.519910665485812,0.9441692510429534,0.9522500210359762
274,10.182990939893648,7.840234770498358,8.769617908942639,14.664883937317446,14.664883937317446,0.9437701047350431,0.9645499007886408
275,7.228457127863727,6.83446944482881,10.323829759664623,12.113917422050818,12.113917422050818,0.953325294385831,0.9477588953893135
276,9.807583974474515,8.19174873005855,8.768512649948033,10.107299768466959,10.107299768466959,0.8410905988484529,0.9082596203471348
277,7.650068278086838,8.098675324532428,7.760674185679238,10.098366719089238,10.098366719089238,0.9494738148456265,0.9631754011028348
278,9.315276051506094,6.377325456159279,6.750543763361031,10.304728051506725,10.304728051506725,0.9563333708283439,0.9714589404625943
279,8.525318006271256,8.647614727758732,7.271865000933785,9.91716051705929,9.91716051705929,0.9129404084859507,0.9246501664642713
280,7.802540301721415,9.287995086299235,8.044324603725295,8.516980384039922,9.287995086299235,0.9533378754898783,0.9512928689486957
281,8.039735403619089,7.629914230263444,8.19280838939583,11.140532959222362,11.140532959222362,0.9363331817686441,0.9166538777338118
282,10.291755700830373,8.229253022166978,8.611163443782608,13.515022972323418,13.515022972323418,0.9499739002691674,0.9556736557931875
283,7.859668644377684,8.127230111975408,8.845379811899722,11.064042433542847,11.064042433542847,0.9589014001403964,0.9620087268375355
284,9.386317389402752,7.918054376693156,9.066753264561994,11.925609719876746,11.925609719876746,0.8784215927202557,0.9123347505299217
285,10.01710539717303,7.966234515600938,8.814040067885509,12.344484983237036,12.344484983237036,0.9468177820839994,0.9589865282751255
286,9.883548300730613,9.78716768221585,8.264397010996685,11.981517033090773,11.981517033090773,0.9041913921343532,0.9153840999467617
287,9.03344182407298,8.174525721807615,7.90717823421057,10.432640030536533,10.432640030536533,0.913083782891681,0.9235843679807776
288,9.317315620080361,6.158170705456077,8.848305025652564,12.770286189709152,12.770286189709152,0.9281490765428078,0.9536185056674976
289,9.37681293183458,6.706314843806988,6.133496347748375,10.897602877477503,10.897602877477503,0.9152614982402576,0.9387957146414723
290,5.3063117472646715,6.321771813789476,8.413542722920985,11.280348550458699,11.280348550458699,0.9748347943413898,0.9763990114126863
291,8.161927598145265,9.970842166201663,7.822131291637417,11.28232348389445,11.28232348389445,0.90623184100426,0.910851155390569
292,7.4839339738067885,8.132538401184283,9.701741121275347,11.254400082749074,11.254400082749074,0.9681592991674499,0.9608648004767218
293,8.20792637195195,8.769398146378744,9.617957159997232,11.854356545206592,11.854356545206592,0.9436078281404588,0.9373208954995556
294,7.2007695770336655,6.340612169019202,9.715676232863897,11.437790506208788,11.437790506208788,0.9506670100015445,0.9664616385869591
295,9.669939995067937,9.276590951852256,9.608344676486356,11.397909559444862,11.397909559444862,0.9489992181483046,0.9502102719895322
296,9.06414192557961,9.244305744205427,8.611180019663642,10.198920016041495,10.198920016041495,0.9614885832608726,0.9557772041930738
297,6.73439488751826,8.291971247220431,8.683398101991767,10.304919662409182,10.304919662409182,0.9379285307973879,0.9336149821331127
298,7.892257054139598,9.393910761137212,9.353721720462742,12.209127204972765,12.209127204972765,0.9438933995299187,0.9306039224160948
299,8.681215656214825,9.042752007716821,7.8952367136859465,9.816196464047692,9.816196464047692,0.9276900785688953,0.9342533430437918
300,9.921120582563756,8.03845979629779,7.447417615156958,11.624552613852208,11.624552613852208,0.9070904259286318,0.9563475635878464
301,7.466483389094926,10.163166097261945,8.575552575400689,10.252776263563648,10.252776263563648,0.9188738819973887,0.9166156970295485
302,9.378687710144074,7.995388574963308,6.910214361818738,10.504183366221856,10.504183366221856,0.8962114616037852,0.9253803396674591
303,6.934068266339288,7.771441534008286,7.806647815010032,10.471073827704812,10.471073827704812,0.9558004692081655,0.9469771821750589
304,9.429440798287358,7.438663244125493,9.49830516559709,13.551325003138706,13.551325003138706,0.930032023835426,0.9298372905000039
305,7.553021881224782,8.62439030898076,9.844332367570935,11.832757396839444,11.832757396839444,0.9612275738215937,0.9228521075692953
306,8.225846256523347,9.234117350631253,8.566253268443647,11.548718008052488,11.548718008052488,0.9421522372629565,0.9507983496481431
307,10.656656627316716,8.148959275621904,7.270652250760444,12.159311679920345,12.159311679920345,0.9538061380392906,0.9506968817649277
308,6.244891083317494,8.295771638149837,7.895225746182128,11.036763293313621,11.036763293313621,0.9782876518473803,0.9722603370141062
309,8.46026296644159,8.186039302492327,9.285025003935415,11.257063419061117,11.257063419061117,0.9559577497992381,0.9527902977026085
310,7.758438621586179,8.703351782031685,9.557555032250429,10.495027803264174,10.495027803264174,0.966696642217414,0.9545027413071706
311,6.406958173208574,9.033857047844702,9.247745121713837,11.365979689459783,11.365979689459783,0.9308691574724486,0.9201389028963979
312,9.570663899359664,7.179891432053047,7.452037803113225,11.41721155547906,11.41721155547906,0.9466194946814203,0.9644366769320728
313,7.435479698479456,9.201051111686256,7.213417842366986,11.911969078875849,11.911969078875849,0.9611847708197588,0.9503807235130041
314,8.234749989205183,8.120762276126058,8.023783240257057,11.223233795372936,11.223233795372936,0.9327978851256347,0.9365512323272664
315,8.675100655375315,10.888401013373203,8.302729831004378,10.414444046773971,10.888401013373203,0.9253671159125769,0.9178156146403458
316,8.705945119133474,6.889837436757842,8.65233430951175,12.02597543732914,12.02597543732914,0.8340288091083936,0.8703922239152361
317,7.326659128788568,9.016857847262948,8.084238187895936,10.770312691431446,10.770312691431446,0.958358188201303,0.9394708078844594
318,10.876417482632853,10.105919744255512,8.446894388864914,13.390622640655234,13.390622640655234,0.9440626506199735,0.9538143638997552
319,8.72020476552517,9.22916766448563,8.723676862732997,10.448113896153751,10.448113896153751,0.8802123715803298,0.9186260938747971
320,6.698848371293511,10.851894700660033,9.26430193251029,9.934815545232999,10.851894700660033,0.9850851148139281,0.9466307872685797
321,9.20352790171141,8.665775251237035,7.87143132675493,12.932095276079522,12.932095276079522,0.9298911698237449,0.9451229671514427
322,7.988855003906943,7.394445492086198,9.006722576222517,11.767124446386166,11.767124446386166,0.9590897845667095,0.9536802446058908
323,8.491551690817582,10.087653481167724,9.181343609195574,12.099652317182988,12.099652317182988,0.9486366896367494,0.9502663494536496
324,9.022297694641148,7.184156280340737,9.161848644407684,12.709143522557293,12.709143522557293,0.9553626230882349,0.9743567557187227
325,8.060244657958284,10.19791896659696,8.290797647610377,11.838005705317888,11.838005705317888,0.9436814874984326,0.9145688847735651
326,7.355940909151855,9.23505586727157,7.410580863358536,11.750945638406595,11.750945638406595,0.9758836872025403,0.9499374857197164
327,9.808103014793796,9.97273527408746,7.873721430254453,11.9494723216987,11.9494723216987,0.8953378920084721,0.8932602849594875
328,10.879001822265918,6.361906839209949,7.281487790002525,10.894510737804415,10.894510737804415,0.8893162403063871,0.9348047702222375
329,7.681404736424143,8.197723582143396,8.810826381928925,11.14944439688562,11.14944439688562,0.931562804520791,0.9493660847325354
330,8.72760637411247,10.57471056462044,8.07847920894437,9.20907143242667,10.57471056462044,0.9451773896100183,0.9326333290658755
331,9.919133685979993,9.780617270355766,8.670052684965365,11.024633972517229,11.024633972517229,0.9385179691140904,0.9474445602866377
332,10.791132763362121,9.674425401033622,7.710725424787928,12.97468041591959,12.97468041591959,0.9364170815570887,0.9305633904746256
333,7.85947239858,8.791137814787023,7.048895765483278,10.1943550346964,10.1943550346964,0.933628388579399,0.9373949100732022
334,8.797368049020449,5.521018048680319,8.202630673222266,10.47939620835724,10.47939620835724,0.9157818070076319,0.951330687090691
335,10.030128585924444,9.884396486024691,9.062974777168897,11.95792329003636,11.95792329003636,0.9167454906282216,0.9247672004261422
336,6.6843584431648475,6.354031540119043,9.043348430746205,13.275713754325677,13.275713754325677,0.9842042068289993,0.9701381609893742
337,11.386849212356243,8.319828214925376,8.173268802370128,11.578343660431772,11.578343660431772,0.9197025314096852,0.9537861941687475
338,7.502357877493819,6.568311635419135,8.797559087869406,9.614948260800253,9.614948260800253,0.9351135251914329,0.9376348674104014
339,6.847244194544791,8.492849608784368,9.046037684687388,11.99611363922373,11.99611363922373,0.9631761054135006,0.9568833647320302
340,8.834767371435701,10.147190751881089,8.573449889379322,11.319275424552588,11.319275424552588,0.9618649757449486,0.9545355797621121
341,6.166739609351892,8.701604260257309,6.95909538757583,9.606846688082129,9.606846688082129,0.9656517435088042,0.9504568497911625
342,9.145952158585358,7.970885521321068,8.653257622142508,11.085866695292546,11.085866695292546,0.8988384721190548,0.9308236859257473
343,7.665196770354629,8.95629530374146,7.56753486063904,9.49817323360701,9.49817323360701,0.9016998116862418,0.8878328835394453
344,8.001534986095567,8.694547262347104,7.4498069691194475,9.132654598945242,9.132654598945242,0.9388988164613536,0.9463548976587676
345,7.733664171534563,11.280012738849758,9.450019146152053,11.728751633881023,11.728751633881023,0.964951661384465,0.9292212306195871
346,9.399787293373969,8.361845849936218,9.31957681975739,13.535969891376556,13.535969891376556,0.9380283960555924,0.944398183198007
347,7.740334001543903,10.050443608555867,10.540098403135582,11.516486666343447,11.516486666343447,0.9361950466139225,0.9298291358207106
348,9.803108511592127,8.351000283282366,7.455049701308693,10.507086404536672,10.507086404536672,0.8997827049243825,0.9398611609674594
349,11.2725228180467,4.376141627998821,7.9650436307583,12.606673373976346,12.606673373976346,0.8896258596979831,0.9422830081225656
350,10.035181139502173,9.312517522854561,8.376365132491829,10.002271319939869,10.035181139502173,0.9539426033543913,0.9451880074568696
351,8.200097504922974,7.454109772139447,8.279230339381352,10.634822072565708,10.634822072565708,0.9531955386714752,0.9531844546672911
352,8.606033937906542,7.799110845707823,8.658225343057623,11.519170568550429,11.519170568550429,0.9432506275583618,0.9572958290831859
353,10.453670368950565,9.510006757131167,9.767181878025267,12.342300433067875,12.342300433067875,0.9471711231230007,0.9564719772478851
354,6.647166216358724,7.839437675581632,9.384663658361047,11.126224428552302,11.126224428552302,0.9644758843779957,0.951829487566745
355,9.66158656110242,10.88760069236199,7.348795589208371,12.03510654695563,12.03510654695563,0.9657899960334398,0.9327145102279376
356,8.819420282588231,8.263779209164564,9.402010163800451,11.521948476929774,11.521948476929774,0.9188199200227237,0.9301927148100426
357,9.679097028188572,10.046092531087963,8.854451691906418,12.277137494813099,12.277137494813099,0.941281876271357,0.9464650895850332
358,7.608472979938075,8.238053162682757,7.79101255900351,9.65399855316518,9.65399855316518,0.9563503075241772,0.9538375414409674
359,7.682687538330299,8.331113743578406,7.319379916450243,13.68078689498334,13.68078689498334,0.9701764260200282,0.9488692561240083
360,9.74042546013518,6.684719764501251,9.410370480822554,12.707766774360824,12.707766774360824,0.9302842235151386,0.9507527684764668
361,7.520498004645046,6.030282206264705,9.524893551480586,10.179001587415216,10.179001587415216,0.9664441020495587,0.9643828972380287
362,7.297783935742302,8.560203651060664,8.357670400651442,10.05519162135921,10.05519162135921,0.945945287322512,0.9522701754093872
363,9.819733106466654,6.347307805364391,7.694528806557968,11.026032591650143,11.026032591650143,0.9443644732219095,0.9700159763533908
364,8.957019852138112,10.25126822127648,8.118653109099816,11.583783414537944,11.583783414537944,0.9663551214274136,0.9481138764932172
365,7.203729966999919,9.528494725947922,9.755731142465278,14.032621622798407,14.032621622798407,0.967173375025595,0.9325295197847994
366,8.688209776737049,8.042827036883015,6.99722481922206,9.665326795505145,9.665326795505145,0.9557569963292764,0.9617982472990098
367,7.8583579838690785,11.008674721541674,8.451996004157632,11.15852749930717,11.15852749930717,0.9539495510638155,0.9135648539819006
368,8.610011987073337,9.976635111423768,8.157257873382193,11.667335911567017,11.667335911567017,0.9704203530362929,0.9436233943868901
369,6.707384413167686,6.752654920938345,8.837473101713924,10.866023215266738,10.866023215266738,0.9524711514397691,0.9535097872532905
370,7.844069716301904,7.329346862138437,8.52375322552664,10.104142097764738,10.104142097764738,0.9723388990127639,0.9630607369341246
371,11.219237529198848,9.09028059774382,7.981231258019007,12.392365959831206,12.392365959831206,0.9524009455465333,0.9524376421739702
372,7.7609361426441374,7.3332745433952295,9.305136055056266,10.296694904181077,10.296694904181077,0.9198491072688466,0.9319957247600237
373,9.39201242357773,6.678257527750987,7.970682756108991,12.070762305889621,12.070762305889621,0.9449938582659532,0.966821259289121
374,7.737989316809626,5.369979085108797,7.568547963974487,10.892649862812624,10.892649862812624,0.9520041912651834,0.9735288148786306
375,8.401566772021365,7.6661606091477115,8.893053190516696,10.321636863903594,10.321636863903594,0.9445630447524445,0.9526275781848709
376,13.119086268175845,6.596814095436875,7.3625918561569454,12.390562377069664,13.119086268175845,0.8802017868612243,0.9424893396423628
377,9.071603402338683,8.633445523171233,7.36334240428318,11.28799829166749,11.28799829166749,0.9586929206611486,0.9417671616119666
378,7.002253965620279,7.316721072844009,9.662759320955722,12.492501172124241,12.492501172124241,0.968283475328444,0.9706267477053055
379,12.084372506729055,6.254518178078339,7.811364631539675,11.772997528534281,12.084372506729055,0.9201099114419176,0.9625853094931965
380,7.303684145047411,8.669771729291217,9.225830622346127,11.169634506797118,11.169634506797118,0.9493074740250939,0.9215271893828527
381,5.081588953771869,11.230257629028369,9.086193492247787,11.572926185728463,11.572926185728463,0.9757431695818084,0.9458654372385624
382,8.556057862494953,8.972407700972388,8.656848106593538,11.271797374171145,11.271797374171145,0.9541412802300917,0.9473078862577329
383,10.079678429433999,7.5332608755392325,9.140463395371226,12.39231529567466,12.39231529567466,0.9356155324808221,0.9571110731287953
384,7.903021070743173,7.128959735964489,7.678386222125762,9.623438116558871,9.623438116558871,0.9447736010374206,0.929980860249565
385,6.725366863339942,8.958480079837297,7.829773805195973,11.391689917151886,11.391689917151886,0.9551834015928052,0.9314089900755569
386,9.675107775388007,10.412790186042058,8.07583708395159,10.655198043564123,10.655198043564123,0.917782296755113,0.9016232029342385
387,9.0903628842083,10.379643766614647,8.620995594541824,12.326960159432792,12.326960159432792,0.9271783727936421,0.9421187648871819
388,9.767737413937736,7.917001813953107,8.335882789215203,10.052219442645352,10.052219442645352,0.8700096930044692,0.9280103404506579
389,7.7148683742038395,10.02214495804667,9.615089396624505,13.20320571808071,13.20320571808071,0.9423086815061197,0.9266726863557002
390,10.472145658415954,6.602771033901559,7.645902057847194,10.976510359753606,10.976510359753606,0.9455748006576804,0.9521677505095203
391,9.455879774689416,10.488094884339953,8.373473974883177,11.92823163917216,11.92823163917216,0.926451303386018,0.9492518574598715
392,8.452974775766277,7.139279392746481,9.07753414587449,14.135936550792108,14.135936550792108,0.95719822674655,0.969446739878765
393,7.988389777785339,6.389509006860261,7.205957142544325,10.144019706997074,10.144019706997074,0.9302258154917016,0.9668746176030613
394,9.445149994274962,10.980545363229076,9.312822803919097,11.438016763723159,11.438016763723159,0.8989906007105773,0.9045074759632094
395,7.876923479246464,7.612542130046883,9.265657276163232,11.047485412652428,11.047485412652428,0.9476029150462781,0.9221560816592796
396,6.6217965382690505,9.453956906505955,9.13752890949292,12.528860970990753,12.528860970990753,0.9215152039592509,0.9160942652279647
397,8.492068953641322,10.513305969199543,9.768087142794798,11.979652331280011,11.979652331280011,0.9487334090926234,0.9359720813781711
398,7.331948778349762,6.381517570022599,8.605129851786913,9.991829992113784,9.991829992113784,0.9696002269456159,0.9636344465697547
399,8.904172310783657,8.949664874123254,9.437392667330942,11.524329339117786,11.524329339117786,0.932119873134655,0.9537323907237435
400,10.906083526981577,7.787656306712654,9.369627268912366,11.704081916233186,11.704081916233186,0.921717547584831,0.9433891994794321
401,7.424403768728176,8.384069464010842,7.883474555531711,11.625681379234694,11.625681379234694,0.9348516818286203,0.9259757218031752
402,9.204334573658512,7.822668292225759,8.673376934356497,11.914593941778957,11.914593941778957,0.9415380122876094,0.9486639002456649
403,10.459774726232615,7.841053379955265,9.489833625244765,12.338116059864172,12.338116059864172,0.941037217325293,0.9563202072396862
404,10.13511081729402,6.442170007601749,7.953434495299668,11.883255148986088,11.883255148986088,0.9236927936837267,0.9605913064032493
405,8.803253321275028,6.480608153095534,7.476752467381989,10.680631585617213,10.680631585617213,0.9361396751682683,0.9605607252408678
406,8.994649991797647,10.442900500378885,9.476798349270119,13.87192860984806,13.87192860984806,0.9521306002654901,0.9310426058787417
407,8.557464169375699,8.613036411386656,7.584100985375971,9.605278853124526,9.605278853124526,0.9443423949668234,0.9601445254260479
408,7.74514521276395,6.778907085972512,9.577834450551489,12.00819821285066,12.00819821285066,0.9232280304190522,0.9567108050090829
409,11.75016063677834,8.272056195389363,8.048692883440639,13.112386583234919,13.112386583234919,0.8794266098705518,0.8991901086384627
410,8.635693623555815,7.642141783632321,7.167987297936848,10.333964264347468,10.333964264347468,0.9244670026692046,0.9417043932547596
411,9.50605347664795,8.710392089876501,8.862859269055702,10.190362150070731,10.190362150070731,0.9224901735667028,0.9351652009690108
412,7.704801541397257,6.2147796598170695,8.079069706773828,10.383553319306072,10.383553319306072,0.9537338623517883,0.9641129999179383
413,10.041620154561588,7.1172942420917495,7.551292342091134,11.106896666056329,11.106896666056329,0.9504209638791968,0.9618990093647434
414,9.62925036873552,4.6416601261695964,8.305619805032444,11.055793772811036,11.055793772811036,0.9147059829685344,0.9533125799067506
415,10.4173222781534,8.299826008779547,8.620054393649129,11.954917294762849,11.954917294762849,0.9404677749398972,0.9551741700287707
416,7.59465683971828,8.590462191275392,8.44135566406329,12.298889722096867,12.298889722096867,0.9310341595315068,0.9151620278086556
417,9.604535237358913,7.21648919386565,9.301600291540701,10.506446799268831,10.506446799268831,0.9043928638471755,0.9609302959183951
418,6.432279483295761,7.767922110369755,8.583299186950585,10.912415797813745,10.912415797813745,0.9467428707152229,0.9482759741228908
419,8.09560140870758,8.529601715546528,7.518854853666163,9.64061046942172,9.64061046942172,0.955238112965411,0.958181664856453
420,10.631385810444316,7.625223390134146,7.874821981122869,12.635115765218341,12.635115765218341,0.9431149482543062,0.9603284076037722
421,10.78253094111667,10.135094241660333,7.9191639954972874,9.705669818339441,10.78253094111667,0.9232550079177806,0.948405203008266
422,8.369870498936201,6.27083196666193,7.344401391084129,9.630132697222274,9.630132697222274,0.9554926959610976,0.9768526560734178
423,10.431995911364314,9.515772397260253,8.132889507273026,11.643390953103658,11.643390953103658,0.9214762377246051,0.9421870582484604
424,6.731868042356974,8.138803886073928,9.60234422907976,11.761775826221237,11.761775826221237,0.9726952937746953,0.9396475998020554
425,11.200712387407266,8.041733332984274,7.799435730240551,14.844460696902825,14.844460696902825,0.9135198560860859,0.9504619562926779
426,7.10329867947476,6.766621696385424,9.581232259298087,10.562483793756256,10.562483793756256,0.9347365054609095,0.9505458516256485
427,5.9043189225688275,10.18200032191624,8.560346666895374,11.5922093892839,11.5922093892839,0.9573069185543438,0.9419418506205552
428,8.083750316396063,7.70919727347409,8.475524722011258,10.3168276377454,10.3168276377454,0.9489186790101201,0.9515297538707125
429,9.531981438994668,9.669822625911765,8.176285277058891,10.525136586020087,10.525136586020087,0.94769482459795,0.9320210679585802
430,9.29218294295042,6.221030773647094,8.133771777401064,10.810904098900243,10.810904098900243,0.9359145679769013,0.9421421718319727
431,9.508651300231719,7.828407119277952,9.481587451976626,11.31943558702366,11.31943558702366,0.9207693139166755,0.9437257373971927
432,8.006572398556635,7.144636845392179,9.093999357285037,10.221845522120116,10.221845522120116,0.8990681008780447,0.9255133987500416
433,8.28908454228567,7.775451522686177,9.027023105701177,11.951547002229258,11.951547002229258,0.958936198667949,0.9535869846885823
434,5.775872143427727,8.281051078199928,8.116979486923885,11.462390856340802,11.462390856340802,0.97373351374604,0.9597332125662542
435,7.325342652806513,9.883515476276648,8.614528838957753,12.696259399392956,12.696259399392956,0.9366551847568313,0.9014211690080146
436,9.1830540660992,8.989210251407318,7.645478427350044,10.750683862250566,10.750683862250566,0.9455707011109884,0.9346116869316204
437,8.976133064879562,8.987974959376723,9.869153966657707,13.659384375268926,13.659384375268926,0.933028552810769,0.9383389229296873
438,7.301705200367373,7.0858845438124405,8.124028979497938,11.17682054950958,11.17682054950958,0.9432436169245572,0.9456149753451615
439,8.81034490463638,6.820715270111519,8.161672340289648,9.93710704872054,9.93710704872054,0.9421089946079558,0.9592700020110279
440,9.390705588498296,7.944113242851639,8.639782216771062,11.645641747082394,11.645641747082394,0.935562091524975,0.9612336919516076
441,9.69732076872714,8.08163612213921,7.4172920695223175,11.143172766945005,11.143172766945005,0.9128989094688933,0.9203487274664482
442,11.584405967865145,8.759138293023042,7.074593743775879,12.535507677323384,12.535507677323384,0.8994850765555247,0.9495577086395878
443,8.428953916834727,7.432679400275902,8.132109248704907,10.959279012321634,10.959279012321634,0.9293367142062776,0.9151930842683361
444,8.804866464836383,6.497561242654637,6.815907325861464,9.197131576066107,9.197131576066107,0.940715543638512,0.9635998653943872
445,10.977503251303471,9.695891448347078,8.605515710689087,11.746695684371725,11.746695684371725,0.9377627297087533,0.9542323959184311
446,8.253938759799391,7.9110897117693755,8.359756428245738,13.146897129407895,13.146897129407895,0.9580700902450131,0.9540933370632136
447,7.261037654564029,9.420232754507074,8.89308307852985,10.931408469328398,10.931408469328398,0.9674390763960083,0.9391354357234729
448,7.982100752304219,7.839703371651546,8.98179076014807,10.546888971043554,10.546888971043554,0.8292497405021929,0.89338846721671
449,6.448723512179995,10.229180238428311,9.055380144200791,13.08050751523758,13.08050751523758,0.9643213460876466,0.9409297926364094
450,10.835091434748378,7.378914710341773,8.857394549801743,12.22866562324679,12.22866562324679,0.8931404437886599,0.9411364822100187
451,8.051468853965392,10.697861754521757,8.959011319725558,11.441340265163369,11.441340265163369,0.9764295189296218,0.9399505742378865
452,6.857964363843909,9.389495490920249,7.986272350091109,10.660883066277375,10.660883066277375,0.97873969114767,0.9420095019762942
453,9.57018327370673,9.571773909777328,8.689412980670252,11.953700800648823,11.953700800648823,0.916937396343645,0.9087833155794276
454,9.36128743990379,9.939711397790866,8.008012294109,9.856863410031332,9.939711397790866,0.9506393993222998,0.948459669023065
455,10.231591075818036,7.317480438917679,8.07955928479012,10.206567981622193,10.231591075818036,0.9381641223849939,0.9549263874904301
456,8.975934283958383,9.568078309489438,10.487117418118233,10.920180281520276,10.920180281520276,0.9528128091059415,0.9432772703282934
457,8.333515089583758,9.134311622254687,8.984192838437654,13.155408111502254,13.155408111502254,0.971339860683554,0.9549797196033329
458,10.221493845194821,8.71983218660711,9.03885794620964,11.874754637311433,11.874754637311433,0.9487377702305447,0.9588221601186971
459,9.07011724903993,6.249298233195351,7.70874936756014,10.42619014839017,10.42619014839017,0.9410972402334273,0.9627927145476778
460,8.803163396259436,9.359016898966201,8.950231914802863,10.916707782960309,10.916707782960309,0.9357946358106211,0.9436525003694148
461,8.600018549534887,7.44400266165772,7.492175065837996,10.155542237645623,10.155542237645623,0.9614660952361738,0.958552905044943
462,8.993777537006345,6.370163611351288,7.809105663141458,10.016028574057108,10.016028574057108,0.9454694768468734,0.9778115952141891
463,8.505524627583421,10.143040937907422,8.631661291801612,10.750363988920514,10.750363988920514,0.9701313556892093,0.9610191246170336
464,8.588495017402165,6.488910184314181,8.039493132969737,11.264644501585021,11.264644501585021,0.9235886154579669,0.9515036837992137
465,9.763698734878679,7.786270979212946,7.456917610247063,10.431042210967984,10.431042210967984,0.941269566885098,0.953261251189244
466,6.813334228433425,8.930781325029312,7.954938624813189,9.858553464348168,9.858553464348168,0.949059484677077,0.9372319296518095
467,6.899725643365043,10.444014675445974,9.618198249192716,13.026531037839547,13.026531037839547,0.9743231011880211,0.9561888557585266
468,9.597832499415244,7.736071652042378,8.470205053342447,13.49438051307047,13.49438051307047,0.9528377585168383,0.9482352353294627
469,8.94679386664183,5.725430210234974,8.575092158397602,11.018577857194275,11.018577857194275,0.9319598846217058,0.9646501202873199
470,8.178136646224186,9.45010823924978,6.889960487586798,10.48162774811097,10.48162774811097,0.9528197352937953,0.9367557374691438
471,7.368895423585873,8.407504658705879,9.148569367086672,11.734120958495648,11.734120958495648,0.9550162199417346,0.955066896676038
472,9.526515944776822,7.206361309350902,8.11028556150244,11.030801307182784,11.030801307182784,0.9032370968071692,0.9447704959748142
473,10.209913788888661,11.801265918768484,8.24444963994659,10.974340838620678,11.801265918768484,0.9397364222906357,0.9201697232652027
474,9.091880976538711,8.56471472606247,8.810484951726428,11.025069737853253,11.025069737853253,0.9202902764504395,0.9315856328800202
475,6.585479792096241,7.633383713059037,7.5335292933765095,10.011773210953953,10.011773210953953,0.9625563078073515,0.9527124082687499
476,6.8075139735178745,9.273110175724737,8.310682601808136,12.324789430961061,12.324789430961061,0.9765743326106526,0.9523353428889954
477,9.079894255317527,9.87443144146805,8.527038111842701,11.42502746381456,11.42502746381456,0.9289857051428109,0.916245367731656
478,9.381558100291654,7.442039358688931,8.151319363605689,10.614705923564749,10.614705923564749,0.9447915282539665,0.9400924616412422
479,7.752245236316142,6.481550037771008,8.768191983899323,12.246473426953433,12.246473426953433,0.9220480308838302,0.9390257133168345
480,5.703669715130193,5.484880113455807,8.06865114070668,9.891275746546583,9.891275746546583,0.9663687835298831,0.960096539451736
481,7.84132603175636,8.621426658746175,8.769979307236657,10.646499245394459,10.646499245394459,0.9331682660153663,0.946269294543405
482,7.640644567296212,8.24085082497629,7.204518177260201,10.681978778287421,10.681978778287421,0.9678358753888833,0.9471949204506046
483,7.681215463654073,7.354259051382367,8.705803217425792,13.1290935062949,13.1290935062949,0.950545749439736,0.9691097894826141
484,8.841856348693925,9.350491886043768,8.73127644181903,11.360463945138367,11.360463945138367,0.9491659410788215,0.9467409994591232
485,9.008979212206288,8.540367669675922,9.050070120467195,11.6303409866434,11.6303409866434,0.9299935989084653,0.9260385776409359
486,9.5415455985395,9.698066821829508,10.0853515710107,12.56241074236443,12.56241074236443,0.9395073114701187,0.9420846406518498
487,9.534189622896985,7.5896603169099075,7.827630219545793,11.338416869584163,11.338416869584163,0.9536899476568838,0.966506307745274
488,9.011484708664721,7.383984010313341,9.353634807567085,12.351351302071546,12.351351302071546,0.9213030101012629,0.9595383397339314
489,8.517535689668346,7.786155530099298,9.193993844161664,12.370108386638908,12.370108386638908,0.9382887469270074,0.951008721918337
490,8.976345383486667,6.320313160283142,6.433454371044888,9.576983381472525,9.576983381472525,0.9435227726730778,0.9629563491797024
491,10.493913247482075,10.575676669552902,8.64403048197526,10.864786421756483,10.864786421756483,0.9164989435055234,0.9205911745190778
492,7.738380670234159,6.6087336147168605,7.334309248088777,10.966696830242213,10.966696830242213,0.9355215295874386,0.9567337755837225
493,8.685069022208026,10.092885544407995,8.51949212278425,12.674370837588828,12.674370837588828,0.9351083459057883,0.9351490245592323
494,8.660078847472661,7.423839330300982,7.7780454768611635,8.662515202191113,8.662515202191113,0.9277882916262977,0.9361159100435077
495,9.687838667104783,6.013606716723827,9.029358701120183,13.657575696382104,13.657575696382104,0.9061297378826477,0.9489050192794677
496,8.085159630909109,7.61188799086108,7.250291198925077,9.312369727374227,9.312369727374227,0.9684215072186322,0.9636316342946243
497,8.347944046155423,9.457958249918992,9.59497270918741,13.067538707935903,13.067538707935903,0.972013370648755,0.9510465873222879
498,9.230621691319651,9.34955256478038,8.531599515928479,12.38856575125126,12.38856575125126,0.9647189322834613,0.945257206174711
499,11.290400249926657,8.421990938267099,8.986267081843982,13.110505991757432,13.110505991757432,0.9284622804723437,0.9408620036652928
