Config,Z,P_ff,I_ff,MaxR_P,MaxR_I
config_01_det1_b15_s5_h4_w50,1,1143.99309910078,724.976931135836,5.2932166690808975,8.980525893695487
config_01_det1_b15_s5_h4_w50,2,226.084029078955,415.578696008349,11.130655664463832,18.26453736063072
config_01_det1_b15_s5_h4_w50,3,95.9537592016972,309.044693901097,16.95711313862343,23.90361679577681
config_01_det1_b15_s5_h4_w50,4,55.3066653883184,243.601640148777,23.4473282185829,26.645712600360298
config_01_det1_b15_s5_h4_w50,5,36.993922117345,199.162959091226,,32.91126175414142
config_01_det1_b15_s5_h4_w50,6,27.0813487792226,167.515272305283,,36.02813842808427
config_01_det1_b15_s5_h4_w50,7,21.0130117246902,144.270449058323,,41.54204423496205
config_02_det1_b15_s5_h4_w500,1,1371.96964499226,1562.09876717853,13.09260287337854,21.435273035678147
config_02_det1_b15_s5_h4_w500,2,259.641330065364,879.048720659531,26.330191517730675,28.80865502571587
config_02_det1_b15_s5_h4_w500,3,105.27554977829,661.976402363107,36.40661558045524,42.38090633545461
config_02_det1_b15_s5_h4_w500,4,59.8243642194367,522.325202955406,48.73028403469138,49.09481620083052
config_02_det1_b15_s5_h4_w500,5,40.4077641479295,425.720697172114,,62.62395366295
config_02_det1_b15_s5_h4_w500,6,30.0937750463872,358.05135977561,,74.5389087931904
config_02_det1_b15_s5_h4_w500,7,23.5282591644182,308.420236242715,,85.72696417390392
config_02_det1_b15_s5_h4_w500,8,19.0428108742971,270.599644012954,,92.62064124898944
config_03_det1_b15_s5_h4_w1500,1,1482.77218730659,2195.12941567296,19.431631802077312,27.859898687465478
config_03_det1_b15_s5_h4_w1500,2,276.168535055985,1274.88781758312,35.268984218595435,42.38090633545461
config_03_det1_b15_s5_h4_w1500,3,110.489999377789,954.913490984421,53.473443052591904,51.144137348087256
config_03_det1_b15_s5_h4_w1500,4,62.265165672113,754.396736282332,63.630674762206965,66.45713524533821
config_03_det1_b15_s5_h4_w1500,5,41.3983921590561,615.089943611065,,84.93312698770555
config_03_det1_b15_s5_h4_w1500,6,30.5947542861908,517.737731419071,,94.20174360539447
config_03_det1_b15_s5_h4_w1500,7,24.0675826659041,446.310779861523,,111.0246515345241
config_03_det1_b15_s5_h4_w1500,8,19.5984247045618,391.790936353185,,130.53100891718924
config_03_det1_b15_s5_h4_w1500,9,14.813237392189,347.069530043393,,149.19825506480822
config_04_det1_b15_s5_h12_w50,1,1143.99309910078,724.976931135836,,9.398873612013963
config_04_det1_b15_s5_h12_w50,2,226.084029078955,415.578696008349,11.335374253968766,22.73550336261164
config_04_det1_b15_s5_h12_w50,3,95.9537592016972,309.044693901097,16.844930076152718,26.950689253196586
config_04_det1_b15_s5_h12_w50,4,55.3066653883184,243.601640148777,,27.784468387361542
config_04_det1_b15_s5_h12_w50,5,36.993922117345,199.162959091226,,32.65436874333722
config_04_det1_b15_s5_h12_w50,6,27.0813487792226,167.515272305283,,44.82799411219252
config_05_det1_b15_s5_h12_w500,1,1371.96964499226,1562.09876717853,14.62341151502106,26.847550002752797
config_05_det1_b15_s5_h12_w500,2,259.641330065364,879.048720659531,26.79333308886744,38.23047155733772
config_05_det1_b15_s5_h12_w500,3,105.27554977829,661.976402363107,36.60113867426107,46.894550222014246
config_05_det1_b15_s5_h12_w500,4,59.8243642194367,522.325202955406,53.01998709414916,63.1101649999481
config_05_det1_b15_s5_h12_w500,5,40.4077641479295,425.720697172114,,77.92775350933866
config_05_det1_b15_s5_h12_w500,6,30.0937750463872,358.05135977561,,93.53179701899685
config_06_det1_b15_s5_h12_w1500,1,1482.77218730659,2195.12941567296,19.172934607631138,37.052872530745674
config_06_det1_b15_s5_h12_w1500,2,276.168535055985,1274.88781758312,36.644466624316586,51.20220815026225
config_06_det1_b15_s5_h12_w1500,3,110.489999377789,954.913490984421,63.48923697903945,64.88507924200418
config_06_det1_b15_s5_h12_w1500,4,62.265165672113,754.396736282332,80.93296310337249,89.07568819510058
config_06_det1_b15_s5_h12_w1500,5,41.3983921590561,615.089943611065,,105.33293275375446
config_06_det1_b15_s5_h12_w1500,6,30.5947542861908,517.737731419071,,127.1445219779254
config_07_det1_b15_s5_h24_w50,1,1143.99309910078,724.976931135836,,9.398873612013963
config_07_det1_b15_s5_h24_w50,2,226.084029078955,415.578696008349,11.335374253968766,22.73550336261164
config_07_det1_b15_s5_h24_w50,3,95.9537592016972,309.044693901097,16.844930076152718,26.961878673947023
config_07_det1_b15_s5_h24_w50,4,55.3066653883184,243.601640148777,,27.784468387361542
config_08_det1_b15_s5_h24_w500,1,1371.96964499226,1562.09876717853,14.62341151502106,26.85358000984941
config_08_det1_b15_s5_h24_w500,2,259.641330065364,879.048720659531,26.79333308886744,38.23047155733772
config_08_det1_b15_s5_h24_w500,3,105.27554977829,661.976402363107,36.60113867426107,38.02779958171848
config_08_det1_b15_s5_h24_w500,4,59.8243642194367,522.325202955406,50.48655231381598,49.920519687704854
config_08_det1_b15_s5_h24_w500,5,40.4077641479295,425.720697172114,52.88717574843288,76.94161128931027
config_08_det1_b15_s5_h24_w500,6,30.0937750463872,358.05135977561,67.36859679357262,105.82634640246891
config_09_det1_b15_s5_h24_w1500,1,1482.77218730659,2195.12941567296,19.172934607631138,37.052872530745674
config_09_det1_b15_s5_h24_w1500,2,276.168535055985,1274.88781758312,36.644466624316586,47.475539396891136
config_09_det1_b15_s5_h24_w1500,3,110.489999377789,954.913490984421,52.87717990038753,65.63549862279231
config_09_det1_b15_s5_h24_w1500,4,62.265165672113,754.396736282332,66.4264314529585,91.29647338568893
config_09_det1_b15_s5_h24_w1500,5,41.3983921590561,615.089943611065,,117.43919227807785
config_09_det1_b15_s5_h24_w1500,6,30.5947542861908,517.737731419071,,138.5690846287747
config_10_det1_b15_s20_h4_w50,1,1143.99309910078,724.976931135836,4.486228928621454,11.372305997636316
config_10_det1_b15_s20_h4_w50,2,226.084029078955,415.578696008349,11.176761248901869,12.120110175245896
config_10_det1_b15_s20_h4_w50,3,95.9537592016972,309.044693901097,12.258921216904586,13.332674971458895
config_10_det1_b15_s20_h4_w50,4,55.3066653883184,243.601640148777,15.19460388321244,15.881238157381777
config_10_det1_b15_s20_h4_w50,5,36.993922117345,199.162959091226,19.026064667195175,32.60030361919094
config_10_det1_b15_s20_h4_w50,6,27.0813487792226,167.515272305283,,34.68671537063909
config_11_det1_b15_s20_h4_w500,1,1371.96964499226,1562.09876717853,11.838801704477158,12.3436417883287
config_11_det1_b15_s20_h4_w500,2,259.641330065364,879.048720659531,16.88182437436579,31.925498085659136
config_11_det1_b15_s20_h4_w500,3,105.27554977829,661.976402363107,33.78643151210302,40.543183328517664
config_11_det1_b15_s20_h4_w500,4,59.8243642194367,522.325202955406,45.09551195207258,45.03235287874335
config_11_det1_b15_s20_h4_w500,5,40.4077641479295,425.720697172114,57.76003197852084,45.876051045993336
config_11_det1_b15_s20_h4_w500,6,30.0937750463872,358.05135977561,,66.03285945659854
config_11_det1_b15_s20_h4_w500,7,23.5282591644182,308.420236242715,,73.57995845409663
config_11_det1_b15_s20_h4_w500,8,19.0428108742971,270.599644012954,,79.88925847630398
config_11_det1_b15_s20_h4_w500,9,15.852309192731,240.900973795346,,98.63942092588007
config_11_det1_b15_s20_h4_w500,10,13.4989773933766,217.007292249313,,99.9763997023107
config_12_det1_b15_s20_h4_w1500,1,1482.77218730659,2195.12941567296,12.93526207406224,30.691657764855908
config_12_det1_b15_s20_h4_w1500,2,276.168535055985,1274.88781758312,32.97109790215787,44.951597228722875
config_12_det1_b15_s20_h4_w1500,3,110.489999377789,954.913490984421,45.24990880991703,45.215856019080675
config_12_det1_b15_s20_h4_w1500,4,62.265165672113,754.396736282332,66.90175790232965,64.97694167447966
config_12_det1_b15_s20_h4_w1500,5,41.3983921590561,615.089943611065,,73.5245674941588
config_12_det1_b15_s20_h4_w1500,6,30.5947542861908,517.737731419071,,81.26948227008613
config_12_det1_b15_s20_h4_w1500,7,24.0675826659041,446.310779861523,,99.9763997023107
config_12_det1_b15_s20_h4_w1500,8,19.5984247045618,391.790936353185,,113.06787936258766
config_12_det1_b15_s20_h4_w1500,9,14.813237392189,347.069530043393,,120.72000155153908
config_12_det1_b15_s20_h4_w1500,10,12.2749345250106,314.281592480616,,141.19117214571267
config_12_det1_b15_s20_h4_w1500,11,10.3785968167878,286.18006793008,,144.61541866821855
config_13_det1_b15_s20_h12_w50,1,1143.99309910078,724.976931135836,3.74849969987994,11.2759164625353
config_13_det1_b15_s20_h12_w50,2,226.084029078955,415.578696008349,11.073265236896598,12.0713077719621
config_13_det1_b15_s20_h12_w50,3,95.9537592016972,309.044693901097,12.258921216904586,13.25910062108634
config_13_det1_b15_s20_h12_w50,4,55.3066653883184,243.601640148777,15.124293641248961,15.721754518943758
config_13_det1_b15_s20_h12_w50,5,36.993922117345,199.162959091226,18.879437309133483,32.97109790215787
config_13_det1_b15_s20_h12_w50,6,27.0813487792226,167.515272305283,,34.68671537063909
config_13_det1_b15_s20_h12_w50,7,21.0130117246902,144.270449058323,,35.46484539862658
config_14_det1_b15_s20_h12_w500,1,1371.96964499226,1562.09876717853,11.838801704477158,12.3436417883287
config_14_det1_b15_s20_h12_w500,2,259.641330065364,879.048720659531,16.88182437436579,32.97109790215787
config_14_det1_b15_s20_h12_w500,3,105.27554977829,661.976402363107,34.23131709011904,39.93356238025207
config_14_det1_b15_s20_h12_w500,4,59.8243642194367,522.325202955406,37.354065456104976,45.64625860059847
config_14_det1_b15_s20_h12_w500,5,40.4077641479295,425.720697172114,47.62137429889673,66.03285945659854
config_14_det1_b15_s20_h12_w500,6,30.0937750463872,358.05135977561,,73.57995845409663
config_14_det1_b15_s20_h12_w500,7,23.5282591644182,308.420236242715,,79.88925847630398
config_15_det1_b15_s20_h12_w1500,1,1482.77218730659,2195.12941567296,12.93526207406224,31.252444854736066
config_15_det1_b15_s20_h12_w1500,2,276.168535055985,1274.88781758312,33.35247926120476,43.651613429130826
config_15_det1_b15_s20_h12_w1500,3,110.489999377789,954.913490984421,41.34543005742211,65.29552701530446
config_15_det1_b15_s20_h12_w1500,4,62.265165672113,754.396736282332,58.37580453033351,73.49708915849936
config_15_det1_b15_s20_h12_w1500,5,41.3983921590561,615.089943611065,81.83755669647181,83.906110121116
config_15_det1_b15_s20_h12_w1500,6,30.5947542861908,517.737731419071,,99.666504308545
config_15_det1_b15_s20_h12_w1500,7,24.0675826659041,446.310779861523,,114.81560840432306
config_15_det1_b15_s20_h12_w1500,8,19.5984247045618,391.790936353185,,118.40021115724153
config_16_det1_b15_s20_h24_w50,1,1143.99309910078,724.976931135836,3.74849969987994,11.2759164625353
config_16_det1_b15_s20_h24_w50,2,226.084029078955,415.578696008349,11.073265236896598,12.0713077719621
config_16_det1_b15_s20_h24_w50,3,95.9537592016972,309.044693901097,12.258921216904586,13.25910062108634
config_16_det1_b15_s20_h24_w50,4,55.3066653883184,243.601640148777,15.124293641248961,15.721754518943758
config_16_det1_b15_s20_h24_w50,5,36.993922117345,199.162959091226,18.879437309133483,32.97109790215787
config_16_det1_b15_s20_h24_w50,6,27.0813487792226,167.515272305283,,34.68671537063909
config_16_det1_b15_s20_h24_w50,7,21.0130117246902,144.270449058323,,35.46484539862658
config_17_det1_b15_s20_h24_w500,1,1371.96964499226,1562.09876717853,11.838801704477158,12.3436417883287
config_17_det1_b15_s20_h24_w500,2,259.641330065364,879.048720659531,16.88182437436579,32.97109790215787
config_17_det1_b15_s20_h24_w500,3,105.27554977829,661.976402363107,34.23131709011904,40.30750787616209
config_17_det1_b15_s20_h24_w500,4,59.8243642194367,522.325202955406,37.354065456104976,46.09507220883782
config_17_det1_b15_s20_h24_w500,5,40.4077641479295,425.720697172114,47.62137429889673,52.36038005141783
config_17_det1_b15_s20_h24_w500,6,30.0937750463872,358.05135977561,,66.03285945659854
config_18_det1_b15_s20_h24_w1500,1,1482.77218730659,2195.12941567296,12.93526207406224,31.252444854736066
config_18_det1_b15_s20_h24_w1500,2,276.168535055985,1274.88781758312,33.35247926120476,44.40158380804429
config_18_det1_b15_s20_h24_w1500,3,110.489999377789,954.913490984421,41.41943170100059,49.17869788770332
config_18_det1_b15_s20_h24_w1500,4,62.265165672113,754.396736282332,58.37580453033351,66.14986990505642
config_18_det1_b15_s20_h24_w1500,5,41.3983921590561,615.089943611065,68.35190020074094,80.69986284269154
config_18_det1_b15_s20_h24_w1500,6,30.5947542861908,517.737731419071,,95.3291221287731
config_19_det1_b30_s5_h4_w50,1,1143.99309910078,724.976931135836,5.2932166690808975,13.32729646097413
config_19_det1_b30_s5_h4_w50,2,226.084029078955,415.578696008349,11.776671826773764,17.629754611304378
config_19_det1_b30_s5_h4_w50,3,95.9537592016972,309.044693901097,20.123483931019877,22.249177897067153
config_19_det1_b30_s5_h4_w50,4,55.3066653883184,243.601640148777,25.08207629900074,27.703242484004143
config_19_det1_b30_s5_h4_w50,5,36.993922117345,199.162959091226,,33.13696378361843
config_19_det1_b30_s5_h4_w50,6,27.0813487792226,167.515272305283,,36.26255132910487
config_20_det1_b30_s5_h4_w500,1,1371.96964499226,1562.09876717853,13.276906642738737,20.490147724619973
config_20_det1_b30_s5_h4_w500,2,259.641330065364,879.048720659531,26.38260664734866,32.502020065911175
config_20_det1_b30_s5_h4_w500,3,105.27554977829,661.976402363107,38.49459716465712,38.73261262578603
config_20_det1_b30_s5_h4_w500,4,59.8243642194367,522.325202955406,47.603717619430356,52.36556704877139
config_20_det1_b30_s5_h4_w500,5,40.4077641479295,425.720697172114,,60.80069824603018
config_20_det1_b30_s5_h4_w500,6,30.0937750463872,358.05135977561,,72.7656609235847
config_20_det1_b30_s5_h4_w500,7,23.5282591644182,308.420236242715,,83.53168039612319
config_20_det1_b30_s5_h4_w500,8,19.0428108742971,270.599644012954,,87.85319824884559
config_21_det1_b30_s5_h4_w1500,1,1482.77218730659,2195.12941567296,20.58658601565109,29.193213490547667
config_21_det1_b30_s5_h4_w1500,2,276.168535055985,1274.88781758312,35.464780655752385,39.49369883538489
config_21_det1_b30_s5_h4_w1500,3,110.489999377789,954.913490984421,54.081492691084335,53.83809827964668
config_21_det1_b30_s5_h4_w1500,4,62.265165672113,754.396736282332,61.685794223500054,72.64467362810868
config_21_det1_b30_s5_h4_w1500,5,41.3983921590561,615.089943611065,,82.68356710729233
config_21_det1_b30_s5_h4_w1500,6,30.5947542861908,517.737731419071,,99.11506321655611
config_21_det1_b30_s5_h4_w1500,7,24.0675826659041,446.310779861523,,113.54448865992667
config_21_det1_b30_s5_h4_w1500,8,19.5984247045618,391.790936353185,,142.32664345803346
config_21_det1_b30_s5_h4_w1500,9,14.813237392189,347.069530043393,,146.90430469740676
config_22_det1_b30_s5_h12_w50,1,1143.99309910078,724.976931135836,,14.32582456293501
config_22_det1_b30_s5_h12_w50,2,226.084029078955,415.578696008349,11.98771031883108,20.43949582543005
config_22_det1_b30_s5_h12_w50,3,95.9537592016972,309.044693901097,20.33116944852132,37.70401125774121
config_22_det1_b30_s5_h12_w50,4,55.3066653883184,243.601640148777,24.883601349199303,39.645937182125415
config_22_det1_b30_s5_h12_w50,5,36.993922117345,199.162959091226,,39.643975360983084
config_22_det1_b30_s5_h12_w50,6,27.0813487792226,167.515272305283,,39.7956551600275
config_23_det1_b30_s5_h12_w500,1,1371.96964499226,1562.09876717853,13.505149304469624,41.0474717980849
config_23_det1_b30_s5_h12_w500,2,259.641330065364,879.048720659531,28.06936233388433,39.57923209563135
config_23_det1_b30_s5_h12_w500,3,105.27554977829,661.976402363107,37.63166902903722,60.318125274298446
config_23_det1_b30_s5_h12_w500,4,59.8243642194367,522.325202955406,61.13513375827127,67.07545712237194
config_23_det1_b30_s5_h12_w500,5,40.4077641479295,425.720697172114,,86.53258102070936
config_23_det1_b30_s5_h12_w500,6,30.0937750463872,358.05135977561,,91.41370559021527
config_24_det1_b30_s5_h12_w1500,1,1482.77218730659,2195.12941567296,21.860563919067108,49.39610582304553
config_24_det1_b30_s5_h12_w1500,2,276.168535055985,1274.88781758312,44.9449698166707,61.63963690133514
config_24_det1_b30_s5_h12_w1500,3,110.489999377789,954.913490984421,62.92960391956146,72.4822052574673
config_24_det1_b30_s5_h12_w1500,4,62.265165672113,754.396736282332,86.0266570306348,87.51980647626618
config_24_det1_b30_s5_h12_w1500,5,41.3983921590561,615.089943611065,,110.5967925138543
config_24_det1_b30_s5_h12_w1500,6,30.5947542861908,517.737731419071,,132.24677907724268
config_25_det1_b30_s5_h24_w50,2,226.084029078955,415.578696008349,,20.123483931019877
config_25_det1_b30_s5_h24_w50,3,95.9537592016972,309.044693901097,20.34079069278783,35.99668947670641
config_25_det1_b30_s5_h24_w50,4,55.3066653883184,243.601640148777,25.676977632789356,37.7866354697896
config_25_det1_b30_s5_h24_w50,5,36.993922117345,199.162959091226,,39.12883568587757
config_25_det1_b30_s5_h24_w50,6,27.0813487792226,167.515272305283,,39.37068145960481
config_26_det1_b30_s5_h24_w500,1,1371.96964499226,1562.09876717853,14.722390826472559,45.844941238074775
config_26_det1_b30_s5_h24_w500,2,259.641330065364,879.048720659531,27.617719203226372,44.540260254840355
config_26_det1_b30_s5_h24_w500,3,105.27554977829,661.976402363107,43.08859455702704,55.746299338716334
config_26_det1_b30_s5_h24_w500,4,59.8243642194367,522.325202955406,55.49055060391369,82.88127796761546
config_26_det1_b30_s5_h24_w500,5,40.4077641479295,425.720697172114,56.59122003522633,102.17674467182944
config_27_det1_b30_s5_h24_w1500,1,1482.77218730659,2195.12941567296,21.950011432568267,49.68713263618433
config_27_det1_b30_s5_h24_w1500,2,276.168535055985,1274.88781758312,39.94258732948978,55.34532233569121
config_27_det1_b30_s5_h24_w1500,3,110.489999377789,954.913490984421,55.927166838197984,89.75121876286596
config_27_det1_b30_s5_h24_w1500,4,62.265165672113,754.396736282332,90.02005921472029,108.12521880755918
config_27_det1_b30_s5_h24_w1500,5,41.3983921590561,615.089943611065,,133.1534266065924
config_27_det1_b30_s5_h24_w1500,6,30.5947542861908,517.737731419071,,146.98366717512832
config_28_det1_b30_s20_h4_w50,1,1143.99309910078,724.976931135836,3.74849969987994,11.07976929417688
config_28_det1_b30_s20_h4_w50,2,226.084029078955,415.578696008349,11.073265236896598,14.879255763935905
config_28_det1_b30_s20_h4_w50,3,95.9537592016972,309.044693901097,16.188957616214655,17.24966991532135
config_28_det1_b30_s20_h4_w50,4,55.3066653883184,243.601640148777,18.20242525292144,18.77607325558823
config_28_det1_b30_s20_h4_w50,5,36.993922117345,199.162959091226,20.33693805394622,21.56479803050275
config_28_det1_b30_s20_h4_w50,6,27.0813487792226,167.515272305283,24.15252396022343,24.786106763429366
config_28_det1_b30_s20_h4_w50,7,21.0130117246902,144.270449058323,,38.77733721314678
config_28_det1_b30_s20_h4_w50,8,16.9791838231912,126.567457936793,,42.04141545363092
config_29_det1_b30_s20_h4_w500,1,1371.96964499226,1562.09876717853,12.80292583598839,16.65336687586164
config_29_det1_b30_s20_h4_w500,2,259.641330065364,879.048720659531,19.44443892779551,24.891388090654857
config_29_det1_b30_s20_h4_w500,3,105.27554977829,661.976402363107,31.983136769630313,37.34448793340276
config_29_det1_b30_s20_h4_w500,4,59.8243642194367,522.325202955406,48.42900552280322,42.660043188016296
config_29_det1_b30_s20_h4_w500,5,40.4077641479295,425.720697172114,51.10284103919357,50.45542687739145
config_29_det1_b30_s20_h4_w500,6,30.0937750463872,358.05135977561,,58.86681956220802
config_29_det1_b30_s20_h4_w500,7,23.5282591644182,308.420236242715,,64.44059582412169
config_29_det1_b30_s20_h4_w500,8,19.0428108742971,270.599644012954,,89.34834247988269
config_29_det1_b30_s20_h4_w500,9,15.852309192731,240.900973795346,,90.91182861228775
config_29_det1_b30_s20_h4_w500,10,13.4989773933766,217.007292249313,,91.98528923426747
config_30_det1_b30_s20_h4_w1500,1,1482.77218730659,2195.12941567296,16.188957616214655,18.38004885880723
config_30_det1_b30_s20_h4_w1500,2,276.168535055985,1274.88781758312,27.32722320326907,37.848051952600755
config_30_det1_b30_s20_h4_w1500,3,110.489999377789,954.913490984421,49.2700106487422,46.4959819501194
config_30_det1_b30_s20_h4_w1500,4,62.265165672113,754.396736282332,55.98608039209477,56.7300336997462
config_30_det1_b30_s20_h4_w1500,5,41.3983921590561,615.089943611065,,64.36584057312672
config_30_det1_b30_s20_h4_w1500,6,30.5947542861908,517.737731419071,,90.26321851814717
config_30_det1_b30_s20_h4_w1500,7,24.0675826659041,446.310779861523,,92.65040319281181
config_30_det1_b30_s20_h4_w1500,8,19.5984247045618,391.790936353185,,110.64593712487428
config_30_det1_b30_s20_h4_w1500,9,14.813237392189,347.069530043393,,122.76099858930223
config_30_det1_b30_s20_h4_w1500,10,12.2749345250106,314.281592480616,,137.73637174727122
config_30_det1_b30_s20_h4_w1500,11,10.3785968167878,286.18006793008,,158.52741562542158
config_30_det1_b30_s20_h4_w1500,12,9.08425019280687,262.551262568411,,159.7744492009047
config_31_det1_b30_s20_h12_w50,1,1143.99309910078,724.976931135836,3.74849969987994,11.379522908280281
config_31_det1_b30_s20_h12_w50,2,226.084029078955,415.578696008349,11.073265236896598,16.20667802828817
config_31_det1_b30_s20_h12_w50,3,95.9537592016972,309.044693901097,16.188957616214655,17.58745805541689
config_31_det1_b30_s20_h12_w50,4,55.3066653883184,243.601640148777,18.20242525292144,19.5923625015587
config_31_det1_b30_s20_h12_w50,5,36.993922117345,199.162959091226,20.49312156912166,23.015339024304033
config_31_det1_b30_s20_h12_w50,6,27.0813487792226,167.515272305283,24.30855229215038,37.848051952600755
config_31_det1_b30_s20_h12_w50,7,21.0130117246902,144.270449058323,,39.84904480491428
config_32_det1_b30_s20_h12_w500,1,1371.96964499226,1562.09876717853,12.80292583598839,17.110837217603688
config_32_det1_b30_s20_h12_w500,2,259.641330065364,879.048720659531,19.44443892779551,28.508545628244207
config_32_det1_b30_s20_h12_w500,3,105.27554977829,661.976402363107,36.85853807874351,43.10965040202095
config_32_det1_b30_s20_h12_w500,4,59.8243642194367,522.325202955406,41.06357668835565,59.45909944728768
config_32_det1_b30_s20_h12_w500,5,40.4077641479295,425.720697172114,49.97082805282551,65.05461877228927
config_33_det1_b30_s20_h12_w1500,1,1482.77218730659,2195.12941567296,16.188957616214655,21.882344061684293
config_33_det1_b30_s20_h12_w1500,2,276.168535055985,1274.88781758312,32.180998746518554,49.56475864723754
config_33_det1_b30_s20_h12_w1500,3,110.489999377789,954.913490984421,44.482903570068906,64.06061628810471
config_33_det1_b30_s20_h12_w1500,4,62.265165672113,754.396736282332,62.56057721884003,87.96420412825829
config_33_det1_b30_s20_h12_w1500,5,41.3983921590561,615.089943611065,,92.67224515158584
config_33_det1_b30_s20_h12_w1500,6,30.5947542861908,517.737731419071,,110.14362417838123
config_33_det1_b30_s20_h12_w1500,7,24.0675826659041,446.310779861523,,121.84908611659858
config_34_det1_b30_s20_h24_w50,1,1143.99309910078,724.976931135836,3.74849969987994,11.379522908280281
config_34_det1_b30_s20_h24_w50,2,226.084029078955,415.578696008349,11.073265236896598,16.20667802828817
config_34_det1_b30_s20_h24_w50,3,95.9537592016972,309.044693901097,16.188957616214655,17.58745805541689
config_34_det1_b30_s20_h24_w50,4,55.3066653883184,243.601640148777,18.20242525292144,19.5923625015587
config_34_det1_b30_s20_h24_w50,5,36.993922117345,199.162959091226,20.49312156912166,23.015339024304033
config_34_det1_b30_s20_h24_w50,6,27.0813487792226,167.515272305283,24.30855229215038,37.848051952600755
config_34_det1_b30_s20_h24_w50,7,21.0130117246902,144.270449058323,,40.253958661697425
config_35_det1_b30_s20_h24_w500,1,1371.96964499226,1562.09876717853,12.80292583598839,17.110837217603688
config_35_det1_b30_s20_h24_w500,2,259.641330065364,879.048720659531,19.44443892779551,29.32778113532228
config_35_det1_b30_s20_h24_w500,3,105.27554977829,661.976402363107,36.85853807874351,46.23467068252535
config_35_det1_b30_s20_h24_w500,4,59.8243642194367,522.325202955406,41.06357668835565,62.807860781833796
config_35_det1_b30_s20_h24_w500,5,40.4077641479295,425.720697172114,49.97082805282551,67.67286535920097
config_36_det1_b30_s20_h24_w1500,1,1482.77218730659,2195.12941567296,16.188957616214655,21.882344061684293
config_36_det1_b30_s20_h24_w1500,2,276.168535055985,1274.88781758312,32.180998746518554,57.67680426009741
config_36_det1_b30_s20_h24_w1500,3,110.489999377789,954.913490984421,44.482903570068906,66.54605378605154
config_36_det1_b30_s20_h24_w1500,4,62.265165672113,754.396736282332,62.56057721884003,74.00119216560537
config_36_det1_b30_s20_h24_w1500,5,41.3983921590561,615.089943611065,,91.58289275356498
config_36_det1_b30_s20_h24_w1500,6,30.5947542861908,517.737731419071,,110.84150285411673
config_37_det2_b15_s5_h4_w50,1,1143.99309910078,724.976931135836,5.131885618366801,6.735818435795311
config_37_det2_b15_s5_h4_w50,2,226.084029078955,415.578696008349,10.731553941531487,17.787811838447134
config_37_det2_b15_s5_h4_w50,3,95.9537592016972,309.044693901097,17.426165671196863,19.57686765108033
config_37_det2_b15_s5_h4_w50,4,55.3066653883184,243.601640148777,22.80123351926382,27.49671521418641
config_37_det2_b15_s5_h4_w50,5,36.993922117345,199.162959091226,28.431826288261316,33.89220043018747
config_37_det2_b15_s5_h4_w50,6,27.0813487792226,167.515272305283,,39.73174108946145
config_37_det2_b15_s5_h4_w50,7,21.0130117246902,144.270449058323,,41.815442721559215
config_38_det2_b15_s5_h4_w500,1,1371.96964499226,1562.09876717853,12.22523005918498,22.614956334249246
config_38_det2_b15_s5_h4_w500,2,259.641330065364,879.048720659531,28.08048906028074,32.57332113862509
config_38_det2_b15_s5_h4_w500,3,105.27554977829,661.976402363107,40.583386379157666,41.57260215574676
config_38_det2_b15_s5_h4_w500,4,59.8243642194367,522.325202955406,53.59297238544974,55.35193086063032
config_38_det2_b15_s5_h4_w500,5,40.4077641479295,425.720697172114,,67.72836370384272
config_38_det2_b15_s5_h4_w500,6,30.0937750463872,358.05135977561,,80.6577754754208
config_38_det2_b15_s5_h4_w500,7,23.5282591644182,308.420236242715,,92.47138070776276
config_39_det2_b15_s5_h4_w1500,1,1482.77218730659,2195.12941567296,22.724133646852195,26.20482901666107
config_39_det2_b15_s5_h4_w1500,2,276.168535055985,1274.88781758312,34.44337744763135,41.71524002088445
config_39_det2_b15_s5_h4_w1500,3,110.489999377789,954.913490984421,55.916413540472405,56.1192210838664
config_39_det2_b15_s5_h4_w1500,4,62.265165672113,754.396736282332,78.22166364483807,72.44433207642955
config_39_det2_b15_s5_h4_w1500,5,41.3983921590561,615.089943611065,,84.5612176299133
config_39_det2_b15_s5_h4_w1500,6,30.5947542861908,517.737731419071,,107.54572147153664
config_39_det2_b15_s5_h4_w1500,7,24.0675826659041,446.310779861523,,120.1902086278246
config_39_det2_b15_s5_h4_w1500,8,19.5984247045618,391.790936353185,,136.900614218315
config_39_det2_b15_s5_h4_w1500,9,14.813237392189,347.069530043393,,153.03635189065375
config_40_det2_b15_s5_h12_w50,1,1143.99309910078,724.976931135836,5.131885618366801,6.735818435795311
config_40_det2_b15_s5_h12_w50,2,226.084029078955,415.578696008349,10.731553941531487,18.22885761642786
config_40_det2_b15_s5_h12_w50,3,95.9537592016972,309.044693901097,17.426165671196863,22.655711200489822
config_40_det2_b15_s5_h12_w50,4,55.3066653883184,243.601640148777,,29.13033212992945
config_40_det2_b15_s5_h12_w50,5,36.993922117345,199.162959091226,,42.49669709804651
config_41_det2_b15_s5_h12_w500,1,1371.96964499226,1562.09876717853,12.22523005918498,22.655711200489822
config_41_det2_b15_s5_h12_w500,2,259.641330065364,879.048720659531,25.643639562277425,36.85866587384844
config_41_det2_b15_s5_h12_w500,3,105.27554977829,661.976402363107,42.503367114757836,55.72217870383484
config_41_det2_b15_s5_h12_w500,4,59.8243642194367,522.325202955406,69.9837213214616,71.7703368391148
config_41_det2_b15_s5_h12_w500,5,40.4077641479295,425.720697172114,,84.5612176299133
config_42_det2_b15_s5_h12_w1500,1,1482.77218730659,2195.12941567296,22.80123351926382,36.40908197139829
config_42_det2_b15_s5_h12_w1500,2,276.168535055985,1274.88781758312,42.4975440466858,55.39631844466682
config_42_det2_b15_s5_h12_w1500,3,110.489999377789,954.913490984421,77.74219690144656,75.53545344624243
config_42_det2_b15_s5_h12_w1500,4,62.265165672113,754.396736282332,90.5235397562424,97.75334393257347
config_42_det2_b15_s5_h12_w1500,5,41.3983921590561,615.089943611065,98.8337809152316,120.61366527056542
config_42_det2_b15_s5_h12_w1500,6,30.5947542861908,517.737731419071,,139.57688304738528
config_42_det2_b15_s5_h12_w1500,7,24.0675826659041,446.310779861523,,157.08477010837174
config_43_det2_b15_s5_h24_w50,1,1143.99309910078,724.976931135836,5.131885618366801,6.735818435795311
config_43_det2_b15_s5_h24_w50,2,226.084029078955,415.578696008349,10.731553941531487,18.22885761642786
config_43_det2_b15_s5_h24_w50,3,95.9537592016972,309.044693901097,17.426165671196863,22.655711200489822
config_43_det2_b15_s5_h24_w50,4,55.3066653883184,243.601640148777,,29.13033212992945
config_43_det2_b15_s5_h24_w50,5,36.993922117345,199.162959091226,,36.242464734065756
config_43_det2_b15_s5_h24_w50,6,27.0813487792226,167.515272305283,,37.4419049996124
config_44_det2_b15_s5_h24_w500,1,1371.96964499226,1562.09876717853,12.22523005918498,22.655711200489822
config_44_det2_b15_s5_h24_w500,2,259.641330065364,879.048720659531,25.643639562277425,36.85866587384844
config_44_det2_b15_s5_h24_w500,3,105.27554977829,661.976402363107,38.801175884243506,41.50814679072049
config_44_det2_b15_s5_h24_w500,4,59.8243642194367,522.325202955406,48.35288470102965,54.28145401516065
config_44_det2_b15_s5_h24_w500,5,40.4077641479295,425.720697172114,57.769528447272634,95.11969433298238
config_44_det2_b15_s5_h24_w500,6,30.0937750463872,358.05135977561,,121.78471271058613
config_45_det2_b15_s5_h24_w1500,1,1482.77218730659,2195.12941567296,22.724133646852195,36.40908197139829
config_45_det2_b15_s5_h24_w1500,2,276.168535055985,1274.88781758312,42.4975440466858,54.69356680634387
config_45_det2_b15_s5_h24_w1500,3,110.489999377789,954.913490984421,53.33530420693914,60.69061912684694
config_45_det2_b15_s5_h24_w1500,4,62.265165672113,754.396736282332,72.86795890015932,110.1999379964291
config_45_det2_b15_s5_h24_w1500,5,41.3983921590561,615.089943611065,,126.95520863674716
config_45_det2_b15_s5_h24_w1500,6,30.5947542861908,517.737731419071,,153.42139681283052
config_46_det2_b15_s20_h4_w50,1,1143.99309910078,724.976931135836,4.486228928621454,1.0182265312012087
config_46_det2_b15_s20_h4_w50,2,226.084029078955,415.578696008349,8.446078971925374,7.077870442442416
config_46_det2_b15_s20_h4_w50,3,95.9537592016972,309.044693901097,16.725168160589597,19.602710271796603
config_46_det2_b15_s20_h4_w50,4,55.3066653883184,243.601640148777,,23.950495819502358
config_46_det2_b15_s20_h4_w50,5,36.993922117345,199.162959091226,,26.24892854956179
config_46_det2_b15_s20_h4_w50,6,27.0813487792226,167.515272305283,,28.865745270129437
config_46_det2_b15_s20_h4_w50,7,21.0130117246902,144.270449058323,,34.28886481060579
config_46_det2_b15_s20_h4_w50,8,16.9791838231912,126.567457936793,,48.944726477936314
config_47_det2_b15_s20_h4_w500,1,1371.96964499226,1562.09876717853,9.038044589400961,16.725168160589597
config_47_det2_b15_s20_h4_w500,2,259.641330065364,879.048720659531,21.63980706938026,25.395004430005518
config_47_det2_b15_s20_h4_w500,3,105.27554977829,661.976402363107,30.469759598657813,32.78949908126076
config_47_det2_b15_s20_h4_w500,4,59.8243642194367,522.325202955406,37.68867535480651,48.944726477936314
config_47_det2_b15_s20_h4_w500,5,40.4077641479295,425.720697172114,,50.14410483795677
config_47_det2_b15_s20_h4_w500,6,30.0937750463872,358.05135977561,,59.305462403596025
config_47_det2_b15_s20_h4_w500,7,23.5282591644182,308.420236242715,,82.13270511799792
config_47_det2_b15_s20_h4_w500,8,19.0428108742971,270.599644012954,,82.88263539487629
config_47_det2_b15_s20_h4_w500,9,15.852309192731,240.900973795346,,83.68850727549153
config_47_det2_b15_s20_h4_w500,10,13.4989773933766,217.007292249313,,99.26628959520951
config_48_det2_b15_s20_h4_w1500,1,1482.77218730659,2195.12941567296,16.725168160589597,21.570031293440444
config_48_det2_b15_s20_h4_w1500,2,276.168535055985,1274.88781758312,28.692965165698716,33.39395529133978
config_48_det2_b15_s20_h4_w1500,3,110.489999377789,954.913490984421,46.59824299262795,49.750841701422495
config_48_det2_b15_s20_h4_w1500,4,62.265165672113,754.396736282332,73.70031377138092,51.7030725968182
config_48_det2_b15_s20_h4_w1500,5,41.3983921590561,615.089943611065,,70.5329444302448
config_48_det2_b15_s20_h4_w1500,6,30.5947542861908,517.737731419071,,82.88263539487629
config_48_det2_b15_s20_h4_w1500,7,24.0675826659041,446.310779861523,,96.78342445894339
config_48_det2_b15_s20_h4_w1500,8,19.5984247045618,391.790936353185,,101.30042395354023
config_48_det2_b15_s20_h4_w1500,9,14.813237392189,347.069530043393,,126.0857842899032
config_48_det2_b15_s20_h4_w1500,10,12.2749345250106,314.281592480616,,129.92930770230402
config_48_det2_b15_s20_h4_w1500,11,10.3785968167878,286.18006793008,,146.00385187560937
config_48_det2_b15_s20_h4_w1500,12,9.08425019280687,262.551262568411,,160.05563066177453
config_49_det2_b15_s20_h12_w50,1,1143.99309910078,724.976931135836,4.486228928621454,1.0182265312012087
config_49_det2_b15_s20_h12_w50,2,226.084029078955,415.578696008349,8.446078971925374,7.077870442442416
config_49_det2_b15_s20_h12_w50,3,95.9537592016972,309.044693901097,16.725168160589597,20.166215559692898
config_49_det2_b15_s20_h12_w50,4,55.3066653883184,243.601640148777,,25.362201205731335
config_49_det2_b15_s20_h12_w50,5,36.993922117345,199.162959091226,,27.097532175458337
config_49_det2_b15_s20_h12_w50,6,27.0813487792226,167.515272305283,,32.93943305523032
config_49_det2_b15_s20_h12_w50,7,21.0130117246902,144.270449058323,,37.4419049996124
config_50_det2_b15_s20_h12_w500,1,1371.96964499226,1562.09876717853,9.038044589400961,17.08848296368054
config_50_det2_b15_s20_h12_w500,2,259.641330065364,879.048720659531,21.63980706938026,29.486543541079886
config_50_det2_b15_s20_h12_w500,3,105.27554977829,661.976402363107,30.82947047874809,36.39239274903479
config_50_det2_b15_s20_h12_w500,4,59.8243642194367,522.325202955406,46.59824299262795,47.33932033732634
config_50_det2_b15_s20_h12_w500,5,40.4077641479295,425.720697172114,51.52549126403357,57.700790722484896
config_50_det2_b15_s20_h12_w500,6,30.0937750463872,358.05135977561,,70.72822102951551
config_50_det2_b15_s20_h12_w500,7,23.5282591644182,308.420236242715,,82.49488620514607
config_51_det2_b15_s20_h12_w1500,1,1482.77218730659,2195.12941567296,16.725168160589597,23.045634076761697
config_51_det2_b15_s20_h12_w1500,2,276.168535055985,1274.88781758312,28.976995185836643,37.72686377105842
config_51_det2_b15_s20_h12_w1500,3,110.489999377789,954.913490984421,47.630728001994676,54.042171033369854
config_51_det2_b15_s20_h12_w1500,4,62.265165672113,754.396736282332,70.5329444302448,67.56038965251754
config_51_det2_b15_s20_h12_w1500,5,41.3983921590561,615.089943611065,,82.13270511799792
config_51_det2_b15_s20_h12_w1500,6,30.5947542861908,517.737731419071,,100.60768484564188
config_51_det2_b15_s20_h12_w1500,7,24.0675826659041,446.310779861523,,117.0012019169034
config_51_det2_b15_s20_h12_w1500,8,19.5984247045618,391.790936353185,,126.0857842899032
config_51_det2_b15_s20_h12_w1500,9,14.813237392189,347.069530043393,,148.1084836292187
config_52_det2_b15_s20_h24_w50,1,1143.99309910078,724.976931135836,4.486228928621454,1.0182265312012087
config_52_det2_b15_s20_h24_w50,2,226.084029078955,415.578696008349,8.446078971925374,7.077870442442416
config_52_det2_b15_s20_h24_w50,3,95.9537592016972,309.044693901097,16.725168160589597,20.166215559692898
config_52_det2_b15_s20_h24_w50,4,55.3066653883184,243.601640148777,,25.362201205731335
config_52_det2_b15_s20_h24_w50,5,36.993922117345,199.162959091226,,27.097532175458337
config_52_det2_b15_s20_h24_w50,6,27.0813487792226,167.515272305283,,32.93943305523032
config_52_det2_b15_s20_h24_w50,7,21.0130117246902,144.270449058323,,37.4419049996124
config_53_det2_b15_s20_h24_w500,1,1371.96964499226,1562.09876717853,9.038044589400961,17.08848296368054
config_53_det2_b15_s20_h24_w500,2,259.641330065364,879.048720659531,21.63980706938026,29.486543541079886
config_53_det2_b15_s20_h24_w500,3,105.27554977829,661.976402363107,30.82947047874809,36.39239274903479
config_53_det2_b15_s20_h24_w500,4,59.8243642194367,522.325202955406,46.59824299262795,47.33932033732634
config_53_det2_b15_s20_h24_w500,5,40.4077641479295,425.720697172114,51.09487498761494,58.746116892948756
config_53_det2_b15_s20_h24_w500,6,30.0937750463872,358.05135977561,,65.47710477716619
config_53_det2_b15_s20_h24_w500,7,23.5282591644182,308.420236242715,,69.22699076227421
config_54_det2_b15_s20_h24_w1500,1,1482.77218730659,2195.12941567296,16.725168160589597,23.045634076761697
config_54_det2_b15_s20_h24_w1500,2,276.168535055985,1274.88781758312,28.976995185836643,46.367351121236155
config_54_det2_b15_s20_h24_w1500,3,110.489999377789,954.913490984421,47.630728001994676,54.81561137121432
config_54_det2_b15_s20_h24_w1500,4,62.265165672113,754.396736282332,65.25267235906894,64.60291208606621
config_54_det2_b15_s20_h24_w1500,5,41.3983921590561,615.089943611065,80.76027024471871,73.43239237557223
config_54_det2_b15_s20_h24_w1500,6,30.5947542861908,517.737731419071,,97.18223217234723
config_54_det2_b15_s20_h24_w1500,7,24.0675826659041,446.310779861523,,115.96819068175549
config_55_det2_b30_s5_h4_w50,1,1143.99309910078,724.976931135836,5.131885618366801,6.735818435795311
config_55_det2_b30_s5_h4_w50,2,226.084029078955,415.578696008349,10.731553941531487,19.42861935393249
config_55_det2_b30_s5_h4_w50,3,95.9537592016972,309.044693901097,17.426165671196863,24.596569882810893
config_55_det2_b30_s5_h4_w50,4,55.3066653883184,243.601640148777,,28.89690727396273
config_55_det2_b30_s5_h4_w50,5,36.993922117345,199.162959091226,,31.744940541761924
config_55_det2_b30_s5_h4_w50,6,27.0813487792226,167.515272305283,,32.78949908126076
config_55_det2_b30_s5_h4_w50,7,21.0130117246902,144.270449058323,,42.78932401896529
config_56_det2_b30_s5_h4_w500,1,1371.96964499226,1562.09876717853,12.22523005918498,21.620042784416498
config_56_det2_b30_s5_h4_w500,2,259.641330065364,879.048720659531,26.971026120635457,31.75698742009386
config_56_det2_b30_s5_h4_w500,3,105.27554977829,661.976402363107,40.46011925340804,46.66155176388094
config_56_det2_b30_s5_h4_w500,4,59.8243642194367,522.325202955406,48.58473357085411,57.55437646261142
config_56_det2_b30_s5_h4_w500,5,40.4077641479295,425.720697172114,,65.91958168859993
config_56_det2_b30_s5_h4_w500,6,30.0937750463872,358.05135977561,,72.03163367576775
config_57_det2_b30_s5_h4_w1500,1,1482.77218730659,2195.12941567296,19.053247754648023,28.980877315912988
config_57_det2_b30_s5_h4_w1500,2,276.168535055985,1274.88781758312,37.651643390428525,47.348995919803315
config_57_det2_b30_s5_h4_w1500,3,110.489999377789,954.913490984421,60.09976081483187,61.399399427030225
config_57_det2_b30_s5_h4_w1500,4,62.265165672113,754.396736282332,73.72961582702028,70.5657937672354
config_57_det2_b30_s5_h4_w1500,5,41.3983921590561,615.089943611065,,93.7724973006478
config_57_det2_b30_s5_h4_w1500,6,30.5947542861908,517.737731419071,,105.03883210508388
config_57_det2_b30_s5_h4_w1500,7,24.0675826659041,446.310779861523,,116.11884536973317
config_57_det2_b30_s5_h4_w1500,8,19.5984247045618,391.790936353185,,124.9004603674462
config_58_det2_b30_s5_h12_w50,1,1143.99309910078,724.976931135836,5.131885618366801,6.735818435795311
config_58_det2_b30_s5_h12_w50,2,226.084029078955,415.578696008349,10.731553941531487,29.94613915014755
config_58_det2_b30_s5_h12_w50,3,95.9537592016972,309.044693901097,17.426165671196863,32.34457064176304
config_58_det2_b30_s5_h12_w50,4,55.3066653883184,243.601640148777,25.588302991796855,33.82874134581198
config_58_det2_b30_s5_h12_w50,5,36.993922117345,199.162959091226,,49.249544748965945
config_59_det2_b30_s5_h12_w500,1,1371.96964499226,1562.09876717853,12.22523005918498,31.60713922518139
config_59_det2_b30_s5_h12_w500,2,259.641330065364,879.048720659531,27.570024483122967,48.391799408577484
config_59_det2_b30_s5_h12_w500,3,105.27554977829,661.976402363107,41.46648544492994,60.97726010571482
config_59_det2_b30_s5_h12_w500,4,59.8243642194367,522.325202955406,71.11558373521235,74.16472375732279
config_60_det2_b30_s5_h12_w1500,1,1482.77218730659,2195.12941567296,19.053247754648023,42.07506684486668
config_60_det2_b30_s5_h12_w1500,2,276.168535055985,1274.88781758312,40.5006944384908,65.32710961002331
config_60_det2_b30_s5_h12_w1500,3,110.489999377789,954.913490984421,65.77504275939316,75.65957474107292
config_60_det2_b30_s5_h12_w1500,4,62.265165672113,754.396736282332,83.7519328135178,100.65357821377367
config_60_det2_b30_s5_h12_w1500,5,41.3983921590561,615.089943611065,,123.42261239335359
config_60_det2_b30_s5_h12_w1500,6,30.5947542861908,517.737731419071,,145.5570797893131
config_61_det2_b30_s5_h24_w50,1,1143.99309910078,724.976931135836,5.131885618366801,6.735818435795311
config_61_det2_b30_s5_h24_w50,2,226.084029078955,415.578696008349,10.731553941531487,29.94613915014755
config_61_det2_b30_s5_h24_w50,3,95.9537592016972,309.044693901097,17.426165671196863,32.34457064176304
config_61_det2_b30_s5_h24_w50,4,55.3066653883184,243.601640148777,,33.68911174252001
config_61_det2_b30_s5_h24_w50,5,36.993922117345,199.162959091226,,40.94986263713225
config_62_det2_b30_s5_h24_w500,1,1371.96964499226,1562.09876717853,12.22523005918498,31.60713922518139
config_62_det2_b30_s5_h24_w500,2,259.641330065364,879.048720659531,27.570024483122967,60.395539984339905
config_62_det2_b30_s5_h24_w500,3,105.27554977829,661.976402363107,40.5006944384908,65.47710477716619
config_62_det2_b30_s5_h24_w500,4,59.8243642194367,522.325202955406,55.62361234224185,74.46794103207466
config_62_det2_b30_s5_h24_w500,5,40.4077641479295,425.720697172114,68.05083577738041,115.92414006582062
config_63_det2_b30_s5_h24_w1500,1,1482.77218730659,2195.12941567296,19.053247754648023,54.581143721985164
config_63_det2_b30_s5_h24_w1500,2,276.168535055985,1274.88781758312,40.5006944384908,66.4211280392015
config_63_det2_b30_s5_h24_w1500,3,110.489999377789,954.913490984421,65.04407159764831,93.12920532990813
config_63_det2_b30_s5_h24_w1500,4,62.265165672113,754.396736282332,112.64255967439661,120.14208775445847
config_63_det2_b30_s5_h24_w1500,5,41.3983921590561,615.089943611065,,146.64310709902614
config_63_det2_b30_s5_h24_w1500,6,30.5947542861908,517.737731419071,,164.8942843157397
config_64_det2_b30_s20_h4_w50,1,1143.99309910078,724.976931135836,4.486228928621454,1.0182265312012087
config_64_det2_b30_s20_h4_w50,2,226.084029078955,415.578696008349,8.446078971925374,7.077870442442416
config_64_det2_b30_s20_h4_w50,3,95.9537592016972,309.044693901097,16.725168160589597,19.602710271796603
config_64_det2_b30_s20_h4_w50,4,55.3066653883184,243.601640148777,,23.950495819502358
config_64_det2_b30_s20_h4_w50,5,36.993922117345,199.162959091226,,27.753040373984252
config_64_det2_b30_s20_h4_w50,6,27.0813487792226,167.515272305283,,31.401452991860104
config_64_det2_b30_s20_h4_w50,7,21.0130117246902,144.270449058323,,37.59183754487136
config_65_det2_b30_s20_h4_w500,1,1371.96964499226,1562.09876717853,9.038044589400961,16.725168160589597
config_65_det2_b30_s20_h4_w500,2,259.641330065364,879.048720659531,21.63980706938026,25.781897719136193
config_65_det2_b30_s20_h4_w500,3,105.27554977829,661.976402363107,31.216041549177884,35.038568035808765
config_65_det2_b30_s20_h4_w500,4,59.8243642194367,522.325202955406,39.38478449858523,42.24903845059672
config_65_det2_b30_s20_h4_w500,5,40.4077641479295,425.720697172114,67.52607829572216,63.93106639185678
config_65_det2_b30_s20_h4_w500,6,30.0937750463872,358.05135977561,,68.81232629405868
config_65_det2_b30_s20_h4_w500,7,23.5282591644182,308.420236242715,,70.25710818130788
config_65_det2_b30_s20_h4_w500,8,19.0428108742971,270.599644012954,,71.05164494929022
config_65_det2_b30_s20_h4_w500,9,15.852309192731,240.900973795346,,88.6473984389841
config_65_det2_b30_s20_h4_w500,10,13.4989773933766,217.007292249313,,97.48713376646171
config_66_det2_b30_s20_h4_w1500,1,1482.77218730659,2195.12941567296,16.725168160589597,21.570031293440444
config_66_det2_b30_s20_h4_w1500,2,276.168535055985,1274.88781758312,29.07776212159388,35.938228253490735
config_66_det2_b30_s20_h4_w1500,3,110.489999377789,954.913490984421,44.493271963298,44.043458651654504
config_66_det2_b30_s20_h4_w1500,4,62.265165672113,754.396736282332,71.05164494929022,68.81232629405868
config_66_det2_b30_s20_h4_w1500,5,41.3983921590561,615.089943611065,,70.25710818130788
config_66_det2_b30_s20_h4_w1500,6,30.5947542861908,517.737731419071,,78.81805931527663
config_66_det2_b30_s20_h4_w1500,7,24.0675826659041,446.310779861523,,98.4210914895786
config_66_det2_b30_s20_h4_w1500,8,19.5984247045618,391.790936353185,,114.39023122627212
config_66_det2_b30_s20_h4_w1500,9,14.813237392189,347.069530043393,,116.38996949909387
config_66_det2_b30_s20_h4_w1500,10,12.2749345250106,314.281592480616,,138.7338199212877
config_66_det2_b30_s20_h4_w1500,11,10.3785968167878,286.18006793008,,149.0245538770725
config_67_det2_b30_s20_h12_w50,1,1143.99309910078,724.976931135836,4.486228928621454,1.0182265312012087
config_67_det2_b30_s20_h12_w50,2,226.084029078955,415.578696008349,8.446078971925374,7.077870442442416
config_67_det2_b30_s20_h12_w50,3,95.9537592016972,309.044693901097,16.725168160589597,20.166215559692898
config_67_det2_b30_s20_h12_w50,4,55.3066653883184,243.601640148777,22.237721331107647,26.343049367907277
config_67_det2_b30_s20_h12_w50,5,36.993922117345,199.162959091226,,32.60715028946872
config_68_det2_b30_s20_h12_w500,1,1371.96964499226,1562.09876717853,9.038044589400961,17.08848296368054
config_68_det2_b30_s20_h12_w500,2,259.641330065364,879.048720659531,21.63980706938026,35.188510198642966
config_68_det2_b30_s20_h12_w500,3,105.27554977829,661.976402363107,32.13310209114582,45.397370518566376
config_68_det2_b30_s20_h12_w500,4,59.8243642194367,522.325202955406,42.538820505510024,50.654380363399966
config_68_det2_b30_s20_h12_w500,5,40.4077641479295,425.720697172114,58.89606311121313,68.81232629405868
config_68_det2_b30_s20_h12_w500,6,30.0937750463872,358.05135977561,,71.16412537466135
config_68_det2_b30_s20_h12_w500,7,23.5282591644182,308.420236242715,,94.19480479304578
config_69_det2_b30_s20_h12_w1500,1,1482.77218730659,2195.12941567296,16.725168160589597,23.045634076761697
config_69_det2_b30_s20_h12_w1500,2,276.168535055985,1274.88781758312,29.45676917110904,45.992676047388244
config_69_det2_b30_s20_h12_w1500,3,110.489999377789,954.913490984421,49.60500226791648,62.1750452352067
config_69_det2_b30_s20_h12_w1500,4,62.265165672113,754.396736282332,,78.36691404643966
config_69_det2_b30_s20_h12_w1500,5,41.3983921590561,615.089943611065,,98.35774626332183
config_69_det2_b30_s20_h12_w1500,6,30.5947542861908,517.737731419071,,104.56866763041403
config_69_det2_b30_s20_h12_w1500,7,24.0675826659041,446.310779861523,,115.740441484954
config_69_det2_b30_s20_h12_w1500,8,19.5984247045618,391.790936353185,,147.7756749388525
config_70_det2_b30_s20_h24_w50,1,1143.99309910078,724.976931135836,4.486228928621454,1.0182265312012087
config_70_det2_b30_s20_h24_w50,2,226.084029078955,415.578696008349,8.446078971925374,7.077870442442416
config_70_det2_b30_s20_h24_w50,3,95.9537592016972,309.044693901097,16.725168160589597,20.166215559692898
config_70_det2_b30_s20_h24_w50,4,55.3066653883184,243.601640148777,22.237721331107647,26.343049367907277
config_70_det2_b30_s20_h24_w50,5,36.993922117345,199.162959091226,,32.60715028946872
config_71_det2_b30_s20_h24_w500,1,1371.96964499226,1562.09876717853,9.038044589400961,17.08848296368054
config_71_det2_b30_s20_h24_w500,2,259.641330065364,879.048720659531,21.63980706938026,35.188510198642966
config_71_det2_b30_s20_h24_w500,3,105.27554977829,661.976402363107,32.13310209114582,45.5428507012901
config_71_det2_b30_s20_h24_w500,4,59.8243642194367,522.325202955406,42.538820505510024,50.94493350667954
config_71_det2_b30_s20_h24_w500,5,40.4077641479295,425.720697172114,58.89606311121313,64.57690380096382
config_72_det2_b30_s20_h24_w1500,1,1482.77218730659,2195.12941567296,16.725168160589597,23.045634076761697
config_72_det2_b30_s20_h24_w1500,2,276.168535055985,1274.88781758312,29.45676917110904,45.99707871158776
config_72_det2_b30_s20_h24_w1500,3,110.489999377789,954.913490984421,49.60500226791648,62.637734421606865
config_72_det2_b30_s20_h24_w1500,4,62.265165672113,754.396736282332,63.076114734501516,77.40672566683412
config_72_det2_b30_s20_h24_w1500,5,41.3983921590561,615.089943611065,,107.04898995319853
config_72_det2_b30_s20_h24_w1500,6,30.5947542861908,517.737731419071,,132.83047627185408
config_72_det2_b30_s20_h24_w1500,7,24.0675826659041,446.310779861523,,138.48410850431452
config_73_det1_b10_s8_h10_w250,1,1322.68273568211,1231.55614540992,7.485342750649764,14.537396272876883
config_73_det1_b10_s8_h10_w250,2,252.93209269631,694.862830042474,16.497919349961897,24.29303295811646
config_73_det1_b10_s8_h10_w250,3,104.998977908618,525.24000926827,25.7141665701759,31.537962417971002
config_73_det1_b10_s8_h10_w250,4,59.7200348642112,414.304889211797,33.609811095000595,40.07031784828571
config_73_det1_b10_s8_h10_w250,5,39.8568210825817,338.841406453851,43.31897665690896,52.71883929474593
config_73_det1_b10_s8_h10_w250,6,29.1032232969694,285.270286428345,,60.27939613696823
config_73_det1_b10_s8_h10_w250,7,22.5780158271681,245.899008295199,,69.89009930189282
config_73_det1_b10_s8_h10_w250,8,18.2704668808745,215.87945345554,,79.84723026678898
config_74_det1_b10_s8_h10_w1000,1,1437.86820833333,1946.65627034505,15.116434684883316,23.31442028043034
config_74_det1_b10_s8_h10_w1000,2,270.273583333333,1110.42730712891,31.357679677813834,39.56298618794045
config_74_det1_b10_s8_h10_w1000,3,108.843,838.393432617188,50.813092176580895,50.658800235975406
config_74_det1_b10_s8_h10_w1000,4,61.6362135416667,660.314829508464,67.84538862397042,65.95662256476612
config_74_det1_b10_s8_h10_w1000,5,41.4805494791667,537.798126220703,,80.8317316016424
config_74_det1_b10_s8_h10_w1000,6,30.7686484375,452.795272827148,,93.60655007380966
config_74_det1_b10_s8_h10_w1000,7,24.04661328125,390.392094930013,,115.61636202957848
config_75_det1_b10_s8_h15_w250,1,1322.68273568211,1231.55614540992,7.485342750649764,14.537396272876883
config_75_det1_b10_s8_h15_w250,2,252.93209269631,694.862830042474,16.497919349961897,24.143456972066012
config_75_det1_b10_s8_h15_w250,3,104.998977908618,525.24000926827,25.72160764849121,31.537962417971002
config_75_det1_b10_s8_h15_w250,4,59.7200348642112,414.304889211797,33.609811095000595,39.29469970205184
config_75_det1_b10_s8_h15_w250,5,39.8568210825817,338.841406453851,,44.772757738408764
config_75_det1_b10_s8_h15_w250,6,29.1032232969694,285.270286428345,,57.86738228775424
config_75_det1_b10_s8_h15_w250,7,22.5780158271681,245.899008295199,,74.06682934720475
config_76_det1_b10_s8_h15_w1000,1,1437.86820833333,1946.65627034505,15.116434684883316,23.31442028043034
config_76_det1_b10_s8_h15_w1000,2,270.273583333333,1110.42730712891,31.357679677813834,39.58422876966917
config_76_det1_b10_s8_h15_w1000,3,108.843,838.393432617188,42.48300071213228,45.32644073871928
config_76_det1_b10_s8_h15_w1000,4,61.6362135416667,660.314829508464,51.3150677745635,68.79130936607964
config_76_det1_b10_s8_h15_w1000,5,41.4805494791667,537.798126220703,68.36028278571101,83.82076026906718
config_76_det1_b10_s8_h15_w1000,6,30.7686484375,452.795272827148,,102.86249980590745
config_76_det1_b10_s8_h15_w1000,7,24.04661328125,390.392094930013,,117.11736219816794
config_77_det1_b10_s12_h10_w250,1,1322.68273568211,1231.55614540992,7.778713790364082,7.957779212820621
config_77_det1_b10_s12_h10_w250,2,252.93209269631,694.862830042474,12.110118853225073,19.459663142333348
config_77_det1_b10_s12_h10_w250,3,104.998977908618,525.24000926827,21.074280801674877,24.52463014997802
config_77_det1_b10_s12_h10_w250,4,59.7200348642112,414.304889211797,25.364944439413478,28.2791111325375
config_77_det1_b10_s12_h10_w250,5,39.8568210825817,338.841406453851,33.18763348292957,31.28194993076759
config_77_det1_b10_s12_h10_w250,6,29.1032232969694,285.270286428345,40.15420816472779,41.662943780836
config_77_det1_b10_s12_h10_w250,7,22.5780158271681,245.899008295199,,42.45992625595249
config_77_det1_b10_s12_h10_w250,8,18.2704668808745,215.87945345554,,53.46662645770241
config_78_det1_b10_s12_h10_w1000,1,1437.86820833333,1946.65627034505,10.72903725874142,19.653444458679278
config_78_det1_b10_s12_h10_w1000,2,270.273583333333,1110.42730712891,22.065983514840077,28.516519189385182
config_78_det1_b10_s12_h10_w1000,3,108.843,838.393432617188,39.507652993469236,41.127385928531424
config_78_det1_b10_s12_h10_w1000,4,61.6362135416667,660.314829508464,49.90684830836126,49.94154966936557
config_78_det1_b10_s12_h10_w1000,5,41.4805494791667,537.798126220703,67.82631412445915,61.16987639512242
config_78_det1_b10_s12_h10_w1000,6,30.7686484375,452.795272827148,,71.93817570122187
config_78_det1_b10_s12_h10_w1000,7,24.04661328125,390.392094930013,,74.57269247527415
config_78_det1_b10_s12_h10_w1000,8,19.4677135416667,342.550003051758,,93.32254133020001
config_78_det1_b10_s12_h10_w1000,9,16.21081640625,304.876281738281,,97.4683217024488
config_79_det1_b10_s12_h15_w250,1,1322.68273568211,1231.55614540992,7.778713790364082,7.957779212820621
config_79_det1_b10_s12_h15_w250,2,252.93209269631,694.862830042474,12.110118853225073,19.459663142333348
config_79_det1_b10_s12_h15_w250,3,104.998977908618,525.24000926827,21.074280801674877,24.52463014997802
config_79_det1_b10_s12_h15_w250,4,59.7200348642112,414.304889211797,25.364944439413478,28.2791111325375
config_79_det1_b10_s12_h15_w250,5,39.8568210825817,338.841406453851,33.18763348292957,31.28194993076759
config_79_det1_b10_s12_h15_w250,6,29.1032232969694,285.270286428345,,40.478335877582495
config_79_det1_b10_s12_h15_w250,7,22.5780158271681,245.899008295199,,41.662943780836
config_80_det1_b10_s12_h15_w1000,1,1437.86820833333,1946.65627034505,10.72903725874142,19.653444458679278
config_80_det1_b10_s12_h15_w1000,2,270.273583333333,1110.42730712891,22.065983514840077,28.44622230716147
config_80_det1_b10_s12_h15_w1000,3,108.843,838.393432617188,39.507652993469236,39.507652993469236
config_80_det1_b10_s12_h15_w1000,4,61.6362135416667,660.314829508464,43.27844436539985,47.70312747211991
config_80_det1_b10_s12_h15_w1000,5,41.4805494791667,537.798126220703,55.67886533621453,56.02036381914647
config_80_det1_b10_s12_h15_w1000,6,30.7686484375,452.795272827148,61.90024710025655,69.27932087368185
config_80_det1_b10_s12_h15_w1000,7,24.04661328125,390.392094930013,,78.12189494062383
config_80_det1_b10_s12_h15_w1000,8,19.4677135416667,342.550003051758,,94.54016826165187
config_81_det2_b10_s8_h10_w250,1,1322.68273568211,1231.55614540992,8.554604023565322,13.509256086106296
config_81_det2_b10_s8_h10_w250,2,252.93209269631,694.862830042474,18.22885761642786,23.957070981236416
config_81_det2_b10_s8_h10_w250,3,104.998977908618,525.24000926827,27.39810668641174,32.189769337477394
config_81_det2_b10_s8_h10_w250,4,59.7200348642112,414.304889211797,35.788283697321944,48.18884804985912
config_81_det2_b10_s8_h10_w250,5,39.8568210825817,338.841406453851,41.628310679151994,57.72379275480778
config_81_det2_b10_s8_h10_w250,6,29.1032232969694,285.270286428345,,68.14133475637175
config_81_det2_b10_s8_h10_w250,7,22.5780158271681,245.899008295199,,75.36188435110677
config_82_det2_b10_s8_h10_w1000,1,1437.86820833333,1946.65627034505,13.485408781345859,22.88102379702447
config_82_det2_b10_s8_h10_w1000,2,270.273583333333,1110.42730712891,29.524622307343364,43.00894616250248
config_82_det2_b10_s8_h10_w1000,3,108.843,838.393432617188,58.03711097220467,58.03711097220467
config_82_det2_b10_s8_h10_w1000,4,61.6362135416667,660.314829508464,79.2236385338081,73.07816997477059
config_82_det2_b10_s8_h10_w1000,5,41.4805494791667,537.798126220703,,87.5466227191823
config_82_det2_b10_s8_h10_w1000,6,30.7686484375,452.795272827148,,101.4675619901486
config_83_det2_b10_s8_h15_w250,1,1322.68273568211,1231.55614540992,8.554604023565322,13.509256086106296
config_83_det2_b10_s8_h15_w250,2,252.93209269631,694.862830042474,18.22885761642786,23.957070981236416
config_83_det2_b10_s8_h15_w250,3,104.998977908618,525.24000926827,27.39810668641174,32.189769337477394
config_83_det2_b10_s8_h15_w250,4,59.7200348642112,414.304889211797,35.788283697321944,37.15589727369449
config_83_det2_b10_s8_h15_w250,5,39.8568210825817,338.841406453851,,53.959710179335765
config_83_det2_b10_s8_h15_w250,6,29.1032232969694,285.270286428345,,73.8754553606175
config_84_det2_b10_s8_h15_w1000,1,1437.86820833333,1946.65627034505,13.485408781345859,22.88102379702447
config_84_det2_b10_s8_h15_w1000,2,270.273583333333,1110.42730712891,29.524622307343364,33.53917485568182
config_84_det2_b10_s8_h15_w1000,3,108.843,838.393432617188,41.36642660419195,49.46152677904227
config_84_det2_b10_s8_h15_w1000,4,61.6362135416667,660.314829508464,52.02048875202924,74.51133638726003
config_84_det2_b10_s8_h15_w1000,5,41.4805494791667,537.798126220703,86.29789461338729,98.33481977831546
config_84_det2_b10_s8_h15_w1000,6,30.7686484375,452.795272827148,,111.95894895005043
config_85_det2_b10_s12_h10_w250,1,1322.68273568211,1231.55614540992,9.616977175807374,12.849756807037245
config_85_det2_b10_s12_h10_w250,2,252.93209269631,694.862830042474,16.46211559915675,22.14037601306717
config_85_det2_b10_s12_h10_w250,3,104.998977908618,525.24000926827,25.583906073936404,30.069107901632197
config_85_det2_b10_s12_h10_w250,4,59.7200348642112,414.304889211797,31.725797862307573,38.862282336087496
config_85_det2_b10_s12_h10_w250,5,39.8568210825817,338.841406453851,41.23185964760745,43.89454692783603
config_85_det2_b10_s12_h10_w250,6,29.1032232969694,285.270286428345,,58.4977884197343
config_85_det2_b10_s12_h10_w250,7,22.5780158271681,245.899008295199,,64.44194717075601
config_85_det2_b10_s12_h10_w250,8,18.2704668808745,215.87945345554,,73.78452581673206
config_85_det2_b10_s12_h10_w250,9,15.2425257500057,192.266813750414,,80.01991702492916
config_86_det2_b10_s12_h10_w1000,1,1437.86820833333,1946.65627034505,13.63474422202338,18.506755523321747
config_86_det2_b10_s12_h10_w1000,2,270.273583333333,1110.42730712891,29.145003860010036,37.291972996879636
config_86_det2_b10_s12_h10_w1000,3,108.843,838.393432617188,41.21712326206185,46.18745771310649
config_86_det2_b10_s12_h10_w1000,4,61.6362135416667,660.314829508464,72.3594931574289,61.447739983600044
config_86_det2_b10_s12_h10_w1000,5,41.4805494791667,537.798126220703,,76.48183263659652
config_86_det2_b10_s12_h10_w1000,6,30.7686484375,452.795272827148,,90.72260306955465
config_86_det2_b10_s12_h10_w1000,7,24.04661328125,390.392094930013,,107.13560091654918
config_86_det2_b10_s12_h10_w1000,8,19.4677135416667,342.550003051758,,121.04416202176334
config_87_det2_b10_s12_h15_w250,1,1322.68273568211,1231.55614540992,9.616977175807374,12.849756807037245
config_87_det2_b10_s12_h15_w250,2,252.93209269631,694.862830042474,16.46211559915675,22.14037601306717
config_87_det2_b10_s12_h15_w250,3,104.998977908618,525.24000926827,25.583906073936404,30.124429455178067
config_87_det2_b10_s12_h15_w250,4,59.7200348642112,414.304889211797,31.725797862307573,38.791316682989766
config_87_det2_b10_s12_h15_w250,5,39.8568210825817,338.841406453851,41.23185964760745,42.37506637162944
config_87_det2_b10_s12_h15_w250,6,29.1032232969694,285.270286428345,,48.79002203319855
config_87_det2_b10_s12_h15_w250,7,22.5780158271681,245.899008295199,,62.22966535343091
config_88_det2_b10_s12_h15_w1000,1,1437.86820833333,1946.65627034505,13.63474422202338,18.506755523321747
config_88_det2_b10_s12_h15_w1000,2,270.273583333333,1110.42730712891,29.145003860010036,37.4419049996124
config_88_det2_b10_s12_h15_w1000,3,108.843,838.393432617188,41.21712326206185,44.514506062630865
config_88_det2_b10_s12_h15_w1000,4,61.6362135416667,660.314829508464,51.84458747063187,60.39125874962825
config_88_det2_b10_s12_h15_w1000,5,41.4805494791667,537.798126220703,62.741702638675655,82.31045432082371
config_88_det2_b10_s12_h15_w1000,6,30.7686484375,452.795272827148,,103.24604713983001
config_88_det2_b10_s12_h15_w1000,7,24.04661328125,390.392094930013,,114.36729214768744
config_89_det1_b10_s5_h15_w250,1,1322.68273568211,1231.55614540992,10.488186733497923,19.12829577533688
config_89_det1_b10_s5_h15_w250,2,252.93209269631,694.862830042474,20.812542507314873,31.58188320293452
config_89_det1_b10_s5_h15_w250,3,104.998977908618,525.24000926827,26.862282063425194,32.86847427602547
config_89_det1_b10_s5_h15_w250,4,59.7200348642112,414.304889211797,37.95936622079682,37.135838697581526
config_89_det1_b10_s5_h15_w250,5,39.8568210825817,338.841406453851,40.580026996958516,58.317041999330755
config_89_det1_b10_s5_h15_w250,6,29.1032232969694,285.270286428345,,77.89248297964775
config_89_det1_b10_s5_h15_w250,7,22.5780158271681,245.899008295199,,88.93878921562317
config_90_det1_b10_s5_h15_w1000,1,1437.86820833333,1946.65627034505,14.793176524372079,32.019759770250126
config_90_det1_b10_s5_h15_w1000,2,270.273583333333,1110.42730712891,31.875950044080675,40.35181638197079
config_90_det1_b10_s5_h15_w1000,3,108.843,838.393432617188,40.95946388451462,52.3361292662673
config_90_det1_b10_s5_h15_w1000,4,61.6362135416667,660.314829508464,75.46526882374093,73.84184321900374
config_90_det1_b10_s5_h15_w1000,5,41.4805494791667,537.798126220703,,89.21602027721559
config_90_det1_b10_s5_h15_w1000,6,30.7686484375,452.795272827148,,110.05568070335028
config_91_det1_b10_s5_h24_w250,1,1322.68273568211,1231.55614540992,10.488186733497923,19.12829577533688
config_91_det1_b10_s5_h24_w250,2,252.93209269631,694.862830042474,20.812542507314873,31.58188320293452
config_91_det1_b10_s5_h24_w250,3,104.998977908618,525.24000926827,26.929699884402424,32.86847427602547
config_91_det1_b10_s5_h24_w250,4,59.7200348642112,414.304889211797,,35.613256741672785
config_91_det1_b10_s5_h24_w250,5,39.8568210825817,338.841406453851,,43.522048555590324
config_91_det1_b10_s5_h24_w250,6,29.1032232969694,285.270286428345,,52.914274892695516
config_91_det1_b10_s5_h24_w250,7,22.5780158271681,245.899008295199,,64.74172356851899
config_92_det1_b10_s5_h24_w1000,1,1437.86820833333,1946.65627034505,14.793176524372079,32.019759770250126
config_92_det1_b10_s5_h24_w1000,2,270.273583333333,1110.42730712891,31.875950044080675,40.35181638197079
config_92_det1_b10_s5_h24_w1000,3,108.843,838.393432617188,40.95946388451462,46.30921564245537
config_92_det1_b10_s5_h24_w1000,4,61.6362135416667,660.314829508464,54.67711463439799,63.65833037091353
config_92_det1_b10_s5_h24_w1000,5,41.4805494791667,537.798126220703,58.39538509539591,88.78074604817287
config_92_det1_b10_s5_h24_w1000,6,30.7686484375,452.795272827148,,113.03122383608522
config_93_det2_b10_s5_h15_w250,1,1322.68273568211,1231.55614540992,8.422069223177877,13.880066642491311
config_93_det2_b10_s5_h15_w250,2,252.93209269631,694.862830042474,18.550640150679435,26.948492536689322
config_93_det2_b10_s5_h15_w250,3,104.998977908618,525.24000926827,28.43696977527669,28.725881187528433
config_93_det2_b10_s5_h15_w250,4,59.7200348642112,414.304889211797,33.22914759665075,39.37611364312224
config_93_det2_b10_s5_h15_w250,5,39.8568210825817,338.841406453851,41.49025487991126,72.87355515563308
config_93_det2_b10_s5_h15_w250,6,29.1032232969694,285.270286428345,,84.62109847578108
config_94_det2_b10_s5_h15_w1000,1,1437.86820833333,1946.65627034505,18.02654292980215,26.59043531046455
config_94_det2_b10_s5_h15_w1000,2,270.273583333333,1110.42730712891,32.816935414508166,40.16206232254514
config_94_det2_b10_s5_h15_w1000,3,108.843,838.393432617188,45.673618350672186,62.26544988996706
config_94_det2_b10_s5_h15_w1000,4,61.6362135416667,660.314829508464,84.44353882920824,83.54088268026561
config_94_det2_b10_s5_h15_w1000,5,41.4805494791667,537.798126220703,96.01365137312506,103.99863386202352
config_94_det2_b10_s5_h15_w1000,6,30.7686484375,452.795272827148,,122.89240820809559
config_95_det2_b10_s5_h24_w250,1,1322.68273568211,1231.55614540992,8.422069223177877,13.880066642491311
config_95_det2_b10_s5_h24_w250,2,252.93209269631,694.862830042474,18.550640150679435,26.948492536689322
config_95_det2_b10_s5_h24_w250,3,104.998977908618,525.24000926827,28.43696977527669,28.725881187528433
config_95_det2_b10_s5_h24_w250,4,59.7200348642112,414.304889211797,33.22914759665075,38.18756883515309
config_95_det2_b10_s5_h24_w250,5,39.8568210825817,338.841406453851,,42.15626192311532
config_95_det2_b10_s5_h24_w250,6,29.1032232969694,285.270286428345,,53.99677073677647
config_96_det2_b10_s5_h24_w1000,1,1437.86820833333,1946.65627034505,18.02654292980215,26.59043531046455
config_96_det2_b10_s5_h24_w1000,2,270.273583333333,1110.42730712891,32.816935414508166,40.16206232254514
config_96_det2_b10_s5_h24_w1000,3,108.843,838.393432617188,43.73020980969563,42.1717024247701
config_96_det2_b10_s5_h24_w1000,4,61.6362135416667,660.314829508464,54.257538529467055,57.562137206239925
config_96_det2_b10_s5_h24_w1000,5,41.4805494791667,537.798126220703,68.03000257239448,104.31811951858899
config_96_det2_b10_s5_h24_w1000,6,30.7686484375,452.795272827148,,126.01676492159083
