Z,P_KB_kPa,P_CFD_mean_kPa,P_ratio,P_ratio_min,P_ratio_max,Isc_KB,Isc_CFD_mean,I_ratio
1,1356.6177,1351.8572,0.9965,0.8433,1.093,232.2371,195.1053,0.8401
2,283.7583,257.0199,0.9058,0.7967,0.9733,133.5326,111.2551,0.8332
3,115.6756,105.1123,0.9087,0.8295,0.9552,92.4763,83.5854,0.9039
4,64.9124,59.7505,0.9205,0.852,0.9592,72.049,65.9267,0.915
5,43.1873,40.0275,0.9268,0.8566,0.9605,59.2359,53.7998,0.9082
6,31.7509,29.5283,0.93,0.8529,0.9691,50.2511,45.2748,0.901
7,24.8725,23.0467,0.9266,0.8448,0.9676,43.565,39.0163,0.8956
8,20.343,18.6717,0.9178,0.8346,0.9634,38.3999,34.2398,0.8917
9,17.1579,15.2515,0.8889,0.824,0.9448,34.3025,30.4525,0.8878
10,14.8077,12.7361,0.8601,0.8133,0.9116,30.9822,27.4029,0.8845
11,13.0075,10.8584,0.8348,0.7979,0.9,28.2436,24.9668,0.884
12,11.5873,9.491,0.8191,0.7694,0.8891,25.9499,22.7544,0.8769
13,10.4392,8.2485,0.7901,0.7541,0.8512,24.0031,21.1266,0.8802
14,9.4919,7.3602,0.7754,0.7437,0.8429,22.3306,19.6531,0.8801
15,8.6966,6.6368,0.7632,0.7256,0.8352,20.8786,18.3392,0.8784
16,8.0188,5.9311,0.7396,0.7034,0.7636,19.6055,17.1717,0.8759
17,7.4336,5.3778,0.7234,0.6901,0.752,18.4799,16.1781,0.8754
18,6.9221,4.9277,0.7119,0.6803,0.7459,17.4767,15.2965,0.8753
19,6.4707,4.5451,0.7024,0.6659,0.7404,16.5764,14.4893,0.8741
20,6.0684,4.2174,0.695,0.65,0.7357,15.7633,13.7741,0.8738
