ConfigName,Det,Height,BuildingSize,StreetWidth,ChargeWeight,W13,b0.1_f20_K3,b0.15_f20_K3,b0.2_f20_K3,b0.25_f20_K3,b0.3_f20_K3,flooronly_f20_K3,b0.2_f15_K3,b0.2_f25_K3,b0.2_f20_K2,b0.2_f20_K4
config_01_det1_b15_s5_h4_w50,1,4,15,5,50,3.6840314986403855,19.030232202219903,18.964747053510752,18.91684071298972,18.772384605418523,18.355743872304497,19.370256308814003,24.344930723684808,15.076317562073124,18.953592082254403,18.856383642997564
config_02_det1_b15_s5_h4_w500,1,4,15,5,500,7.937005259840997,18.500762481564507,18.340260216352373,17.824613476630873,17.618772468629288,17.177816549096203,18.750649178332846,23.58824492072577,14.709012998355863,17.910072162582892,17.804613426716433
config_03_det1_b15_s5_h4_w1500,1,4,15,5,1500,11.447142425533317,17.894667626252648,17.332590809492718,16.73903409881442,16.2736380374743,15.595848141094876,18.12513131419832,22.25304410214097,13.480827474041456,16.794238378390496,16.70661056594544
config_04_det1_b15_s5_h12_w50,1,12,15,5,50,3.6840314986403855,23.270170253076948,23.21592508876176,23.08991288586028,23.00706549440553,22.99109938616707,23.35018945497746,27.80684855631744,18.75886949756935,23.11167184761772,23.06820207186412
config_05_det1_b15_s5_h12_w500,1,12,15,5,500,7.937005259840997,20.095724097173058,20.042012247086618,19.96929090401808,19.91255571344798,19.574415098861248,20.22173453528653,25.165416457129155,16.872683660842103,20.03044947609981,19.9407261825427
config_06_det1_b15_s5_h12_w1500,1,12,15,5,1500,11.447142425533317,19.7591086971423,19.54831110001426,19.35487698708845,19.115690593786788,18.855220947502744,19.91396320813104,24.5636954366465,15.986399860826197,19.48022198200465,19.349808649634863
config_07_det1_b15_s5_h24_w50,1,24,15,5,50,3.6840314986403855,24.06997679178869,23.868000738846924,23.57331879397604,23.29118130019145,22.99646176943484,24.337260501990176,30.468800802739025,15.417359138850696,23.58450069030468,23.5665735779255
config_08_det1_b15_s5_h24_w500,1,24,15,5,500,7.937005259840997,22.116683538653998,22.04183210623126,21.98407247574791,21.920506993649436,21.792774330606765,22.207650395183283,27.319336036388908,18.359613548829955,22.01640632007994,21.927777252175893
config_09_det1_b15_s5_h24_w1500,1,24,15,5,1500,11.447142425533317,20.69950066867766,20.644830494222052,20.53340276586538,20.423118841477653,20.242136468939,20.712430018193395,29.228390114031473,17.289464227827388,20.62410406847733,20.487191800783343
config_10_det1_b15_s20_h4_w50,1,4,15,20,50,3.6840314986403864,15.823079585790737,15.177995848607102,14.347905757383945,14.090778252830072,13.796881631009095,16.11872605993831,20.34813775150305,12.359004325913487,14.48066225988801,14.28171233644102
config_11_det1_b15_s20_h4_w500,1,4,15,20,500,7.937005259840997,13.799946610524902,12.703211459588053,11.367024788012444,9.765487664182954,8.769893554854065,14.925568917154115,14.700648367366295,9.402607056437242,11.871684911597113,11.094802054398679
config_12_det1_b15_s20_h4_w1500,1,4,15,20,1500,11.447142425533317,12.483522245456633,11.563916530283704,9.536147784970638,6.822379739287278,5.669791812002804,14.682237624240454,11.068740063325679,7.574204012215595,9.712356025836428,9.359904289774477
config_13_det1_b15_s20_h12_w50,1,12,15,20,50,3.6840314986403864,14.102415171275558,13.930700833166764,13.573450789911115,12.999822563866262,11.942647079760649,14.311134048068874,17.672536261647362,10.51855260158237,13.702812333669288,13.554536724346931
config_14_det1_b15_s20_h12_w500,1,12,15,20,500,7.937005259840997,15.223935974177925,14.600715062375095,13.542304512054782,12.40237480687703,11.386268542080632,15.74139482219792,18.06964169996153,10.966491056079573,13.680171480087058,13.285425877939916
config_15_det1_b15_s20_h12_w1500,1,12,15,20,1500,11.447142425533317,16.69099978420913,16.581887156532865,16.052377307837517,14.901263015378193,12.290627221749855,16.729849907184484,21.792581321611618,12.3718242014937,16.356921655717432,15.90152531820531
config_16_det1_b15_s20_h24_w50,1,24,15,20,50,3.6840314986403864,12.685388219874511,12.614265311089227,12.198942383467969,11.536204031388523,10.402238009645583,12.999876632234171,14.767219432757976,9.95965406263109,12.231438572279293,12.063161072014534
config_17_det1_b15_s20_h24_w500,1,24,15,20,500,7.937005259840997,13.81941383166474,12.822725330900903,11.754331969636013,10.42346955245396,8.983440145009881,14.529191972048858,17.562494522297214,10.087778844957851,11.893986578628033,11.420686838585596
config_18_det1_b15_s20_h24_w1500,1,24,15,20,1500,11.447142425533317,16.920763538304183,16.805491180714377,16.498295303918173,15.831174457000998,14.587778592701405,16.98418566482148,21.503770923206254,12.869411981213542,16.583143496987155,16.38889286848484
config_19_det1_b30_s5_h4_w50,1,4,30,5,50,3.6840314986403864,22.653556594257108,22.563124173332035,22.552912173059696,22.451844495510127,22.299533076203886,22.658702270543277,26.481982516151046,16.3404853487396,22.849466086222574,22.461943321106155
config_20_det1_b30_s5_h4_w500,1,4,30,5,500,7.937005259840997,18.71773425436458,18.532656737314845,18.216000269946463,17.95792155854637,17.771241028192446,19.09258338286253,23.457892530416764,15.431089397128433,18.27086390276419,18.190273002082577
config_21_det1_b30_s5_h4_w1500,1,4,30,5,1500,11.447142425533317,17.684274517397398,17.25170520614189,16.585687915437585,16.0040242251222,14.888887628730435,18.236420328318886,20.987189668986062,13.598370514805,16.703263118502885,16.53109418536939
config_22_det1_b30_s5_h12_w50,1,12,30,5,50,3.6840314986403864,25.111343487271256,25.111343487271256,25.111343487271256,25.111343487271256,25.111343487271256,25.111343487271256,30.072141875881414,23.061684738088847,25.41787903149448,25.108362963355475
config_23_det1_b30_s5_h12_w500,1,12,30,5,500,7.937005259840997,21.027072347751968,20.997606426163724,20.749760767714104,20.659485064561036,20.576663890254494,21.054267200925413,25.989267012369975,17.54161038441839,21.004568893877366,20.739164130441583
config_24_det1_b30_s5_h12_w1500,1,12,30,5,1500,11.447142425533317,20.33529170949209,20.18473236440873,20.06709285292406,19.857355538715257,19.655914270697338,20.45934110452531,25.368802604957796,16.849210169231814,20.12614958923044,19.9198869780497
config_25_det1_b30_s5_h24_w50,1,24,30,5,50,3.6840314986403864,29.810352941892074,29.810352941892074,29.810352941892074,29.810352941892074,29.810352941892074,29.810352941892074,35.45788211244963,26.87283244443866,29.914904167355136,29.721581497529797
config_26_det1_b30_s5_h24_w500,1,24,30,5,500,7.937005259840997,24.363707311677686,24.36367835655903,24.36367835655903,24.310512273150707,24.301532293706277,24.363707311677686,28.587078388689257,20.779444707995076,24.37343962422895,24.258981500581523
config_27_det1_b30_s5_h24_w1500,1,24,30,5,1500,11.447142425533317,21.525962689033015,21.416169834038957,21.412736822487574,21.353127439341996,21.24040343868767,21.61188590801724,30.43089391601695,18.82831935214037,21.481980144239003,21.27711442660881
config_28_det1_b30_s20_h4_w50,1,4,30,20,50,3.6840314986403864,16.79092141655643,16.31437475752666,14.401814625704075,13.214679067320507,13.114442927161342,16.94766530389508,22.020747694844385,13.374889234314258,14.403617913206634,14.343027423834208
config_29_det1_b30_s20_h4_w500,1,4,30,20,500,7.937005259840997,16.130837741077205,15.450473786680595,14.055545624440704,12.42403993476588,10.079406039994547,16.475657936509386,17.28327917487421,10.87744326666669,14.073309857536415,13.816541314701082
config_30_det1_b30_s20_h4_w1500,1,4,30,20,1500,11.447142425533317,14.32919466676788,12.742091650270687,10.775505855270687,9.048250927129374,6.805989795582642,15.44091162387978,13.1678332858678,9.542820207645025,10.845127990788708,10.686179616080862
config_31_det1_b30_s20_h12_w50,1,12,30,20,50,3.6840314986403864,17.498277687653438,17.323784800429927,17.258253940987878,17.14313473592652,16.658077471124194,17.815630996057884,22.876156353778814,15.20722875967523,17.26556485622165,17.250302621153285
config_32_det1_b30_s20_h12_w500,1,12,30,20,500,7.937005259840997,17.89545622939762,17.311788028352513,16.56181512714498,16.019157237461066,15.52504640814172,18.036389893423422,22.568737644550964,13.718001171130245,16.779022124985474,16.555005925957264
config_33_det1_b30_s20_h12_w1500,1,12,30,20,1500,11.447142425533317,18.377030226494522,18.254633606182324,17.97840535228665,17.705474121024096,17.016174173225888,18.403583697869724,23.085182306775575,14.201402278074394,18.06022477667578,17.859822433717465
config_34_det1_b30_s20_h24_w50,1,24,30,20,50,3.6840314986403864,17.35718184087306,17.251019211113675,17.1200046077316,17.002234382238417,16.96566524979837,17.713504837789745,20.181485077230217,16.286774639124303,17.124386785655336,17.114237638946463
config_35_det1_b30_s20_h24_w500,1,24,30,20,500,7.937005259840997,17.95979303119809,17.55668761935109,17.42099872509856,17.112611850006026,16.91641231383945,18.207646125102073,22.9231795969304,14.24018582749905,17.506130712938635,17.364900399061465
config_36_det1_b30_s20_h24_w1500,1,24,30,20,1500,11.447142425533317,19.212850238642897,19.045811352765305,18.79469014613104,18.62874383447334,18.277176420976804,19.223829800029808,25.31061085712416,14.777304960228498,18.871048405224272,18.712843390493987
config_37_det2_b15_s5_h4_w50,2,4,15,5,50,3.6840314986403864,18.80582416054737,18.557272923090053,18.360954635383724,18.120731431352652,17.892796718589384,19.021494055358975,22.550956596141358,16.110467512948553,18.41671141279407,18.339438943622277
config_38_det2_b15_s5_h4_w500,2,4,15,5,500,7.937005259840997,17.20251715110268,16.63093377542683,15.2638413758518,15.010682533696134,14.595112199546069,17.68835505431206,20.624647155419435,12.542025139664318,15.507127448325315,15.255890027268952
config_39_det2_b15_s5_h4_w1500,2,4,15,5,1500,11.447142425533317,17.437619247603376,17.114066177274143,15.512009959184,13.444451234588932,12.660289528608944,17.526440962688266,22.25360572920688,12.128168414467298,15.527230260549366,15.30536955684247
config_40_det2_b15_s5_h12_w50,2,12,15,5,50,3.6840314986403864,24.57585793706942,24.52394664222954,24.441549769483117,24.37400709109948,24.18581275126201,24.57585793706942,28.407307653372623,20.845203531558823,24.47119110033757,24.431648951886608
config_41_det2_b15_s5_h12_w500,2,12,15,5,500,7.937005259840997,20.343617963956483,20.334046807547413,20.226952477332667,19.953984489238728,19.792586788736322,20.44617344097905,25.18533877120894,17.351887030566473,20.353065273932454,20.078922547763362
config_42_det2_b15_s5_h12_w1500,2,12,15,5,1500,11.447142425533317,20.130711220012586,20.105063911577403,20.100607610898027,19.855381649622146,19.748683254285833,20.130711220012586,25.658528870359532,16.544874652266753,20.123294389681188,20.084642809150317
config_43_det2_b15_s5_h24_w50,2,24,15,5,50,3.6840314986403864,27.203895795175125,27.09736801429015,27.02292403078132,26.96305799188928,26.856336245549624,27.26371405282373,34.49077366661063,23.01995648631447,27.16455456827361,27.02136705324374
config_44_det2_b15_s5_h24_w500,2,24,15,5,500,7.937005259840997,22.52048293313665,22.489004142280734,22.45855719494138,22.416333167879937,22.254577181893218,22.52048293313665,28.346336312102483,18.68252925142037,22.635490316872684,22.315182222894116
config_45_det2_b15_s5_h24_w1500,2,24,15,5,1500,11.447142425533317,21.77561360166202,21.77561360166202,21.765564820993568,21.762730471524446,21.669912136828067,21.77561360166202,29.664925419032503,18.05483659737407,21.781686409241964,21.718712577454227
config_46_det2_b15_s20_h4_w50,2,4,15,20,50,3.6840314986403864,18.566705963724747,18.36827189671331,17.35595126069735,17.070296936035916,16.82962589300172,18.656599477506695,21.430700901248336,12.762921764338648,17.363434031133217,17.348305972194968
config_47_det2_b15_s20_h4_w500,2,4,15,20,500,7.937005259840997,15.073702601408165,13.974839236898132,13.513849909451313,12.484839535844811,10.076688594402812,15.4321759361302,18.113897922610896,11.170884631373333,13.551556332207955,13.295071322269782
config_48_det2_b15_s20_h4_w1500,2,4,15,20,1500,11.447142425533317,14.03673859930701,12.531296208610133,9.205826117705058,6.521469569887096,5.234205826261014,14.777796610118056,9.93142896540667,8.893746906081114,9.813287917812758,9.064493747927017
config_49_det2_b15_s20_h12_w50,2,12,15,20,50,3.6840314986403864,18.15942423186323,18.042999630855046,17.87858048598251,17.78255784419966,17.694955234465315,18.30766410276532,22.897775529929497,15.688726894807624,17.891485868423107,17.870330092160753
config_50_det2_b15_s20_h12_w500,2,12,15,20,500,7.937005259840997,16.6717336451159,16.54135525658447,16.46205102430584,16.26938807541604,15.945645030627224,16.9712569847603,21.626205794505715,13.497879246224647,16.475744913828613,16.304101356025313
config_51_det2_b15_s20_h12_w1500,2,12,15,20,1500,11.447142425533317,16.383471613413544,16.055096054882725,15.86868901472575,14.980387620099002,14.22199890458196,16.85606503422198,19.718489869164507,12.691479758495039,15.891147700512525,15.78554065087311
config_52_det2_b15_s20_h24_w50,2,24,15,20,50,3.6840314986403864,14.949239202341237,14.716132073812396,14.434765477428098,14.33873485158824,14.306804202359002,15.1493063882402,19.84452185816537,13.779669659369999,14.481053293174625,14.42457358861626
config_53_det2_b15_s20_h24_w500,2,24,15,20,500,7.937005259840997,16.290170571886268,16.11853927445971,15.372337081783579,14.970268834230074,13.988587226868406,16.415218210984335,19.736558416573224,11.546780835012942,15.524172848725094,15.287294186534805
config_54_det2_b15_s20_h24_w1500,2,24,15,20,1500,11.447142425533317,15.86762289309534,15.617629503424181,15.224406454864774,14.369377175108504,13.60847605765287,16.554198407448546,19.142969384082846,12.334498345142663,15.355589061565215,15.114211645783724
config_55_det2_b30_s5_h4_w50,2,4,30,5,50,3.6840314986403864,16.54979667634122,16.425285097962337,16.388068058661567,16.207286762706445,16.184258865428184,16.752080290004358,22.85697805706872,15.583336808553506,17.308261352882433,16.195775716765276
config_56_det2_b30_s5_h4_w500,2,4,30,5,500,7.937005259840997,16.50228608976368,15.451640714936625,15.08185490346164,14.718648984857449,14.276097143064446,17.88272267433587,18.72308729171664,11.814743535782819,15.094221797525261,15.07581430771232
config_57_det2_b30_s5_h4_w1500,2,4,30,5,1500,11.447142425533317,15.89462002517946,14.474643545594638,13.061398588341877,12.779551937792242,12.20381719885821,17.02134182408622,18.171845636392533,11.095472682960562,13.264865725929305,13.02359249964373
config_58_det2_b30_s5_h12_w50,2,12,30,5,50,3.6840314986403864,26.1871696770653,26.1871696770653,26.1871696770653,26.1871696770653,26.1871696770653,26.1871696770653,29.479537642220283,23.330183550117667,26.1915824178724,26.12603484257927
config_59_det2_b30_s5_h12_w500,2,12,30,5,500,7.937005259840997,19.96618573026204,19.85922455880292,19.667083400378708,19.487054502927222,19.439389986079536,20.209229454421703,24.57390884796099,17.452783733472096,19.93424724119825,19.611315499457657
config_60_det2_b30_s5_h12_w1500,2,12,30,5,1500,11.447142425533317,19.420233595053283,19.373711114442337,19.006325536277373,18.742115505633638,18.09977634635353,19.722621989237012,23.57584498483455,15.93225462225027,19.014662052121118,18.9304053000211
config_61_det2_b30_s5_h24_w50,2,24,30,5,50,3.6840314986403864,32.42516611471982,32.42516611471982,32.42516611471982,32.42516611471982,32.42516611471982,32.42516611471982,38.8495250770052,27.284552417153485,32.45401801048575,32.37296651991389
config_62_det2_b30_s5_h24_w500,2,24,30,5,500,7.937005259840997,24.073798619308448,24.073798619308448,24.073798619308448,24.07361911264986,24.01843414699636,24.073798619308448,27.91720840218401,21.302449928576667,24.078933979757394,23.96588944542025
config_63_det2_b30_s5_h24_w1500,2,24,30,5,1500,11.447142425533317,21.703158901044457,21.703158901044457,21.51186809466806,21.503306467832804,21.45679689050854,21.703158901044457,28.921310200051035,18.705586154503724,21.567409590425644,21.502276801302134
config_64_det2_b30_s20_h4_w50,2,4,30,20,50,3.6840314986403864,20.833431459649507,20.828690039562566,20.7236251280082,20.473530100222455,20.27423609735863,20.833431459649507,22.77546965193348,18.69670318165777,20.73589445391212,20.70910095449959
config_65_det2_b30_s20_h4_w500,2,4,30,20,500,7.937005259840997,17.027826993191642,16.317219235686583,15.71098565066296,15.276525349699796,13.548216015295473,17.061259560231104,20.594774917302733,13.356821375354492,15.759846376273332,15.500887873827153
config_66_det2_b30_s20_h4_w1500,2,4,30,20,1500,11.447142425533317,15.052902313657132,14.187974793335522,12.57099545856346,9.980099006943988,6.920931916165331,15.74179283771354,15.845171438603876,10.871051091098337,12.91103563800713,12.52362304023914
config_67_det2_b30_s20_h12_w50,2,12,30,20,50,3.6840314986403864,23.554445679739327,23.554445679739327,23.554445679739327,23.554445679739327,23.487590435118644,23.554445679739327,28.93085881379767,16.22776215486204,23.562804073593462,23.5465349439632
config_68_det2_b30_s20_h12_w500,2,12,30,20,500,7.937005259840997,18.96167547085758,18.93873281038498,18.81789344295001,18.802392367257806,18.677427605627464,19.035222674040458,24.29659014786547,16.889273374925462,18.977850369981933,18.802286444211695
config_69_det2_b30_s20_h12_w1500,2,12,30,20,1500,11.447142425533317,17.63410369801533,17.470305841207928,17.142446822625896,16.611168318312625,16.240087235293583,17.766847728707518,21.455538884761015,14.525425697834109,17.160143412582034,17.034980555121155
config_70_det2_b30_s20_h24_w50,2,24,30,20,50,3.6840314986403864,20.62503237274105,20.62503237274105,20.62503237274105,20.549030872777564,20.242996040503904,20.62503237274105,24.743774570111544,16.371001844932778,20.647010403970754,20.61969993119075
config_71_det2_b30_s20_h24_w500,2,24,30,20,500,7.937005259840997,20.217490819183485,20.217490819183485,20.10935536256731,19.9727022933157,19.49303701871154,20.217490819183485,24.70376212620198,17.29539421604431,20.141312984381617,20.03148080274908
config_72_det2_b30_s20_h24_w1500,2,24,30,20,1500,11.447142425533317,18.76652544050954,18.58382294795024,18.57095519272095,18.46914465463194,18.098971237936215,18.993309027655602,25.482720907195826,15.285363804404591,18.603511430842794,18.54575225311335
config_73_det1_b10_s8_h10_w250,1,10,10,8,250,6.299605249474365,18.222098540952885,18.203182504055484,18.114403818580612,17.819092051839483,17.59661612543002,18.320515107847104,23.959590603971613,15.040811629522667,18.17299481458183,18.000837851924352
config_74_det1_b10_s8_h10_w1000,1,10,10,8,1000,9.999999999999998,18.687655603408448,18.39885707533642,17.773047231923247,16.810844064738426,16.413003071269436,18.950028939489826,24.438580161091384,14.622195582670686,17.87833951462813,17.689977995850278
config_75_det1_b10_s8_h15_w250,1,15,10,8,250,6.299605249474365,18.736741831000586,18.705476844578598,18.59374342412532,18.366649705928932,17.861377227973335,18.92243692272707,24.36114404637681,15.442704341459388,18.72222609737483,18.541242721212768
config_76_det1_b10_s8_h15_w1000,1,15,10,8,1000,9.999999999999998,19.185296386575644,18.868543204222966,17.956373886270494,16.924355621358224,16.55993320146047,19.29602109217121,24.389633141068924,15.054973213489209,18.13807751434238,17.792810462858917
config_77_det1_b10_s12_h10_w250,1,10,10,12,250,6.299605249474365,11.026725433273779,10.380572493995354,9.820974366891331,9.090985942905267,7.888779049799098,12.016923867566481,13.139780252257248,7.806814000240202,9.874385614175743,9.800770765944803
config_78_det1_b10_s12_h10_w1000,1,10,10,12,1000,9.999999999999998,12.30683157714313,10.57318588468764,8.535523298659719,6.935507184450061,5.986644544487252,13.808726841255966,15.510513341898516,6.925723803619988,8.743921869706906,8.121686508917104
config_79_det1_b10_s12_h15_w250,1,15,10,12,250,6.299605249474365,10.770319533253875,10.2744512550587,9.783010774432896,9.11295425685385,8.579028294226287,11.139756349266625,13.227003674207472,7.37213660317936,9.832446393905615,9.753495307619673
config_80_det1_b10_s12_h15_w1000,1,15,10,12,1000,9.999999999999998,13.017880192340558,12.281256942536183,10.419316059345869,7.020727115896198,5.710674621079453,14.09825897117185,16.335498542897504,7.882118765300776,10.859356115792167,10.02021425822652
config_81_det2_b10_s8_h10_w250,2,10,10,8,250,6.299605249474365,18.32755273530615,18.15941238609254,17.607416723814186,17.076520683688564,16.414730470811712,18.498080018759648,22.685809783447997,14.472987125047702,17.661430587829102,17.55801481734658
config_82_det2_b10_s8_h10_w1000,2,10,10,8,1000,9.999999999999998,18.463451548849527,18.341950618259197,17.304155586358558,16.392218756546633,15.26370365741102,18.53039959193875,24.425800203206933,14.368750050061626,17.67800970118556,17.089986732627494
config_83_det2_b10_s8_h15_w250,2,15,10,8,250,6.299605249474365,19.26387127818143,19.013188722043246,18.69533413580113,18.356275160183376,17.994386094802618,19.371122561174335,24.080358839401583,15.540990554626354,18.741287292505962,18.685656493606913
config_84_det2_b10_s8_h15_w1000,2,15,10,8,1000,9.999999999999998,19.254118989877643,18.926807503332018,17.980336382004527,17.205021506033635,16.392652565269163,19.257837878380975,24.37225750455875,15.2255551416881,18.17908168848656,17.863351443800706
config_85_det2_b10_s12_h10_w250,2,10,10,12,250,6.299605249474365,16.976347494198393,16.39961091786181,16.120244862818858,15.695824547943332,15.46145307063025,17.161283698055485,20.140398979407312,13.654582600335154,16.161931859088416,16.032574584788264
config_86_det2_b10_s12_h10_w1000,2,10,10,12,1000,9.999999999999998,16.026101510010477,15.302646368495507,14.242338508185389,13.60197303515677,12.557639154317613,16.69838605474579,20.771962936313315,11.828114269494575,14.468961851870048,14.2289702456425
config_87_det2_b10_s12_h15_w250,2,15,10,12,250,6.299605249474365,16.656780540301593,16.396473269944163,15.866333146582082,15.313382835475627,14.64388715071839,16.960429132119206,19.816691159215267,13.65368109389104,16.017020424141005,15.791769598290072
config_88_det2_b10_s12_h15_w1000,2,15,10,12,1000,9.999999999999998,16.602084607562663,16.313675268362527,15.219151413494705,13.744773732678246,12.804934055593554,17.151479848320346,21.756974750618514,12.592292050637397,15.606314303421268,15.186913427294105
config_89_det1_b10_s5_h15_w250,1,15,10,5,250,6.299605249474365,20.57066018595625,20.47755799786314,20.453198499627234,20.364565443479798,20.208242853690944,20.647035200774933,25.574221300298365,16.6921254186661,20.48652743579567,20.319685166577145
config_90_det1_b10_s5_h15_w1000,1,15,10,5,1000,9.999999999999998,19.77488073270135,19.6175129019752,18.715473620577303,17.665711561233547,16.828776751902584,19.88810194520727,25.425000537622964,15.744105767383065,18.895619975042074,18.544983011018488
config_91_det1_b10_s5_h24_w250,1,24,10,5,250,6.299605249474365,21.495904716771303,21.30370598367224,21.140726930708958,21.000650814113833,20.88041246257185,21.63870807988642,26.925030868127884,17.226013485830382,21.235854158523342,21.111964703231795
config_92_det1_b10_s5_h24_w1000,1,24,10,5,1000,9.999999999999998,20.21095133680279,19.901358520136622,18.938248097241445,18.10301310036433,17.026308508726785,20.219918660248187,25.502359735462512,16.237956166396472,19.112023684720594,18.841040061326563
config_93_det2_b10_s5_h15_w250,2,15,10,5,250,6.299605249474365,21.142202641617768,21.077339688732255,21.054781183991736,20.98894663819277,20.91370586235219,21.168142270947936,26.479921108456203,17.280032040028296,21.22701225952301,21.030365580197888
config_94_det2_b10_s5_h15_w1000,2,15,10,5,1000,9.999999999999998,20.32891931633814,20.229145407730908,19.241238672444602,18.934824971325167,18.800958640416376,20.33853661606508,25.78861850329126,16.535918396147927,19.312766768705366,19.161478636645622
config_95_det2_b10_s5_h24_w250,2,24,10,5,250,6.299605249474365,22.439559094377643,22.350701123735814,22.300295729549717,22.25775633022858,22.12858347140612,22.495384548113243,27.84830938308855,16.97966139421865,22.421782686839332,22.194450164490938
config_96_det2_b10_s5_h24_w1000,2,24,10,5,1000,9.999999999999998,20.946978993926532,20.1656732278356,19.638174654002427,19.327401018097003,19.04109856386341,21.37036270963312,24.625949764281643,17.00203298922849,19.80380893267876,19.622676458750846
