cfg,det,b,s,H,W,Rex,R2,R1,Rconv
config_01_det1_b15_s5_h4_w50,1,15,5,4,50,7.905694150420948,35.0,8.5,28.319382083129454
config_02_det1_b15_s5_h4_w500,1,15,5,4,500,7.905694150420948,37.0,9.5,68.95441704451487
config_03_det1_b15_s5_h4_w1500,1,15,5,4,1500,7.905694150420948,37.0,9.5,103.161496332505
config_04_det1_b15_s5_h12_w50,1,15,5,12,50,7.905694150420948,9.0,8.5,28.271984367539865
config_05_det1_b15_s5_h12_w500,1,15,5,12,500,7.905694150420948,17.0,9.5,80.50912879433902
config_06_det1_b15_s5_h12_w1500,1,15,5,12,1500,7.905694150420948,17.0,9.5,100.44387557541144
config_07_det1_b15_s5_h24_w50,1,15,5,24,50,7.905694150420948,9.0,8.5,24.299461639171604
config_08_det1_b15_s5_h24_w500,1,15,5,24,500,7.905694150420948,139.0,138.5,92.0125209727292
config_09_det1_b15_s5_h24_w1500,1,15,5,24,1500,7.905694150420948,133.0,9.5,113.91770553246243
config_10_det1_b15_s20_h4_w50,1,15,20,4,50,12.5,13.0,25.5,26.096520476059705
config_11_det1_b15_s20_h4_w500,1,15,20,4,500,12.5,13.0,25.5,78.44315162862321
config_12_det1_b15_s20_h4_w1500,1,15,20,4,1500,12.5,141.0,140.5,106.14286606869332
config_13_det1_b15_s20_h12_w50,1,15,20,12,50,12.5,31.0,30.5,26.1163986430081
config_14_det1_b15_s20_h12_w500,1,15,20,12,500,12.5,31.0,30.5,64.869039288154
config_15_det1_b15_s20_h12_w1500,1,15,20,12,1500,12.5,31.0,30.5,102.79792790822422
config_16_det1_b15_s20_h24_w50,1,15,20,24,50,12.5,31.0,30.5,26.078153004461488
config_17_det1_b15_s20_h24_w500,1,15,20,24,500,12.5,31.0,30.5,60.64625292904245
config_18_det1_b15_s20_h24_w1500,1,15,20,24,1500,12.5,31.0,30.5,92.31197199802496
config_19_det1_b30_s5_h4_w50,1,30,5,4,50,15.20690632574555,33.0,15.5,31.261821195343355
config_20_det1_b30_s5_h4_w500,1,30,5,4,500,15.20690632574555,17.0,15.5,66.45996170354726
config_21_det1_b30_s5_h4_w1500,1,30,5,4,1500,15.20690632574555,33.0,15.5,91.71042052766283
config_22_det1_b30_s5_h12_w50,1,30,5,12,50,15.20690632574555,17.0,15.5,36.69729397354982
config_23_det1_b30_s5_h12_w500,1,30,5,12,500,15.20690632574555,69.0,15.5,72.40195154513131
config_24_det1_b30_s5_h12_w1500,1,30,5,12,1500,15.20690632574555,69.0,15.5,96.15430257743456
config_25_det1_b30_s5_h24_w50,1,30,5,24,50,15.20690632574555,33.0,15.5,30.458473197601144
config_26_det1_b30_s5_h24_w500,1,30,5,24,500,15.20690632574555,141.0,15.5,93.44233596397544
config_27_det1_b30_s5_h24_w1500,1,30,5,24,1500,15.20690632574555,33.0,15.5,119.78118112951798
config_28_det1_b30_s20_h4_w50,1,30,20,4,50,18.027756377319946,29.0,29.5,32.68801455253797
config_29_det1_b30_s20_h4_w500,1,30,20,4,500,18.027756377319946,29.0,29.5,73.77289307433273
config_30_det1_b30_s20_h4_w1500,1,30,20,4,1500,18.027756377319946,31.0,29.5,105.1005573657177
config_31_det1_b30_s20_h12_w50,1,30,20,12,50,18.027756377319946,37.0,37.5,32.510183287850055
config_32_det1_b30_s20_h12_w500,1,30,20,12,500,18.027756377319946,39.0,39.5,61.74201920814902
config_33_det1_b30_s20_h12_w1500,1,30,20,12,1500,18.027756377319946,127.0,126.5,96.16066435112332
config_34_det1_b30_s20_h24_w50,1,30,20,24,50,18.027756377319946,39.0,39.5,31.6845045668026
config_35_det1_b30_s20_h24_w500,1,30,20,24,500,18.027756377319946,39.0,38.5,59.47590201526877
config_36_det1_b30_s20_h24_w1500,1,30,20,24,1500,18.027756377319946,39.0,38.5,99.5417746883013
config_37_det2_b15_s5_h4_w50,2,15,5,4,50,2.5,17.0,18.5,31.251765989735222
config_38_det2_b15_s5_h4_w500,2,15,5,4,500,2.5,17.0,17.5,75.23422372169878
config_39_det2_b15_s5_h4_w1500,2,15,5,4,1500,2.5,17.0,17.5,107.96137316181634
config_40_det2_b15_s5_h12_w50,2,15,5,12,50,2.5,17.0,17.5,36.92947153296373
config_41_det2_b15_s5_h12_w500,2,15,5,12,500,2.5,17.0,17.5,87.8228311838947
config_42_det2_b15_s5_h12_w1500,2,15,5,12,1500,2.5,17.0,17.5,117.70087558384728
config_43_det2_b15_s5_h24_w50,2,15,5,24,50,2.5,17.0,17.5,24.80142705195452
config_44_det2_b15_s5_h24_w500,2,15,5,24,500,2.5,17.0,17.5,101.00453862834829
config_45_det2_b15_s5_h24_w1500,2,15,5,24,1500,2.5,17.0,17.5,134.17330386829144
config_46_det2_b15_s20_h4_w50,2,15,20,4,50,10.0,11.0,10.5,23.02862076640637
config_47_det2_b15_s20_h4_w500,2,15,20,4,500,10.0,61.0,10.5,84.86082372238108
config_48_det2_b15_s20_h4_w1500,2,15,20,4,1500,10.0,149.0,149.5,106.12473659505056
config_49_det2_b15_s20_h12_w50,2,15,20,12,50,10.0,11.0,10.5,21.672932511055816
config_50_det2_b15_s20_h12_w500,2,15,20,12,500,10.0,61.0,60.5,79.11585043577361
config_51_det2_b15_s20_h12_w1500,2,15,20,12,1500,10.0,125.0,125.5,106.83780867341616
config_52_det2_b15_s20_h24_w50,2,15,20,24,50,10.0,11.0,10.5,21.67260202162449
config_53_det2_b15_s20_h24_w500,2,15,20,24,500,10.0,51.0,51.5,64.80250003724451
config_54_det2_b15_s20_h24_w1500,2,15,20,24,1500,10.0,51.0,51.5,93.77036662224748
config_55_det2_b30_s5_h4_w50,2,30,5,4,50,2.5,31.0,32.5,24.847435937836625
config_56_det2_b30_s5_h4_w500,2,30,5,4,500,2.5,31.0,32.5,69.23616535896625
config_57_det2_b30_s5_h4_w1500,2,30,5,4,1500,2.5,31.0,32.5,95.936902779909
config_58_det2_b30_s5_h12_w50,2,30,5,12,50,2.5,31.0,32.5,42.6593397657751
config_59_det2_b30_s5_h12_w500,2,30,5,12,500,2.5,129.0,129.5,86.40357806202164
config_60_det2_b30_s5_h12_w1500,2,30,5,12,1500,2.5,31.0,32.5,102.9389291742924
config_61_det2_b30_s5_h24_w50,2,30,5,24,50,2.5,31.0,32.5,26.678761249026
config_62_det2_b30_s5_h24_w500,2,30,5,24,500,2.5,31.0,32.5,84.76683752082356
config_63_det2_b30_s5_h24_w1500,2,30,5,24,1500,2.5,31.0,32.5,131.82394659685488
config_64_det2_b30_s20_h4_w50,2,30,20,4,50,10.0,11.0,10.5,25.22525133870519
config_65_det2_b30_s20_h4_w500,2,30,20,4,500,10.0,43.0,43.5,76.43034032572842
config_66_det2_b30_s20_h4_w1500,2,30,20,4,1500,10.0,43.0,43.5,109.84631597055566
config_67_det2_b30_s20_h12_w50,2,30,20,12,50,10.0,43.0,10.5,28.39049786672654
config_68_det2_b30_s20_h12_w500,2,30,20,12,500,10.0,117.0,44.5,77.90977653980161
config_69_det2_b30_s20_h12_w1500,2,30,20,12,1500,10.0,45.0,44.5,107.192713616487
config_70_det2_b30_s20_h24_w50,2,30,20,24,50,10.0,43.0,10.5,28.33858048034193
config_71_det2_b30_s20_h24_w500,2,30,20,24,500,10.0,45.0,44.5,70.3949630881337
config_72_det2_b30_s20_h24_w1500,2,30,20,24,1500,10.0,45.0,44.5,97.41553074552088
config_73_det1_b10_s8_h10_w250,1,10,8,10,250,6.4031242374328485,13.0,13.5,61.06495144179221
config_74_det1_b10_s8_h10_w1000,1,10,8,10,1000,6.4031242374328485,13.0,13.5,97.26927341663134
config_75_det1_b10_s8_h15_w250,1,10,8,15,250,6.4031242374328485,13.0,13.5,50.52725815963913
config_76_det1_b10_s8_h15_w1000,1,10,8,15,1000,6.4031242374328485,13.0,13.5,97.56970934232352
config_77_det1_b10_s12_h10_w250,1,10,12,10,250,7.810249675906654,17.0,18.5,42.716350873978776
config_78_det1_b10_s12_h10_w1000,1,10,12,10,1000,7.810249675906654,19.0,18.5,87.80571718785232
config_79_det1_b10_s12_h15_w250,1,10,12,15,250,7.810249675906654,17.0,18.5,41.08480653773941
config_80_det1_b10_s12_h15_w1000,1,10,12,15,1000,7.810249675906654,19.0,18.5,82.48424341609105
config_81_det2_b10_s8_h10_w250,2,10,8,10,250,4.0,17.0,15.5,68.29466340198566
config_82_det2_b10_s8_h10_w1000,2,10,8,10,1000,4.0,17.0,16.5,98.24083332427506
config_83_det2_b10_s8_h15_w250,2,10,8,15,250,4.0,17.0,15.5,50.75531166718694
config_84_det2_b10_s8_h15_w1000,2,10,8,15,1000,4.0,17.0,16.5,98.76994144060832
config_85_det2_b10_s12_h10_w250,2,10,12,10,250,6.0,33.0,32.5,60.23833756546332
config_86_det2_b10_s12_h10_w1000,2,10,12,10,1000,6.0,147.0,147.5,102.17864472426038
config_87_det2_b10_s12_h15_w250,2,10,12,15,250,6.0,33.0,32.5,49.45903572488995
config_88_det2_b10_s12_h15_w1000,2,10,12,15,1000,6.0,147.0,146.5,97.6145914286774
config_89_det1_b10_s5_h15_w250,1,10,5,15,250,5.5901699437494745,29.0,8.5,66.31235305784826
config_90_det1_b10_s5_h15_w1000,1,10,5,15,1000,5.5901699437494745,27.0,27.5,95.8182615517196
config_91_det1_b10_s5_h24_w250,1,10,5,24,250,5.5901699437494745,29.0,8.5,50.73096719611373
config_92_det1_b10_s5_h24_w1000,1,10,5,24,1000,5.5901699437494745,149.0,147.5,102.51141063394576
config_93_det2_b10_s5_h15_w250,2,10,5,15,250,2.5,13.0,13.5,74.91524094153064
config_94_det2_b10_s5_h15_w1000,2,10,5,15,1000,2.5,13.0,13.5,106.03568999486096
config_95_det2_b10_s5_h24_w250,2,10,5,24,250,2.5,13.0,13.5,66.30984858193027
config_96_det2_b10_s5_h24_w1000,2,10,5,24,1000,2.5,135.0,13.5,111.3137555520763
