cfg,det,b,s,H,W,Rex,Rconv,R2,R1,R3
config_01_det1_b15_s5_h4_w50,1,15,5,4,50,7.905694150420948,28.319382083129454,36.90569415042096,8.405694150420949,36.405694150420956
config_02_det1_b15_s5_h4_w500,1,15,5,4,500,7.905694150420948,68.95441704451487,36.90569415042096,8.405694150420949,36.405694150420956
config_03_det1_b15_s5_h4_w1500,1,15,5,4,1500,7.905694150420948,103.161496332505,36.90569415042096,8.405694150420949,36.405694150420956
config_04_det1_b15_s5_h12_w50,1,15,5,12,50,7.905694150420948,28.271984367539865,8.905694150420949,8.405694150420949,81.40569415042097
config_05_det1_b15_s5_h12_w500,1,15,5,12,500,7.905694150420948,80.50912879433902,150.905694150421,8.405694150420949,150.40569415042097
config_06_det1_b15_s5_h12_w1500,1,15,5,12,1500,7.905694150420948,100.44387557541144,16.905694150420953,8.405694150420949,36.405694150420956
config_07_det1_b15_s5_h24_w50,1,15,5,24,50,7.905694150420948,24.299461639171604,150.905694150421,150.40569415042106,150.40569415042097
config_08_det1_b15_s5_h24_w500,1,15,5,24,500,7.905694150420948,92.0125209727292,136.905694150421,8.405694150420949,138.40569415042097
config_09_det1_b15_s5_h24_w1500,1,15,5,24,1500,7.905694150420948,113.91770553246243,134.905694150421,8.405694150420949,135.40569415042097
config_10_det1_b15_s20_h4_w50,1,15,20,4,50,12.5,26.096520476059705,135.5,137.0,143.0
config_11_det1_b15_s20_h4_w500,1,15,20,4,500,12.5,78.44315162862321,145.5,146.0,146.0
config_12_det1_b15_s20_h4_w1500,1,15,20,4,1500,12.5,106.14286606869332,145.5,145.0,146.0
config_13_det1_b15_s20_h12_w50,1,15,20,12,50,12.5,26.1163986430081,113.5,113.0,113.0
config_14_det1_b15_s20_h12_w500,1,15,20,12,500,12.5,64.869039288154,113.5,114.0,113.0
config_15_det1_b15_s20_h12_w1500,1,15,20,12,1500,12.5,102.79792790822422,139.5,31.0,140.0
config_16_det1_b15_s20_h24_w50,1,15,20,24,50,12.5,26.078153004461488,107.5,108.0,107.0
config_17_det1_b15_s20_h24_w500,1,15,20,24,500,12.5,60.64625292904245,31.5,31.0,32.0
config_18_det1_b15_s20_h24_w1500,1,15,20,24,1500,12.5,92.31197199802496,31.5,31.0,32.0
config_19_det1_b30_s5_h4_w50,1,30,5,4,50,15.20690632574555,31.261821195343355,32.20690632574555,32.70690632574555,31.70690632574555
config_20_det1_b30_s5_h4_w500,1,30,5,4,500,15.20690632574555,66.45996170354726,32.20690632574555,15.70690632574555,31.70690632574555
config_21_det1_b30_s5_h4_w1500,1,30,5,4,1500,15.20690632574555,91.71042052766283,32.20690632574555,21.70690632574555,31.70690632574555
config_22_det1_b30_s5_h12_w50,1,30,5,12,50,15.20690632574555,36.69729397354982,136.20690632574554,15.70690632574555,136.70690632574554
config_23_det1_b30_s5_h12_w500,1,30,5,12,500,15.20690632574555,72.40195154513131,68.20690632574555,68.70690632574555,67.70690632574555
config_24_det1_b30_s5_h12_w1500,1,30,5,12,1500,15.20690632574555,96.15430257743456,70.20690632574555,69.70690632574555,67.70690632574555
config_25_det1_b30_s5_h24_w50,1,30,5,24,50,15.20690632574555,30.458473197601144,120.20690632574555,15.70690632574555,121.70690632574555
config_26_det1_b30_s5_h24_w500,1,30,5,24,500,15.20690632574555,93.44233596397544,32.20690632574555,15.70690632574555,139.70690632574554
config_27_det1_b30_s5_h24_w1500,1,30,5,24,1500,15.20690632574555,119.78118112951798,32.20690632574555,32.70690632574555,136.70690632574554
config_28_det1_b30_s20_h4_w50,1,30,20,4,50,18.027756377319946,32.68801455253797,149.02775637731995,149.52775637731995,148.52775637731995
config_29_det1_b30_s20_h4_w500,1,30,20,4,500,18.027756377319946,73.77289307433273,149.02775637731995,149.52775637731995,148.52775637731995
config_30_det1_b30_s20_h4_w1500,1,30,20,4,1500,18.027756377319946,105.1005573657177,31.027756377319946,29.527756377319946,28.527756377319946
config_31_det1_b30_s20_h12_w50,1,30,20,12,50,18.027756377319946,32.510183287850055,125.02775637731995,125.52775637731995,124.52775637731995
config_32_det1_b30_s20_h12_w500,1,30,20,12,500,18.027756377319946,61.74201920814902,125.02775637731995,125.52775637731995,127.52775637731995
config_33_det1_b30_s20_h12_w1500,1,30,20,12,1500,18.027756377319946,96.16066435112332,127.02775637731995,126.52775637731995,127.52775637731995
config_34_det1_b30_s20_h24_w50,1,30,20,24,50,18.027756377319946,31.6845045668026,39.027756377319946,39.527756377319946,40.527756377319946
config_35_det1_b30_s20_h24_w500,1,30,20,24,500,18.027756377319946,59.47590201526877,39.027756377319946,38.527756377319946,40.527756377319946
config_36_det1_b30_s20_h24_w1500,1,30,20,24,1500,18.027756377319946,99.5417746883013,39.027756377319946,38.527756377319946,37.527756377319946
config_37_det2_b15_s5_h4_w50,2,15,5,4,50,2.5,31.251765989735222,17.5,18.0,151.0
config_38_det2_b15_s5_h4_w500,2,15,5,4,500,2.5,75.23422372169878,17.5,18.0,37.0
config_39_det2_b15_s5_h4_w1500,2,15,5,4,1500,2.5,107.96137316181634,17.5,18.0,37.0
config_40_det2_b15_s5_h12_w50,2,15,5,12,50,2.5,36.92947153296373,17.5,18.0,151.0
config_41_det2_b15_s5_h12_w500,2,15,5,12,500,2.5,87.8228311838947,17.5,18.0,16.0
config_42_det2_b15_s5_h12_w1500,2,15,5,12,1500,2.5,117.70087558384728,17.5,18.0,16.0
config_43_det2_b15_s5_h24_w50,2,15,5,24,50,2.5,24.80142705195452,17.5,18.0,16.0
config_44_det2_b15_s5_h24_w500,2,15,5,24,500,2.5,101.00453862834829,17.5,18.0,151.0
config_45_det2_b15_s5_h24_w1500,2,15,5,24,1500,2.5,134.17330386829144,17.5,18.0,151.0
config_46_det2_b15_s20_h4_w50,2,15,20,4,50,10.0,23.02862076640637,149.0,149.5,149.5
config_47_det2_b15_s20_h4_w500,2,15,20,4,500,10.0,84.86082372238108,149.0,149.5,149.5
config_48_det2_b15_s20_h4_w1500,2,15,20,4,1500,10.0,106.12473659505056,149.0,149.5,149.5
config_49_det2_b15_s20_h12_w50,2,15,20,12,50,10.0,21.672932511055816,149.0,149.5,149.5
config_50_det2_b15_s20_h12_w500,2,15,20,12,500,10.0,79.11585043577361,149.0,149.5,149.5
config_51_det2_b15_s20_h12_w1500,2,15,20,12,1500,10.0,106.83780867341616,149.0,149.5,149.5
config_52_det2_b15_s20_h24_w50,2,15,20,24,50,10.0,21.67260202162449,53.0,52.5,122.5
config_53_det2_b15_s20_h24_w500,2,15,20,24,500,10.0,64.80250003724451,51.0,51.5,50.5
config_54_det2_b15_s20_h24_w1500,2,15,20,24,1500,10.0,93.77036662224748,51.0,51.5,149.5
config_55_det2_b30_s5_h4_w50,2,30,5,4,50,2.5,24.847435937836625,31.5,32.0,31.0
config_56_det2_b30_s5_h4_w500,2,30,5,4,500,2.5,69.23616535896625,31.5,32.0,31.0
config_57_det2_b30_s5_h4_w1500,2,30,5,4,1500,2.5,95.936902779909,31.5,32.0,31.0
config_58_det2_b30_s5_h12_w50,2,30,5,12,50,2.5,42.6593397657751,149.5,150.0,151.0
config_59_det2_b30_s5_h12_w500,2,30,5,12,500,2.5,86.40357806202164,31.5,32.0,31.0
config_60_det2_b30_s5_h12_w1500,2,30,5,12,1500,2.5,102.9389291742924,31.5,32.0,31.0
config_61_det2_b30_s5_h24_w50,2,30,5,24,50,2.5,26.678761249026,31.5,32.0,31.0
config_62_det2_b30_s5_h24_w500,2,30,5,24,500,2.5,84.76683752082356,31.5,32.0,31.0
config_63_det2_b30_s5_h24_w1500,2,30,5,24,1500,2.5,131.82394659685488,31.5,32.0,130.0
config_64_det2_b30_s20_h4_w50,2,30,20,4,50,10.0,25.22525133870519,43.0,42.5,149.5
config_65_det2_b30_s20_h4_w500,2,30,20,4,500,10.0,76.43034032572842,43.0,43.5,41.5
config_66_det2_b30_s20_h4_w1500,2,30,20,4,1500,10.0,109.84631597055566,43.0,43.5,41.5
config_67_det2_b30_s20_h12_w50,2,30,20,12,50,10.0,28.39049786672654,45.0,44.5,44.5
config_68_det2_b30_s20_h12_w500,2,30,20,12,500,10.0,77.90977653980161,45.0,44.5,44.5
config_69_det2_b30_s20_h12_w1500,2,30,20,12,1500,10.0,107.192713616487,149.0,149.5,149.5
config_70_det2_b30_s20_h24_w50,2,30,20,24,50,10.0,28.33858048034193,45.0,45.5,44.5
config_71_det2_b30_s20_h24_w500,2,30,20,24,500,10.0,70.3949630881337,45.0,44.5,44.5
config_72_det2_b30_s20_h24_w1500,2,30,20,24,1500,10.0,97.41553074552088,45.0,44.5,44.5
config_73_det1_b10_s8_h10_w250,1,10,8,10,250,6.4031242374328485,61.06495144179221,13.403124237432849,13.903124237432849,13.903124237432849
config_74_det1_b10_s8_h10_w1000,1,10,8,10,1000,6.4031242374328485,97.26927341663134,13.403124237432849,13.903124237432849,13.903124237432849
config_75_det1_b10_s8_h15_w250,1,10,8,15,250,6.4031242374328485,50.52725815963913,13.403124237432849,13.903124237432849,13.903124237432849
config_76_det1_b10_s8_h15_w1000,1,10,8,15,1000,6.4031242374328485,97.56970934232352,13.403124237432849,13.903124237432849,34.90312423743285
config_77_det1_b10_s12_h10_w250,1,10,12,10,250,7.810249675906654,42.716350873978776,18.810249675906654,18.310249675906654,18.310249675906654
config_78_det1_b10_s12_h10_w1000,1,10,12,10,1000,7.810249675906654,87.80571718785232,18.810249675906654,18.310249675906654,18.310249675906654
config_79_det1_b10_s12_h15_w250,1,10,12,15,250,7.810249675906654,41.08480653773941,40.810249675906654,18.310249675906654,18.310249675906654
config_80_det1_b10_s12_h15_w1000,1,10,12,15,1000,7.810249675906654,82.48424341609105,18.810249675906654,18.310249675906654,18.310249675906654
config_81_det2_b10_s8_h10_w250,2,10,8,10,250,4.0,68.29466340198566,17.0,15.5,149.5
config_82_det2_b10_s8_h10_w1000,2,10,8,10,1000,4.0,98.24083332427506,17.0,16.5,149.5
config_83_det2_b10_s8_h15_w250,2,10,8,15,250,4.0,50.75531166718694,17.0,15.5,149.5
config_84_det2_b10_s8_h15_w1000,2,10,8,15,1000,4.0,98.76994144060832,17.0,16.5,149.5
config_85_det2_b10_s12_h10_w250,2,10,12,10,250,6.0,60.23833756546332,149.0,149.5,148.5
config_86_det2_b10_s12_h10_w1000,2,10,12,10,1000,6.0,102.17864472426038,149.0,148.5,148.5
config_87_det2_b10_s12_h15_w250,2,10,12,15,250,6.0,49.45903572488995,149.0,148.5,148.5
config_88_det2_b10_s12_h15_w1000,2,10,12,15,1000,6.0,97.6145914286774,149.0,148.5,148.5
config_89_det1_b10_s5_h15_w250,1,10,5,15,250,5.5901699437494745,66.31235305784826,146.5901699437495,147.0901699437495,148.0901699437495
config_90_det1_b10_s5_h15_w1000,1,10,5,15,1000,5.5901699437494745,95.8182615517196,26.590169943749473,27.090169943749473,28.090169943749473
config_91_det1_b10_s5_h24_w250,1,10,5,24,250,5.5901699437494745,50.73096719611373,148.5901699437495,149.0901699437495,151.0901699437495
config_92_det1_b10_s5_h24_w1000,1,10,5,24,1000,5.5901699437494745,102.51141063394576,150.5901699437495,150.0901699437495,151.0901699437495
config_93_det2_b10_s5_h15_w250,2,10,5,15,250,2.5,74.91524094153064,13.5,13.0,139.0
config_94_det2_b10_s5_h15_w1000,2,10,5,15,1000,2.5,106.03568999486096,13.5,13.0,139.0
config_95_det2_b10_s5_h24_w250,2,10,5,24,250,2.5,66.30984858193027,141.5,13.0,142.0
config_96_det2_b10_s5_h24_w1000,2,10,5,24,1000,2.5,111.3137555520763,139.5,13.0,142.0
