ConfigName,Det,P_2,I_2,P_3,I_3,P_4,I_4
config_01_det1_b15_s5_h4_w50,1,33.12519245227113,32.975088661324655,32.60262067687197,32.69283751833113,32.11779837134267,32.678373965055236
config_02_det1_b15_s5_h4_w500,1,64.04387460952061,50.88923633736313,63.45458065069499,50.60868379043264,63.198989751067664,49.803340751399396
config_03_det1_b15_s5_h4_w1500,1,94.00252641403965,70.4839909916508,93.10787344377607,70.34960060693703,92.40911533621681,70.00526835333339
config_04_det1_b15_s5_h12_w50,1,29.132255414841392,41.98454775271493,29.09993699878633,41.928430092241705,28.914465814421224,41.91649105331006
config_05_det1_b15_s5_h12_w500,1,77.93530240597717,83.3461119369104,77.51208131639866,83.26463818586028,76.92549552073818,83.0068971364562
config_06_det1_b15_s5_h12_w1500,1,97.30753146882083,99.8248483456009,96.46687564766583,99.01740166926888,95.59585866785467,98.20858329765953
config_07_det1_b15_s5_h24_w50,1,29.119833590412796,30.903515172225955,29.1012168035023,30.90216416369572,28.915753828050978,30.332247691194926
config_08_det1_b15_s5_h24_w500,1,79.64210282047222,88.41532978882489,79.10316409249661,88.13615808004744,78.82610061958468,87.90458779583439
config_09_det1_b15_s5_h24_w1500,1,107.38246106531759,115.91525172872349,106.13589611646213,115.07929560862708,105.53456970480231,114.69472234298024
config_10_det1_b15_s20_h4_w50,1,25.422829034375997,23.651015071004647,25.282237396594827,23.518794198588406,25.272980191852678,23.51375513514495
config_11_det1_b15_s20_h4_w500,1,69.42600567430686,32.90437850803446,67.05765460905016,31.5757713022712,66.15244442027654,31.23871529582056
config_12_det1_b15_s20_h4_w1500,1,99.16024713115186,47.58724604461904,97.07612684268867,47.02313880775435,96.95928047095052,46.85188318876129
config_13_det1_b15_s20_h12_w50,1,25.781647219162185,23.9622727196084,25.6537481017232,23.816899054149673,25.650083658083194,23.815135535107828
config_14_det1_b15_s20_h12_w500,1,57.264194504264374,46.51196246964621,55.98002868087074,45.120786968609785,55.44324212401563,44.95290143274649
config_15_det1_b15_s20_h12_w1500,1,92.6877438559765,57.12300105911804,88.73846560414361,56.16827247951759,86.26816821529377,54.79117426901688
config_16_det1_b15_s20_h24_w50,1,25.781647219162185,24.071448047658272,25.6537481017232,23.91187263218374,25.650083658083194,23.91011611803209
config_17_det1_b15_s20_h24_w500,1,54.98058836737037,39.500949531484544,54.378555567020676,38.77013849457968,53.82739505431535,38.74088459094461
config_18_det1_b15_s20_h24_w1500,1,82.36147047888622,53.424005476107,81.61693392169163,51.99581660522743,81.1011936478811,51.453881723777116
config_19_det1_b30_s5_h4_w50,1,45.118735483905866,44.595594264207065,45.112679912513386,44.593312590317595,45.10773630986152,44.58803588906383
config_20_det1_b30_s5_h4_w500,1,70.80367094610592,58.01277313852719,67.85589162171387,56.79654222162942,66.80920647219547,56.377580379477486
config_21_det1_b30_s5_h4_w1500,1,92.19582917175086,66.04594118658785,90.57152866964074,64.46857718644367,89.4424968904603,64.3868311673884
config_22_det1_b30_s5_h12_w50,1,39.11944973056525,57.60534986729386,39.07583456846728,56.819520926643975,39.062524844436545,56.72519244862315
config_23_det1_b30_s5_h12_w500,1,79.83380210370375,94.48285558766733,79.1786783869945,93.90466937567885,78.08301102743869,93.69572191704141
config_24_det1_b30_s5_h12_w1500,1,104.61092126170298,117.49668972878438,102.83529414662176,116.53387383074504,102.3236629524178,116.52052668473864
config_25_det1_b30_s5_h24_w50,1,39.09057235731171,57.75334862826378,39.079493947877864,57.07578976919879,39.06386882046147,57.06370806193528
config_26_det1_b30_s5_h24_w500,1,94.18812351411992,118.10183458919397,93.4857272231673,114.62876208536068,92.96623565694279,114.30133438270381
config_27_det1_b30_s5_h24_w1500,1,125.58332940721074,148.40897715434872,123.80817611217049,147.80495748902786,122.89998491320765,147.5399707141537
config_28_det1_b30_s20_h4_w50,1,36.49308705464335,28.269834236828803,36.48256185418513,28.268587297171006,36.478004597900416,28.268587297171006
config_29_det1_b30_s20_h4_w500,1,74.07789959450344,44.151755029921766,74.05287440966308,43.73421429498877,74.03877165602717,43.7320134455298
config_30_det1_b30_s20_h4_w1500,1,109.30616106707903,50.9411877669839,107.92146379299264,50.661812404523296,104.51673031944057,50.468094156385355
config_31_det1_b30_s20_h12_w50,1,36.63275211853155,34.0935775150948,36.62197370887229,34.0935775150948,36.60812011471407,34.09018227844753
config_32_det1_b30_s20_h12_w500,1,63.191176423435714,69.59225661347357,63.08720716859587,68.45444622764349,62.957144374389934,68.27077858303166
config_33_det1_b30_s20_h12_w1500,1,92.6263890284213,81.00989651476746,91.83278758156044,79.72506715791046,91.62139791312701,79.20126375605098
config_34_det1_b30_s20_h24_w50,1,36.63275211853155,36.45466400582753,36.62197370887229,36.45466400582753,36.60812011471407,36.14787030763746
config_35_det1_b30_s20_h24_w500,1,64.18725903341115,62.20877494819807,64.06583831410379,61.06071318322809,63.88716072541928,60.734003609546804
config_36_det1_b30_s20_h24_w1500,1,91.08730496068046,83.66198467975498,88.30079062499951,82.56605007507626,86.71962580638827,82.44032698800319
config_37_det2_b15_s5_h4_w50,2,39.98595222074872,39.279778689408225,39.62825223246667,39.223633217459316,39.30110703134059,39.21050578466043
config_38_det2_b15_s5_h4_w500,2,66.97733602993378,54.197194346202096,66.23518209548625,53.57239844360153,65.5198149629391,53.487305736969034
config_39_det2_b15_s5_h4_w1500,2,95.48791553850617,68.3810453350277,94.58885174797291,66.07874132847535,94.4825374077136,66.04883294452169
config_40_det2_b15_s5_h12_w50,2,29.69234539405737,59.15254749374704,28.79780156539731,59.13629913175156,28.33336691174481,59.128406056461365
config_41_det2_b15_s5_h12_w500,2,84.5566577804492,87.41779511505526,83.87123687534363,87.02833103523115,83.74753951609564,86.55008609341631
config_42_det2_b15_s5_h12_w1500,2,106.07931191644612,105.89785120052669,105.79285918981277,104.76294139097513,105.43821670374867,103.91662804062369
config_43_det2_b15_s5_h24_w50,2,29.250107787075855,39.92794604033621,28.341609085504572,39.90230413146588,27.86957321365204,39.774349460424865
config_44_det2_b15_s5_h24_w500,2,91.32463804411648,94.63406789077365,90.62369179132403,94.60574506867962,90.37824475502941,94.27782878280556
config_45_det2_b15_s5_h24_w1500,2,123.83936257193116,118.08081084108836,122.70500374656464,116.92373689717586,121.71196668090337,116.86030561220427
config_46_det2_b15_s20_h4_w50,2,25.07408772019433,24.019385400130457,25.059666298656094,23.998309836319724,24.795632175849036,23.998309836319724
config_47_det2_b15_s20_h4_w500,2,79.21280120662317,42.43137842446318,78.79160408952212,41.58808573377716,77.57176596545936,40.74676520903224
config_48_det2_b15_s20_h4_w1500,2,101.76594947339812,48.75549057399701,101.72975706361547,48.71070581618697,101.5970643577417,47.615384710313016
config_49_det2_b15_s20_h12_w50,2,25.07408772019433,25.209202188883328,25.063456964273705,25.209202188883328,24.808131227482654,25.205036699040928
config_50_det2_b15_s20_h12_w500,2,69.5688427027502,41.41828585030744,68.59728786750813,39.34513788258976,68.55147224693444,39.283201279653596
config_51_det2_b15_s20_h12_w1500,2,97.83932761307068,65.65432604008495,97.08255106980975,64.08449370427556,96.81440491992915,63.45170079149442
config_52_det2_b15_s20_h24_w50,2,25.07408772019433,25.209202188883328,25.063456964273705,25.209202188883328,24.808131227482654,25.205036699040928
config_53_det2_b15_s20_h24_w500,2,62.02178548703673,43.68949991448492,60.630659758720896,43.61582870803773,60.539673057333964,43.09531957700795
config_54_det2_b15_s20_h24_w1500,2,84.48100394631788,62.65726613889246,83.64571907422666,62.60988384876269,82.12987250893144,62.58622496648567
config_55_det2_b30_s5_h4_w50,2,38.35045939895781,36.210888287303256,33.784615787202455,34.22068717246274,32.14442344067371,32.46725166310748
config_56_det2_b30_s5_h4_w500,2,65.31023666998068,55.00745315662031,62.02798371613323,52.50002023809134,61.32258567517264,51.188006543416876
config_57_det2_b30_s5_h4_w1500,2,96.29141763994915,65.22281308884357,95.42736301036047,63.914499202710914,94.8615207084048,63.212081629138666
config_58_det2_b30_s5_h12_w50,2,48.24569885837839,66.21188935279423,45.47445879587549,62.9186744712746,43.63162095570393,62.20180921359478
config_59_det2_b30_s5_h12_w500,2,91.94225157673702,100.4672691311288,91.46708356015294,100.08115165537748,90.595299807563,99.85720582689842
config_60_det2_b30_s5_h12_w1500,2,113.53002191050611,120.16194743391567,113.0984800713274,119.56063164306589,112.63949906671282,119.36916815306857
config_61_det2_b30_s5_h24_w50,2,37.78086762282377,90.60366576469188,35.39988680929801,89.95579330982525,34.056748597010845,89.53243841076696
config_62_det2_b30_s5_h24_w500,2,102.17398600752867,128.04627462149944,101.77424390395747,125.35663590997753,101.36899180715965,125.0141757517478
config_63_det2_b30_s5_h24_w1500,2,141.985665356284,153.67892666205083,138.91460706331625,153.34725027422783,138.23542217696752,153.20121572624674
config_64_det2_b30_s20_h4_w50,2,39.905040234425414,36.10886837052637,39.56091979466605,36.08965745196261,39.1210221620039,36.08965745196261
config_65_det2_b30_s20_h4_w500,2,86.7459638029984,53.314804463675934,84.67077048781357,53.00485237221211,84.39549973191698,52.798080904728174
config_66_det2_b30_s20_h4_w1500,2,117.23848516070896,72.29259893731246,116.3233443061003,71.86149080774146,115.85531595965337,71.84008282289211
config_67_det2_b30_s20_h12_w50,2,40.5578645271173,43.68200287303685,40.544153400952894,43.256934415189434,40.101114386011766,43.21077685151137
config_68_det2_b30_s20_h12_w500,2,78.18567759222628,74.2358563970269,77.28461153784468,74.1843539771022,76.15270304168826,73.8389489023239
config_69_det2_b30_s20_h12_w1500,2,101.5122647215049,92.75173508410025,101.46379513019521,92.02378994948353,99.17738905617551,91.9950330784826
config_70_det2_b30_s20_h24_w50,2,40.5578645271173,43.68200287303685,40.544153400952894,43.256934415189434,40.101114386011766,43.21077685151137
config_71_det2_b30_s20_h24_w500,2,68.1406210428927,74.47532635786911,67.82855869764593,73.63719763136021,67.35735576015436,71.76396641072733
config_72_det2_b30_s20_h24_w1500,2,92.79983491963286,101.26825061850991,90.09851475530056,100.14010712774156,90.04385197101342,99.26616549011608
config_73_det1_b10_s8_h10_w250,1,53.83575833031424,35.95730608806938,53.266318704537234,35.806784350951645,51.96522902651135,35.05604659367308
config_74_det1_b10_s8_h10_w1000,1,89.76696094765478,63.43988471160884,87.82602056844479,62.00336460404565,86.8801281460074,61.916305517116314
config_75_det1_b10_s8_h15_w250,1,43.570007044857,30.060039458094895,43.33722770962115,29.639940442660208,43.02080230023093,29.1619605727126
config_76_det1_b10_s8_h15_w1000,1,86.45734135977118,69.57159711405222,83.8772402416505,68.6998564611148,82.76424155730273,68.00517269950049
config_77_det1_b10_s12_h10_w250,1,41.43371463353646,31.808691815288473,41.03734528857019,30.916787510994734,40.6311851701785,30.253629029332075
config_78_det1_b10_s12_h10_w1000,1,79.32089083099245,42.164394866337695,78.57589510572988,41.80748686937943,76.63706883385117,41.429522484978435
config_79_det1_b10_s12_h15_w250,1,40.16587274457426,34.74199927881078,39.856804626061034,34.11489390443873,39.707880724947614,33.91394829401155
config_80_det1_b10_s12_h15_w1000,1,72.6094829474008,40.08434579455898,72.11485486130209,39.650646274682586,71.83207694183552,39.4060327445769
config_81_det2_b10_s8_h10_w250,2,60.388867972499696,51.636468459800774,59.16508577700196,46.12578861114463,58.237671442117254,45.93194286115055
config_82_det2_b10_s8_h10_w1000,2,94.36939276940731,75.0151309736909,92.00534155689006,69.80706894720619,91.28059418627817,69.77734499821557
config_83_det2_b10_s8_h15_w250,2,44.35916337128102,52.38477713038397,43.84943699752598,47.16950683439461,43.686832970587375,46.37891088630694
config_84_det2_b10_s8_h15_w1000,2,92.35135406274357,81.19953124864699,90.07279471195629,77.15638907439876,88.90749320064211,76.0010550913604
config_85_det2_b10_s12_h10_w250,2,49.083824983389384,37.65993062925103,48.44436886780547,35.745704287368575,47.68403835550098,35.27347976880081
config_86_det2_b10_s12_h10_w1000,2,98.59732247885843,62.35741235009676,96.80817042538874,53.130851442452915,96.78245809259262,52.542643395626754
config_87_det2_b10_s12_h15_w250,2,46.08822954700882,41.09318526227919,45.848504610292366,33.110117411449934,45.76752533183327,33.04194115060433
config_88_det2_b10_s12_h15_w1000,2,89.66029717154015,65.64512072500133,86.01965989754254,58.55763293542525,85.76822190583695,54.527336034323184
config_89_det1_b10_s5_h15_w250,1,51.85105792877647,59.7374185963501,51.1892252117355,58.52306608414232,50.09566819818078,57.74281448803825
config_90_det1_b10_s5_h15_w1000,1,87.6689634521692,103.55100856582712,86.95520286650797,93.3701696653344,86.27009983186528,83.93682255455919
config_91_det1_b10_s5_h24_w250,1,39.86659455121683,31.975320344151534,39.51006833707074,31.752195243443843,39.13928848072967,31.292006655942593
config_92_det1_b10_s5_h24_w1000,1,85.82418227917404,103.17684218800694,84.01771927860086,92.57800307188408,81.75462627072957,82.91620820643773
config_93_det2_b10_s5_h15_w250,2,67.12991477972643,68.8053727512935,64.6464183290751,68.1610404157357,64.3217257447107,68.1022349323264
config_94_det2_b10_s5_h15_w1000,2,103.28038300611055,114.14168278941747,102.43030984527968,93.90272670872415,102.26581981668058,89.73601655225546
config_95_det2_b10_s5_h24_w250,2,40.94120903469049,64.49752493097871,39.930952732324215,64.22452586218307,39.612365318308264,63.89206284386539
config_96_det2_b10_s5_h24_w1000,2,100.70251913984632,113.3374368129672,98.30506345046525,92.83220062145583,97.9781509090448,87.83807166219744
