Config,Det,Family,Target,Actual,Predicted,ErrPct
config_01_det1_b15_s5_h4_w50,1,det1_b15_s5_h4,P,28.319382083129454,32.36079235389374,14.270827869411228
config_02_det1_b15_s5_h4_w500,1,det1_b15_s5_h4,P,68.95441704451487,69.25220117925805,0.4318565039146682
config_03_det1_b15_s5_h4_w1500,1,det1_b15_s5_h4,P,103.161496332505,101.4082634451596,1.6995031573548116
config_01_det1_b15_s5_h4_w50,1,det1_b15_s5_h4,I,51.06649613766131,45.99483402034729,9.931486396956245
config_02_det1_b15_s5_h4_w500,1,det1_b15_s5_h4,I,101.60636298972618,102.94371458240354,1.3162085063635136
config_03_det1_b15_s5_h4_w1500,1,det1_b15_s5_h4,I,109.17992056946898,151.19595158500712,38.4832950934455
config_04_det1_b15_s5_h12_w50,1,det1_b15_s5_h12,P,28.271984367539865,31.676944024342667,12.043582129000344
config_05_det1_b15_s5_h12_w500,1,det1_b15_s5_h12,P,80.50912879433902,72.16868965898944,10.35961916400223
config_06_det1_b15_s5_h12_w1500,1,det1_b15_s5_h12,P,100.44387557541144,110.83066379170742,10.340887542215325
config_04_det1_b15_s5_h12_w50,1,det1_b15_s5_h12,I,53.1195479555314,46.75656558123581,11.978607912142456
config_05_det1_b15_s5_h12_w500,1,det1_b15_s5_h12,I,102.9907398750004,104.23834466056461,1.2113756897740722
config_06_det1_b15_s5_h12_w1500,1,det1_b15_s5_h12,I,111.55699676747209,152.81075576927472,36.9799835036716
config_07_det1_b15_s5_h24_w50,1,det1_b15_s5_h24,P,24.299461639171604,30.921772738607437,27.252912833099273
config_08_det1_b15_s5_h24_w500,1,det1_b15_s5_h24,P,92.0125209727292,76.27954795523833,17.098730532721557
config_09_det1_b15_s5_h24_w1500,1,det1_b15_s5_h24,P,113.91770553246243,123.6209845775205,8.517797123549846
config_07_det1_b15_s5_h24_w50,1,det1_b15_s5_h24,I,51.61849837994127,47.7329964810138,7.527343919088824
config_08_det1_b15_s5_h24_w500,1,det1_b15_s5_h24,I,107.59327000328598,105.77794490902524,1.6872106352054375
config_09_det1_b15_s5_h24_w1500,1,det1_b15_s5_h24,I,122.21438017771158,154.62402830983967,26.51868633216592
config_10_det1_b15_s20_h4_w50,1,det1_b15_s20_h4,P,26.096520476059705,25.659231667379085,1.6756594392795687
config_11_det1_b15_s20_h4_w500,1,det1_b15_s20_h4,P,78.44315162862321,63.77097585195573,18.7042150551658
config_12_det1_b15_s20_h4_w1500,1,det1_b15_s20_h4,P,106.14286606869332,95.29114424671504,10.223693992731732
config_10_det1_b15_s20_h4_w50,1,det1_b15_s20_h4,I,32.906672744461886,35.18344116995746,6.918865493256987
config_11_det1_b15_s20_h4_w500,1,det1_b15_s20_h4,I,79.73619882323071,76.92158209081853,3.529910848461656
config_12_det1_b15_s20_h4_w1500,1,det1_b15_s20_h4,I,120.721408853424,111.72002363787226,7.4563288326769985
config_13_det1_b15_s20_h12_w50,1,det1_b15_s20_h12,P,26.1163986430081,26.04170510988869,0.2860024237660679
config_14_det1_b15_s20_h12_w500,1,det1_b15_s20_h12,P,64.869039288154,64.0121237804391,1.320993060970747
config_15_det1_b15_s20_h12_w1500,1,det1_b15_s20_h12,P,102.79792790822422,95.53919333173856,7.061168181294575
config_13_det1_b15_s20_h12_w50,1,det1_b15_s20_h12,I,33.01554347744575,36.49929914897775,10.551865287063618
config_14_det1_b15_s20_h12_w500,1,det1_b15_s20_h12,I,80.68754326963294,79.82910972605458,1.0638984765092383
config_15_det1_b15_s20_h12_w1500,1,det1_b15_s20_h12,I,121.15627328188812,115.96414022546351,4.285484288827817
config_16_det1_b15_s20_h24_w50,1,det1_b15_s20_h24,P,26.078153004461488,25.867223578914476,0.8088357542458049
config_17_det1_b15_s20_h24_w500,1,det1_b15_s20_h24,P,60.64625292904245,63.7382678880885,5.098443530656024
config_18_det1_b15_s20_h24_w1500,1,det1_b15_s20_h24,P,92.31197199802496,95.3597173305892,3.301571038509994
config_16_det1_b15_s20_h24_w50,1,det1_b15_s20_h24,I,33.02160025397517,37.53722455099866,13.67475913430298
config_17_det1_b15_s20_h24_w500,1,det1_b15_s20_h24,I,80.77890590301956,81.95185260374424,1.4520457879596438
config_18_det1_b15_s20_h24_w1500,1,det1_b15_s20_h24,I,120.82296990041073,118.9457637349048,1.553683183796282
config_19_det1_b30_s5_h4_w50,1,det1_b30_s5_h4,P,31.261821195343355,32.709194225445785,4.629842327669716
config_20_det1_b30_s5_h4_w500,1,det1_b30_s5_h4,P,66.45996170354726,68.79301285760378,3.5104611773075916
config_21_det1_b30_s5_h4_w1500,1,det1_b30_s5_h4,P,91.71042052766283,100.49778958906683,9.581647331726538
config_19_det1_b30_s5_h4_w50,1,det1_b30_s5_h4,I,49.23034435747484,47.043872808806384,4.441308662787114
config_20_det1_b30_s5_h4_w500,1,det1_b30_s5_h4,I,112.38239519604484,103.20620973997659,8.16514494112793
config_21_det1_b30_s5_h4_w1500,1,det1_b30_s5_h4,I,153.55895470289073,150.14155815199783,2.2254622385942633
config_22_det1_b30_s5_h12_w50,1,det1_b30_s5_h12,P,36.69729397354982,31.524254761787436,14.096514079460292
config_23_det1_b30_s5_h12_w500,1,det1_b30_s5_h12,P,72.40195154513131,72.0659542352632,0.46407217305277115
config_24_det1_b30_s5_h12_w1500,1,det1_b30_s5_h12,P,96.15430257743456,111.94683313101014,16.42415381345791
config_22_det1_b30_s5_h12_w50,1,det1_b30_s5_h12,I,53.702121181983536,48.3825711679665,9.905660888124626
config_23_det1_b30_s5_h12_w500,1,det1_b30_s5_h12,I,113.84607365259072,106.767776864301,6.217427234152702
config_24_det1_b30_s5_h12_w1500,1,det1_b30_s5_h12,I,153.85295509565836,155.75831141603874,1.238426859721816
config_25_det1_b30_s5_h24_w50,1,det1_b30_s5_h24,P,30.458473197601144,30.878294811519538,1.3783409667148336
config_26_det1_b30_s5_h24_w500,1,det1_b30_s5_h24,P,93.44233596397544,76.01411015308477,18.65131648422159
config_27_det1_b30_s5_h24_w1500,1,det1_b30_s5_h24,P,119.78118112951798,124.69847162869723,4.105227927133438
config_25_det1_b30_s5_h24_w50,1,det1_b30_s5_h24,I,56.15162224331151,48.309709427424394,13.965603312237699
config_26_det1_b30_s5_h24_w500,1,det1_b30_s5_h24,I,119.58537280490825,107.0140935921348,10.512388695967232
config_27_det1_b30_s5_h24_w1500,1,det1_b30_s5_h24,I,162.22850396893884,156.40181365227363,3.5916563206308165
config_28_det1_b30_s20_h4_w50,1,det1_b30_s20_h4,P,32.68801455253797,31.517016462461292,3.582346943080887
config_29_det1_b30_s20_h4_w500,1,det1_b30_s20_h4,P,73.77289307433273,68.2233596619239,7.5224559877531005
config_30_det1_b30_s20_h4_w1500,1,det1_b30_s20_h4,P,105.1005573657177,98.60359331817008,6.181664693689663
config_28_det1_b30_s20_h4_w50,1,det1_b30_s20_h4,I,36.70511487971852,39.741744702603405,8.27304268856213
config_29_det1_b30_s20_h4_w500,1,det1_b30_s20_h4,I,84.0769666403614,86.88185476064642,3.3360957612599202
config_30_det1_b30_s20_h4_w1500,1,det1_b30_s20_h4,I,139.56397676732743,126.18236397505878,9.588156702196631
config_31_det1_b30_s20_h12_w50,1,det1_b30_s20_h12,P,32.510183287850055,31.845742973216712,2.0437913522365836
config_32_det1_b30_s20_h12_w500,1,det1_b30_s20_h12,P,61.74201920814902,68.41515725879059,10.80809817402411
config_33_det1_b30_s20_h12_w1500,1,det1_b30_s20_h12,P,96.16066435112332,98.85375581129551,2.800616528956768
config_31_det1_b30_s20_h12_w50,1,det1_b30_s20_h12,I,36.72906149540624,41.13600905513786,11.998530265421575
config_32_det1_b30_s20_h12_w500,1,det1_b30_s20_h12,I,86.52612659384062,89.7056253528063,3.6746112233712447
config_33_det1_b30_s20_h12_w1500,1,det1_b30_s20_h12,I,140.2238553567513,130.12829910231713,7.199599689189479
config_34_det1_b30_s20_h24_w50,1,det1_b30_s20_h24,P,31.6845045668026,31.353531223487753,1.0445905588235886
config_35_det1_b30_s20_h24_w500,1,det1_b30_s20_h24,P,59.47590201526877,67.5315860906461,13.544450445340463
config_36_det1_b30_s20_h24_w1500,1,det1_b30_s20_h24,P,99.5417746883013,97.90566520839394,1.6436410592744293
config_34_det1_b30_s20_h24_w50,1,det1_b30_s20_h24,I,37.6229977318838,42.09526303037516,11.88705198443375
config_35_det1_b30_s20_h24_w500,1,det1_b30_s20_h24,I,85.62035802502423,91.6074282956012,6.992577943702508
config_36_det1_b30_s20_h24_w1500,1,det1_b30_s20_h24,I,140.49523855118915,132.75574644289168,5.5087219952138105
config_37_det2_b15_s5_h4_w50,2,det2_b15_s5_h4,P,31.251765989735222,34.028067022182555,8.883661273283629
config_38_det2_b15_s5_h4_w500,2,det2_b15_s5_h4,P,75.23422372169878,75.68360200296486,0.5973056662728218
config_39_det2_b15_s5_h4_w1500,2,det2_b15_s5_h4,P,107.96137316181634,112.05281684347827,3.7897291983583123
config_37_det2_b15_s5_h4_w50,2,det2_b15_s5_h4,I,52.03003339418493,46.16222175300383,11.277739525412095
config_38_det2_b15_s5_h4_w500,2,det2_b15_s5_h4,I,100.1883694597332,97.49269716825546,2.6906040152306847
config_39_det2_b15_s5_h4_w1500,2,det2_b15_s5_h4,I,106.54847749055618,139.27923815606493,30.71912563782041
config_40_det2_b15_s5_h12_w50,2,det2_b15_s5_h12,P,36.92947153296373,32.87107581768456,10.989585138407929
config_41_det2_b15_s5_h12_w500,2,det2_b15_s5_h12,P,87.8228311838947,78.31859190167823,10.82205976975996
config_42_det2_b15_s5_h12_w1500,2,det2_b15_s5_h12,P,117.70087558384728,122.28302580936209,3.8930468467505963
config_40_det2_b15_s5_h12_w50,2,det2_b15_s5_h12,I,60.51947930212222,49.8612021723271,17.61131664168395
config_41_det2_b15_s5_h12_w500,2,det2_b15_s5_h12,I,104.75128340502565,105.22416662669062,0.45143429874414753
config_42_det2_b15_s5_h12_w1500,2,det2_b15_s5_h12,I,118.8210919361074,150.2695845296105,26.46709610311748
config_43_det2_b15_s5_h24_w50,2,det2_b15_s5_h24,P,24.80142705195452,32.601286022202665,31.44923456988522
config_44_det2_b15_s5_h24_w500,2,det2_b15_s5_h24,P,101.00453862834829,83.08737377427161,17.738970047676627
config_45_det2_b15_s5_h24_w1500,2,det2_b15_s5_h24,P,134.17330386829144,135.08014532084255,0.6758732373776
config_43_det2_b15_s5_h24_w50,2,det2_b15_s5_h24,I,57.22627783632271,53.16349927849979,7.099498187603924
config_44_det2_b15_s5_h24_w500,2,det2_b15_s5_h24,I,113.40966118457456,111.58962995381091,1.604829087533857
config_45_det2_b15_s5_h24_w1500,2,det2_b15_s5_h24,I,126.32643527781508,158.9504586845633,25.82517533642265
config_46_det2_b15_s20_h4_w50,2,det2_b15_s20_h4,P,23.02862076640637,22.529531058476053,2.1672583564291332
config_47_det2_b15_s20_h4_w500,2,det2_b15_s20_h4,P,84.86082372238108,69.6322715476334,17.945326838409336
config_48_det2_b15_s20_h4_w1500,2,det2_b15_s20_h4,P,106.12473659505056,108.58107709835959,2.3145786572662086
config_46_det2_b15_s20_h4_w50,2,det2_b15_s20_h4,I,40.35272312854349,35.75359424871443,11.397319742656641
config_47_det2_b15_s20_h4_w500,2,det2_b15_s20_h4,I,84.08303229216013,73.81445764518799,12.212421896598963
config_48_det2_b15_s20_h4_w1500,2,det2_b15_s20_h4,I,128.30126276766637,104.31567436523581,18.694740710280254
config_49_det2_b15_s20_h12_w50,2,det2_b15_s20_h12,P,21.672932511055816,22.612571934361224,4.33554353028174
config_50_det2_b15_s20_h12_w500,2,det2_b15_s20_h12,P,79.11585043577361,69.34633273289413,12.348369699710673
config_51_det2_b15_s20_h12_w1500,2,det2_b15_s20_h12,P,106.83780867341616,108.13663781988681,1.215701784413173
config_49_det2_b15_s20_h12_w50,2,det2_b15_s20_h12,I,40.35272312854349,40.55974035519647,0.5130192229989701
config_50_det2_b15_s20_h12_w500,2,det2_b15_s20_h12,I,84.5809867490587,84.28958095544331,0.34452872308045696
config_51_det2_b15_s20_h12_w1500,2,det2_b15_s20_h12,I,129.57758711804033,119.49374388716895,7.782089059649935
config_52_det2_b15_s20_h24_w50,2,det2_b15_s20_h24,P,21.67260202162449,22.172643281219692,2.307250689586199
config_53_det2_b15_s20_h24_w500,2,det2_b15_s20_h24,P,64.80250003724451,69.22220530653745,6.820269691374186
config_54_det2_b15_s20_h24_w1500,2,det2_b15_s20_h24,P,93.77036662224748,108.4853848017709,15.692610266527652
config_52_det2_b15_s20_h24_w50,2,det2_b15_s20_h24,I,40.35272312854349,43.74872985836938,8.415805592618675
config_53_det2_b15_s20_h24_w500,2,det2_b15_s20_h24,I,84.61596078426601,90.6740926975501,7.159561691593498
config_54_det2_b15_s20_h24_w1500,2,det2_b15_s20_h24,I,129.64791970306862,128.38094676074078,0.9772412432297993
config_55_det2_b30_s5_h4_w50,2,det2_b30_s5_h4,P,24.847435937836625,33.628235074173,35.338854110758945
config_56_det2_b30_s5_h4_w500,2,det2_b30_s5_h4,P,69.23616535896625,73.87775153068318,6.70399082279019
config_57_det2_b30_s5_h4_w1500,2,det2_b30_s5_h4,P,95.936902779909,109.08192340204195,13.70173545448849
config_55_det2_b30_s5_h4_w50,2,det2_b30_s5_h4,I,42.78504103201387,48.02720897237508,12.252338232979042
config_56_det2_b30_s5_h4_w500,2,det2_b30_s5_h4,I,106.03371515701971,99.51351501792801,6.149176353423323
config_57_det2_b30_s5_h4_w1500,2,det2_b30_s5_h4,I,145.4740320469602,140.8772000323359,3.1598986774082047
config_58_det2_b30_s5_h12_w50,2,det2_b30_s5_h12,P,42.6593397657751,31.050598038870298,27.212661496037285
config_59_det2_b30_s5_h12_w500,2,det2_b30_s5_h12,P,86.40357806202164,73.22879467572997,15.247960422234632
config_60_det2_b30_s5_h12_w1500,2,det2_b30_s5_h12,P,102.9389291742924,116.38930727038704,13.06636682932747
config_58_det2_b30_s5_h12_w50,2,det2_b30_s5_h12,I,56.17125265649681,51.91398876756607,7.579079489227565
config_59_det2_b30_s5_h12_w500,2,det2_b30_s5_h12,I,107.19113562023472,108.51716511724854,1.2370701078415507
config_60_det2_b30_s5_h12_w1500,2,det2_b30_s5_h12,I,149.3985727099753,154.26924881982612,3.260189184876735
config_61_det2_b30_s5_h24_w50,2,det2_b30_s5_h24,P,26.678761249026,31.053536306492823,16.39796921840417
config_62_det2_b30_s5_h24_w500,2,det2_b30_s5_h24,P,84.76683752082356,81.04448812519217,4.391280251214943
config_63_det2_b30_s5_h24_w1500,2,det2_b30_s5_h24,P,131.82394659685488,135.64068458312747,2.895329782490101
config_61_det2_b30_s5_h24_w50,2,det2_b30_s5_h24,I,79.17508928879643,51.35879189465926,35.13263785870245
config_62_det2_b30_s5_h24_w500,2,det2_b30_s5_h24,I,124.62182036509944,109.29752152066742,12.296641791571533
config_63_det2_b30_s5_h24_w1500,2,det2_b30_s5_h24,I,165.29458131200522,156.71261054142929,5.191925048272973
config_64_det2_b30_s20_h4_w50,2,det2_b30_s20_h4,P,25.22525133870519,28.84155682346851,14.336053330872161
config_65_det2_b30_s20_h4_w500,2,det2_b30_s20_h4,P,76.43034032572842,72.00208739238454,5.793841705364251
config_66_det2_b30_s20_h4_w1500,2,det2_b30_s20_h4,P,109.84631597055566,107.73008615675721,1.9265369030361572
config_64_det2_b30_s20_h4_w50,2,det2_b30_s20_h4,I,34.92993224537756,41.85925001939719,19.83776471520817
config_65_det2_b30_s20_h4_w500,2,det2_b30_s20_h4,I,91.11387860803644,86.40105946606586,5.172449262361775
config_66_det2_b30_s20_h4_w1500,2,det2_b30_s20_h4,I,128.38801302648503,122.09062226654729,4.904967848235691
config_67_det2_b30_s20_h12_w50,2,det2_b30_s20_h12,P,28.39049786672654,27.513708964173176,3.088318164300159
config_68_det2_b30_s20_h12_w500,2,det2_b30_s20_h12,P,77.90977653980161,70.63071465172001,9.342937704824452
config_69_det2_b30_s20_h12_w1500,2,det2_b30_s20_h12,P,107.192713616487,106.52015486119392,0.6274295449776146
config_67_det2_b30_s20_h12_w50,2,det2_b30_s20_h12,I,39.45725746509337,45.86848424028186,16.24853623154195
config_68_det2_b30_s20_h12_w500,2,det2_b30_s20_h12,I,92.19269426044562,94.54573694367649,2.552309271473822
config_69_det2_b30_s20_h12_w1500,2,det2_b30_s20_h12,I,129.60040487762546,133.51156545095898,3.0178613847901263
config_70_det2_b30_s20_h24_w50,2,det2_b30_s20_h24,P,28.33858048034193,27.035665321819966,4.597672630165001
config_71_det2_b30_s20_h24_w500,2,det2_b30_s20_h24,P,70.3949630881337,69.98483924955468,0.5826039542993164
config_72_det2_b30_s20_h24_w1500,2,det2_b30_s20_h24,P,97.41553074552088,106.03414783509795,8.847272117309027
config_70_det2_b30_s20_h24_w50,2,det2_b30_s20_h24,I,39.45725746509337,49.65165119548029,25.836549180858782
config_71_det2_b30_s20_h24_w500,2,det2_b30_s20_h24,I,92.25343828280874,101.2183317410172,9.71767949799985
config_72_det2_b30_s20_h24_w1500,2,det2_b30_s20_h24,I,132.84283085034485,142.1821037643808,7.030317597309543
config_73_det1_b10_s8_h10_w250,1,det1_b10_s8_h10,P,61.06495144179221,53.534126935197015,12.33248259236505
config_74_det1_b10_s8_h10_w1000,1,det1_b10_s8_h10,P,97.26927341663134,87.02190109489699,10.53505589359345
config_73_det1_b10_s8_h10_w250,1,det1_b10_s8_h10,I,64.64506898785432,71.4378609452432,10.507826913550256
config_74_det1_b10_s8_h10_w1000,1,det1_b10_s8_h10,I,125.17975225650513,114.62699176615409,8.430085776753602
config_75_det1_b10_s8_h15_w250,1,det1_b10_s8_h15,P,50.52725815963913,53.672182394006796,6.224213125579434
config_76_det1_b10_s8_h15_w1000,1,det1_b10_s8_h15,P,97.56970934232352,88.10265419194239,9.702862921489237
config_75_det1_b10_s8_h15_w250,1,det1_b10_s8_h15,I,63.924414350074414,72.28571758673233,13.079984105709972
config_76_det1_b10_s8_h15_w1000,1,det1_b10_s8_h15,I,125.25960791492204,116.00664367493248,7.387029541298182
config_77_det1_b10_s12_h10_w250,1,det1_b10_s12_h10,P,42.716350873978776,52.68801858657449,23.343912830976603
config_78_det1_b10_s12_h10_w1000,1,det1_b10_s12_h10,P,87.80571718785232,86.21501482685032,1.811615931111683
config_77_det1_b10_s12_h10_w250,1,det1_b10_s12_h10,I,70.70915605492686,64.67476037880527,8.534107904546438
config_78_det1_b10_s12_h10_w1000,1,det1_b10_s12_h10,I,116.29193813416305,103.61983544944871,10.89680238203172
config_79_det1_b10_s12_h15_w250,1,det1_b10_s12_h15,P,41.08480653773941,52.55696720807908,27.923122042212
config_80_det1_b10_s12_h15_w1000,1,det1_b10_s12_h15,P,82.48424341609105,86.32326607398117,4.654249707455289
config_79_det1_b10_s12_h15_w250,1,det1_b10_s12_h15,I,70.95722909690816,65.29423940092771,7.980849545641589
config_80_det1_b10_s12_h15_w1000,1,det1_b10_s12_h15,I,116.27420769457,104.71621565567901,9.94028879495925
config_81_det2_b10_s8_h10_w250,2,det2_b10_s8_h10,P,68.29466340198566,60.5973654065975,11.27071664455171
config_82_det2_b10_s8_h10_w1000,2,det2_b10_s8_h10,P,98.24083332427506,100.9312839881649,2.7386276895770636
config_81_det2_b10_s8_h10_w250,2,det2_b10_s8_h10,I,69.58421217009885,74.52527011730665,7.100831917345507
config_82_det2_b10_s8_h10_w1000,2,det2_b10_s8_h10,I,124.1060330143364,115.78324110388976,6.706194459930254
config_83_det2_b10_s8_h15_w250,2,det2_b10_s8_h15,P,50.75531166718694,61.12790455759254,20.436467730551698
config_84_det2_b10_s8_h15_w1000,2,det2_b10_s8_h15,P,98.76994144060832,102.85520721880977,4.136142756202777
config_83_det2_b10_s8_h15_w250,2,det2_b10_s8_h15,I,70.53398304284886,77.15950595251293,9.393376956521958
config_84_det2_b10_s8_h15_w1000,2,det2_b10_s8_h15,I,124.26053448523211,119.94587610002989,3.4722676858556425
config_85_det2_b10_s12_h10_w250,2,det2_b10_s12_h10,P,60.23833756546332,58.38251289986074,3.080803256872386
config_86_det2_b10_s12_h10_w1000,2,det2_b10_s12_h10,P,102.17864472426038,99.24553875616327,2.870566522008976
config_85_det2_b10_s12_h10_w250,2,det2_b10_s12_h10,I,69.85251337639899,69.01037156226337,1.2055998752654036
config_86_det2_b10_s12_h10_w1000,2,det2_b10_s12_h10,I,115.17952527105965,107.16611443227244,6.9573223365252765
config_87_det2_b10_s12_h15_w250,2,det2_b10_s12_h15,P,49.45903572488995,58.56590723697127,18.41295807451083
config_88_det2_b10_s12_h15_w1000,2,det2_b10_s12_h15,P,97.6145914286774,100.11321813273733,2.5596856653193742
config_87_det2_b10_s12_h15_w250,2,det2_b10_s12_h15,I,69.85251337639899,71.58206616772415,2.476006528219677
config_88_det2_b10_s12_h15_w1000,2,det2_b10_s12_h15,I,115.30825227045403,111.26633559556339,3.5053143164553213
config_89_det1_b10_s5_h15_w250,1,det1_b10_s5_h15,P,66.31235305784826,55.79251064006413,15.864076499603375
config_90_det1_b10_s5_h15_w1000,1,det1_b10_s5_h15,P,95.8182615517196,95.92242299779127,0.10870730107689187
config_89_det1_b10_s5_h15_w250,1,det1_b10_s5_h15,I,78.01374086588136,78.51942023507864,0.6481926947544133
config_90_det1_b10_s5_h15_w1000,1,det1_b10_s5_h15,I,128.08838110851428,126.1154789605591,1.5402662840150763
config_91_det1_b10_s5_h24_w250,1,det1_b10_s5_h24,P,50.73096719611373,57.37549403011262,13.097575704229616
config_92_det1_b10_s5_h24_w1000,1,det1_b10_s5_h24,P,102.51141063394576,103.1385807387936,0.6118051648780718
config_91_det1_b10_s5_h24_w250,1,det1_b10_s5_h24,I,74.4103630215577,79.8800406141816,7.350693331571645
config_92_det1_b10_s5_h24_w1000,1,det1_b10_s5_h24,I,128.07170403723063,128.330776787551,0.202287267330384
config_93_det2_b10_s5_h15_w250,2,det2_b10_s5_h15,P,74.91524094153064,62.33372582877277,16.79433310850246
config_94_det2_b10_s5_h15_w1000,2,det2_b10_s5_h15,P,106.03568999486096,109.07574404079084,2.867010198242889
config_93_det2_b10_s5_h15_w250,2,det2_b10_s5_h15,I,82.88181889158669,82.56204840648756,0.38581499462192304
config_94_det2_b10_s5_h15_w1000,2,det2_b10_s5_h15,I,126.69710286742946,128.43494497741537,1.3716510248891094
config_95_det2_b10_s5_h24_w250,2,det2_b10_s5_h24,P,66.30984858193027,63.99808461210121,3.4863056080918646
config_96_det2_b10_s5_h24_w1000,2,det2_b10_s5_h24,P,111.3137555520763,117.75766430209812,5.788959970007609
config_95_det2_b10_s5_h24_w250,2,det2_b10_s5_h24,I,86.64273603905484,85.86230448287239,0.9007466659763196
config_96_det2_b10_s5_h24_w1000,2,det2_b10_s5_h24,I,128.31455695975333,133.61429554771198,4.130270729626522
