ConfigName,Det,Height,BuildingSize,StreetWidth,ChargeWeight,W13,pf10_b0.10_K2,pf10_b0.10_K4
config_01_det1_b15_s5_h4_w50,1,4,15,5,50,3.6840314986403864,14.678108062989848,14.642209092964757
config_02_det1_b15_s5_h4_w500,1,4,15,5,500,7.937005259840997,13.751845297939264,13.635394234802462
config_03_det1_b15_s5_h4_w1500,1,4,15,5,1500,11.447142425533317,14.262381248730899,13.9569386927549
config_04_det1_b15_s5_h12_w50,1,12,15,5,50,3.6840314986403864,14.591899435582622,14.501040049744509
config_05_det1_b15_s5_h12_w500,1,12,15,5,500,7.937005259840997,13.848441615397036,13.693594954734298
config_06_det1_b15_s5_h12_w1500,1,12,15,5,1500,11.447142425533317,12.695545414004632,12.477254809855129
config_07_det1_b15_s5_h24_w50,1,24,15,5,50,3.6840314986403864,11.964150122590244,11.915835387494576
config_08_det1_b15_s5_h24_w500,1,24,15,5,500,7.937005259840997,14.88334850848731,14.788216835396195
config_09_det1_b15_s5_h24_w1500,1,24,15,5,1500,11.447142425533317,13.711502964604163,13.486633354406937
config_10_det1_b15_s20_h4_w50,1,4,15,20,50,3.6840314986403864,13.317779846312023,13.183085665085192
config_11_det1_b15_s20_h4_w500,1,4,15,20,500,7.937005259840997,13.880660825864371,13.428763599364292
config_12_det1_b15_s20_h4_w1500,1,4,15,20,1500,11.447142425533317,12.793345342728676,12.433730985253636
config_13_det1_b15_s20_h12_w50,1,12,15,20,50,3.6840314986403864,11.253491725740364,10.995400266392872
config_14_det1_b15_s20_h12_w500,1,12,15,20,500,7.937005259840997,11.867555463390552,11.668678159912112
config_15_det1_b15_s20_h12_w1500,1,12,15,20,1500,11.447142425533317,12.890427836057519,12.622652598998725
config_16_det1_b15_s20_h24_w50,1,24,15,20,50,3.6840314986403864,11.022415196623097,10.86597516059052
config_17_det1_b15_s20_h24_w500,1,24,15,20,500,7.937005259840997,9.890478306177988,9.798602857627465
config_18_det1_b15_s20_h24_w1500,1,24,15,20,1500,11.447142425533317,10.114695831771066,9.86417574317871
config_19_det1_b30_s5_h4_w50,1,4,30,5,50,3.6840314986403864,16.092537770917943,15.391012573943222
config_20_det1_b30_s5_h4_w500,1,4,30,5,500,7.937005259840997,14.419344680639554,14.350799934495376
config_21_det1_b30_s5_h4_w1500,1,4,30,5,1500,11.447142425533317,14.18043619454887,14.061977598025337
config_22_det1_b30_s5_h12_w50,1,12,30,5,50,3.6840314986403864,16.974392686852973,16.336800989446207
config_23_det1_b30_s5_h12_w500,1,12,30,5,500,7.937005259840997,14.511456042789483,14.355441333116639
config_24_det1_b30_s5_h12_w1500,1,12,30,5,1500,11.447142425533317,13.55783898885507,13.30046395056505
config_25_det1_b30_s5_h24_w50,1,24,30,5,50,3.6840314986403864,15.419671301324888,14.979118406816195
config_26_det1_b30_s5_h24_w500,1,24,30,5,500,7.937005259840997,16.464346574246488,16.301122629395643
config_27_det1_b30_s5_h24_w1500,1,24,30,5,1500,11.447142425533317,14.842580865045242,14.70706619373009
config_28_det1_b30_s20_h4_w50,1,4,30,20,50,3.6840314986403864,15.277047549318954,14.97636852508308
config_29_det1_b30_s20_h4_w500,1,4,30,20,500,7.937005259840997,14.916750386182873,14.597058618370243
config_30_det1_b30_s20_h4_w1500,1,4,30,20,1500,11.447142425533317,15.543633750653955,14.842408703683953
config_31_det1_b30_s20_h12_w50,1,12,30,20,50,3.6840314986403864,14.831178838521438,14.738037767390354
config_32_det1_b30_s20_h12_w500,1,12,30,20,500,7.937005259840997,13.273325185955896,13.102198420119395
config_33_det1_b30_s20_h12_w1500,1,12,30,20,1500,11.447142425533317,13.57902523821202,13.418242361199816
config_34_det1_b30_s20_h24_w50,1,24,30,20,50,3.6840314986403864,14.588556549630294,14.471011871028866
config_35_det1_b30_s20_h24_w500,1,24,30,20,500,7.937005259840997,11.149712090238651,11.021418502359667
config_36_det1_b30_s20_h24_w1500,1,24,30,20,1500,11.447142425533317,12.469315515529347,12.258690294151988
config_37_det2_b15_s5_h4_w50,2,4,15,5,50,3.6840314986403864,15.046824915951632,14.854550786178665
config_38_det2_b15_s5_h4_w500,2,4,15,5,500,7.937005259840997,12.6516668275758,12.473648495317615
config_39_det2_b15_s5_h4_w1500,2,4,15,5,1500,11.447142425533317,13.382482947541572,13.268253881295628
config_40_det2_b15_s5_h12_w50,2,12,15,5,50,3.6840314986403864,17.005957194546657,16.92222045214924
config_41_det2_b15_s5_h12_w500,2,12,15,5,500,7.937005259840997,13.772375108632538,13.610306084552953
config_42_det2_b15_s5_h12_w1500,2,12,15,5,1500,11.447142425533317,14.421762583444384,14.17360294639129
config_43_det2_b15_s5_h24_w50,2,24,15,5,50,3.6840314986403864,14.0681576406257,14.061714196838409
config_44_det2_b15_s5_h24_w500,2,24,15,5,500,7.937005259840997,15.876711750074065,15.630422143275016
config_45_det2_b15_s5_h24_w1500,2,24,15,5,1500,11.447142425533317,14.630709118752241,14.465170572088653
config_46_det2_b15_s20_h4_w50,2,4,15,20,50,3.6840314986403864,15.6735990170527,15.394828710460892
config_47_det2_b15_s20_h4_w500,2,4,15,20,500,7.937005259840997,14.364445092595266,14.068710382460093
config_48_det2_b15_s20_h4_w1500,2,4,15,20,1500,11.447142425533317,15.48510618911821,14.982531603884357
config_49_det2_b15_s20_h12_w50,2,12,15,20,50,3.6840314986403864,13.00172571141279,12.9438843186856
config_50_det2_b15_s20_h12_w500,2,12,15,20,500,7.937005259840997,13.496241119580398,13.323755355271057
config_51_det2_b15_s20_h12_w1500,2,12,15,20,1500,11.447142425533317,14.055699770878409,13.712598254360495
config_52_det2_b15_s20_h24_w50,2,24,15,20,50,3.6840314986403864,13.001490530965528,12.94364808728547
config_53_det2_b15_s20_h24_w500,2,24,15,20,500,7.937005259840997,10.734374465155256,10.579039259320098
config_54_det2_b15_s20_h24_w1500,2,24,15,20,1500,11.447142425533317,11.081080134052915,10.859024474404128
config_55_det2_b30_s5_h4_w50,2,4,30,5,50,3.6840314986403864,16.29578600156377,14.872188678722276
config_56_det2_b30_s5_h4_w500,2,4,30,5,500,7.937005259840997,12.884685487792586,12.773866694523704
config_57_det2_b30_s5_h4_w1500,2,4,30,5,1500,11.447142425533317,12.50490584933493,12.364104260775818
config_58_det2_b30_s5_h12_w50,2,12,30,5,50,3.6840314986403864,17.695941835708016,16.612054969620033
config_59_det2_b30_s5_h12_w500,2,12,30,5,500,7.937005259840997,14.025428622474477,13.95372015501439
config_60_det2_b30_s5_h12_w1500,2,12,30,5,1500,11.447142425533317,14.09395890164951,14.087097859003102
config_61_det2_b30_s5_h24_w50,2,24,30,5,50,3.6840314986403864,16.279224421071998,14.8015752571786
config_62_det2_b30_s5_h24_w500,2,24,30,5,500,7.937005259840997,17.57648322584248,17.482486043344085
config_63_det2_b30_s5_h24_w1500,2,24,30,5,1500,11.447142425533317,15.63251734735231,15.488620661900423
config_64_det2_b30_s20_h4_w50,2,4,30,20,50,3.6840314986403864,16.32052962685665,16.252766289057572
config_65_det2_b30_s20_h4_w500,2,4,30,20,500,7.937005259840997,16.224046017469995,16.056974478429176
config_66_det2_b30_s20_h4_w1500,2,4,30,20,1500,11.447142425533317,15.624071687216977,15.388724127136983
config_67_det2_b30_s20_h12_w50,2,12,30,20,50,3.6840314986403864,14.48373282303403,14.442003703648828
config_68_det2_b30_s20_h12_w500,2,12,30,20,500,7.937005259840997,13.979649165852026,13.888904711037748
config_69_det2_b30_s20_h12_w1500,2,12,30,20,1500,11.447142425533317,14.714071733843873,14.665451673679346
config_70_det2_b30_s20_h24_w50,2,24,30,20,50,3.6840314986403864,14.48373282303403,14.442090408387065
config_71_det2_b30_s20_h24_w500,2,24,30,20,500,7.937005259840997,12.776425282499167,12.558243037626982
config_72_det2_b30_s20_h24_w1500,2,24,30,20,1500,11.447142425533317,14.646460424261816,14.523338708180512
config_73_det1_b10_s8_h10_w250,1,10,10,8,250,6.299605249474365,13.925258371398117,13.712015468209152
config_74_det1_b10_s8_h10_w1000,1,10,10,8,1000,9.999999999999998,12.784182515017042,12.478105935473565
config_75_det1_b10_s8_h15_w250,1,15,10,8,250,6.299605249474365,13.253243464588508,12.969170352254265
config_76_det1_b10_s8_h15_w1000,1,15,10,8,1000,9.999999999999998,12.63985028858461,12.387813294458544
config_77_det1_b10_s12_h10_w250,1,10,10,12,250,6.299605249474365,9.661541564700286,9.273026010568488
config_78_det1_b10_s12_h10_w1000,1,10,10,12,1000,9.999999999999998,10.237530102909185,9.915476793072544
config_79_det1_b10_s12_h15_w250,1,15,10,12,250,6.299605249474365,8.32082657469006,8.273334713419098
config_80_det1_b10_s12_h15_w1000,1,15,10,12,1000,9.999999999999998,9.988001904447877,9.569378920903027
config_81_det2_b10_s8_h10_w250,2,10,10,8,250,6.299605249474365,14.105313838939999,13.736281508144506
config_82_det2_b10_s8_h10_w1000,2,10,10,8,1000,9.999999999999998,12.264114168254663,12.03995129035881
config_83_det2_b10_s8_h15_w250,2,15,10,8,250,6.299605249474365,13.661876700689325,13.28674524490405
config_84_det2_b10_s8_h15_w1000,2,15,10,8,1000,9.999999999999998,12.59645636523419,12.41545480346004
config_85_det2_b10_s12_h10_w250,2,10,10,12,250,6.299605249474365,15.161142175220997,14.737307725104294
config_86_det2_b10_s12_h10_w1000,2,10,10,12,1000,9.999999999999998,13.201964519631385,13.102009238699083
config_87_det2_b10_s12_h15_w250,2,15,10,12,250,6.299605249474365,11.62897218229763,11.325450670437915
config_88_det2_b10_s12_h15_w1000,2,15,10,12,1000,9.999999999999998,12.86506111561981,12.722928299492581
config_89_det1_b10_s5_h15_w250,1,15,10,5,250,6.299605249474365,14.975678579359677,14.678095814802358
config_90_det1_b10_s5_h15_w1000,1,15,10,5,1000,9.999999999999998,12.357123222944956,12.223284067926068
config_91_det1_b10_s5_h24_w250,1,24,10,5,250,6.299605249474365,13.514529503435504,12.994021071840313
config_92_det1_b10_s5_h24_w1000,1,24,10,5,1000,9.999999999999998,13.098376366461721,12.877409115755546
config_93_det2_b10_s5_h15_w250,2,15,10,5,250,6.299605249474365,15.39936488372744,15.173669488765436
config_94_det2_b10_s5_h15_w1000,2,15,10,5,1000,9.999999999999998,13.263585827159286,13.126748593853971
config_95_det2_b10_s5_h24_w250,2,24,10,5,250,6.299605249474365,14.255887180055941,14.0927149879696
config_96_det2_b10_s5_h24_w1000,2,24,10,5,1000,9.999999999999998,14.654128887440892,14.519956213149385
