cfg,det,b,s,H,W,W13,Rmin,Rflat,Rhi,clause,R_local,R_local_dr2,Rconv,ratio_at_Rmin,ratio_min
config_01_det1_b15_s5_h4_w50,1,15,5,4,50,3.6840314986403864,20.0,50.75,50.75,ratio,49.25,49.0,28.319382083129454,2.3297030213948453,0.3706070829279869
config_02_det1_b15_s5_h4_w500,1,15,5,4,500,7.937005259840997,20.0,51.25,51.25,ratio,49.75,49.0,68.95441704451487,3.156222269904076,0.45957994895562915
config_03_det1_b15_s5_h4_w1500,1,15,5,4,1500,11.447142425533317,20.0,55.75,55.75,ratio,49.75,49.0,103.161496332505,3.4915887724953,0.5616795667895832
config_04_det1_b15_s5_h12_w50,1,15,5,12,50,3.6840314986403864,20.0,87.25,87.25,ratio,86.75,87.0,28.271984367539865,2.300751151329887,0.9062829529720358
config_05_det1_b15_s5_h12_w500,1,15,5,12,500,7.937005259840997,20.0,88.25,88.25,ratio,69.25,69.0,80.50912879433902,3.151473854920179,0.9556395771713553
config_06_det1_b15_s5_h12_w1500,1,15,5,12,1500,11.447142425533317,20.0,90.75,90.75,ratio,90.75,91.0,100.44387557541144,3.4389073628561264,0.8608349625612647
config_07_det1_b15_s5_h24_w50,1,15,5,24,50,3.6840314986403864,20.0,75.75,75.75,ratio,68.75,69.0,24.299461639171604,2.300751387903048,0.9157801974724998
config_08_det1_b15_s5_h24_w500,1,15,5,24,500,7.937005259840997,20.0,91.25,91.25,ratio,69.25,69.0,92.0125209727292,3.1512030426542115,0.9098704031419891
config_09_det1_b15_s5_h24_w1500,1,15,5,24,1500,11.447142425533317,20.0,92.25,92.25,ratio,91.75,93.0,113.91770553246243,3.4150866455083095,0.9678406945146172
config_10_det1_b15_s20_h4_w50,1,15,20,4,50,3.6840314986403864,35.0,55.75,55.75,ratio,45.25,45.0,26.096520476059705,1.1111197748947772,0.9682418646393876
config_11_det1_b15_s20_h4_w500,1,15,20,4,500,7.937005259840997,35.0,53.25,53.25,ratio,45.25,45.0,78.44315162862321,1.1121657791930861,0.9323729775494032
config_12_det1_b15_s20_h4_w1500,1,15,20,4,1500,11.447142425533317,35.0,81.75,81.75,ratio,81.75,83.0,106.14286606869332,1.149683434719542,0.9400295392202527
config_13_det1_b15_s20_h12_w50,1,15,20,12,50,3.6840314986403864,35.0,95.25,95.25,ratio,82.25,83.0,26.1163986430081,1.1081337405244063,1.046070610075041
config_14_det1_b15_s20_h12_w500,1,15,20,12,500,7.937005259840997,35.0,95.75,95.75,ratio,83.25,83.0,64.869039288154,1.1076468994381683,1.0459979474375667
config_15_det1_b15_s20_h12_w1500,1,15,20,12,1500,11.447142425533317,35.0,,100.0,,83.25,83.0,102.79792790822422,1.1498153431270495,1.0754594009770768
config_16_det1_b15_s20_h24_w50,1,15,20,24,50,3.6840314986403864,35.0,95.25,95.25,ratio,82.25,83.0,26.078153004461488,1.1080708537915382,1.0461937975764986
config_17_det1_b15_s20_h24_w500,1,15,20,24,500,7.937005259840997,35.0,,100.0,,83.25,83.0,60.64625292904245,1.1074155644929473,1.0587789785594233
config_18_det1_b15_s20_h24_w1500,1,15,20,24,1500,11.447142425533317,35.0,,100.0,,82.75,83.0,92.31197199802496,1.1499382630611081,1.1328800225911793
config_19_det1_b30_s5_h4_w50,1,30,5,4,50,3.6840314986403864,35.0,61.25,61.25,ratio,51.75,51.0,31.261821195343355,2.163898870868918,0.4501273335238873
config_20_det1_b30_s5_h4_w500,1,30,5,4,500,7.937005259840997,35.0,58.25,58.25,ratio,52.25,53.0,66.45996170354726,2.7061422255847987,0.49669862089693084
config_21_det1_b30_s5_h4_w1500,1,30,5,4,1500,11.447142425533317,35.0,62.25,62.25,ratio,52.75,53.0,91.71042052766283,3.118406402385574,0.5380137879724466
config_22_det1_b30_s5_h12_w50,1,30,5,12,50,3.6840314986403864,35.0,,100.0,,87.25,87.0,36.69729397354982,2.654359613836395,1.5344101078405166
config_23_det1_b30_s5_h12_w500,1,30,5,12,500,7.937005259840997,35.0,,100.0,,87.75,87.0,72.40195154513131,3.580118289145691,1.5262400130288407
config_24_det1_b30_s5_h12_w1500,1,30,5,12,1500,11.447142425533317,35.0,,100.0,,88.75,89.0,96.15430257743456,4.215463105424262,1.6916435299718449
config_25_det1_b30_s5_h24_w50,1,30,5,24,50,3.6840314986403864,35.0,,100.0,,86.75,87.0,30.458473197601144,2.6248421562946778,1.5712580224472878
config_26_det1_b30_s5_h24_w500,1,30,5,24,500,7.937005259840997,35.0,,100.0,,87.75,87.0,93.44233596397544,3.562424432830337,1.8534579748474174
config_27_det1_b30_s5_h24_w1500,1,30,5,24,1500,11.447142425533317,35.0,,100.0,,88.75,89.0,119.78118112951798,4.16284123611492,2.2109220463433603
config_28_det1_b30_s20_h4_w50,1,30,20,4,50,3.6840314986403864,50.0,,100.0,,67.75,67.0,32.68801455253797,1.1530722264425703,1.0673738417104697
config_29_det1_b30_s20_h4_w500,1,30,20,4,500,7.937005259840997,50.0,,100.0,,68.75,69.0,73.77289307433273,1.2429445095497649,1.108999729620131
config_30_det1_b30_s20_h4_w1500,1,30,20,4,1500,11.447142425533317,50.0,,100.0,,68.75,69.0,105.1005573657177,1.3561468450088812,1.0872836756488093
config_31_det1_b30_s20_h12_w50,1,30,20,12,50,3.6840314986403864,50.0,,100.0,,69.75,71.0,32.510183287850055,1.2097806454476294,1.2097806454476294
config_32_det1_b30_s20_h12_w500,1,30,20,12,500,7.937005259840997,50.0,,100.0,,70.75,71.0,61.74201920814902,1.384941968574989,1.384941968574989
config_33_det1_b30_s20_h12_w1500,1,30,20,12,1500,11.447142425533317,50.0,,100.0,,71.25,71.0,96.16066435112332,1.627334879424712,1.540814425955636
config_34_det1_b30_s20_h24_w50,1,30,20,24,50,3.6840314986403864,50.0,,100.0,,69.75,71.0,31.6845045668026,1.20974263106346,1.20974263106346
config_35_det1_b30_s20_h24_w500,1,30,20,24,500,7.937005259840997,50.0,,100.0,,70.25,71.0,59.47590201526877,1.3848435310688656,1.3848435310688656
config_36_det1_b30_s20_h24_w1500,1,30,20,24,1500,11.447142425533317,50.0,,100.0,,70.25,71.0,99.5417746883013,1.626958980615664,1.616657874866036
config_37_det2_b15_s5_h4_w50,2,15,5,4,50,3.6840314986403864,17.5,48.75,48.75,ratio,39.25,39.0,31.251765989735222,2.1141873068563495,0.4358567155201512
config_38_det2_b15_s5_h4_w500,2,15,5,4,500,7.937005259840997,17.5,48.75,48.75,ratio,39.25,39.0,75.23422372169878,2.7257310869752787,0.48546752561275514
config_39_det2_b15_s5_h4_w1500,2,15,5,4,1500,11.447142425533317,17.5,56.75,56.75,ratio,56.75,57.0,107.96137316181634,3.017182829842288,0.5235881388953718
config_40_det2_b15_s5_h12_w50,2,15,5,12,50,3.6840314986403864,17.5,77.75,77.75,ratio,58.75,59.0,36.92947153296373,2.1126018581896227,0.8608400363353669
config_41_det2_b15_s5_h12_w500,2,15,5,12,500,7.937005259840997,17.5,84.25,84.25,ratio,59.25,59.0,87.8228311838947,2.7228125430668104,1.0158549488926747
config_42_det2_b15_s5_h12_w1500,2,15,5,12,1500,11.447142425533317,17.5,,100.0,,59.25,59.0,117.70087558384728,3.0141342806845173,1.095075311672137
config_43_det2_b15_s5_h24_w50,2,15,5,24,50,3.6840314986403864,17.5,,100.0,,99.75,99.0,24.80142705195452,2.112601701705386,0.9934822926261623
config_44_det2_b15_s5_h24_w500,2,15,5,24,500,7.937005259840997,17.5,79.75,79.75,ratio,59.75,59.0,101.00453862834829,2.7228125611220046,0.9138781222903494
config_45_det2_b15_s5_h24_w1500,2,15,5,24,1500,11.447142425533317,17.5,,100.0,,59.25,59.0,134.17330386829144,3.019605585204088,1.04481054102569
config_46_det2_b15_s20_h4_w50,2,15,20,4,50,3.6840314986403864,25.0,,100.0,,99.75,99.0,23.02862076640637,1.20480854996095,1.0505732290918817
config_47_det2_b15_s20_h4_w500,2,15,20,4,500,7.937005259840997,25.0,73.25,73.25,ratio,64.25,65.0,84.86082372238108,1.2744975124749371,0.9683913512157158
config_48_det2_b15_s20_h4_w1500,2,15,20,4,1500,11.447142425533317,25.0,70.75,70.75,ratio,64.25,65.0,106.12473659505056,1.3135461961431956,0.9157531533195264
config_49_det2_b15_s20_h12_w50,2,15,20,12,50,3.6840314986403864,25.0,,100.0,,99.75,99.0,21.672932511055816,1.206075487011658,1.1211019301646006
config_50_det2_b15_s20_h12_w500,2,15,20,12,500,7.937005259840997,25.0,,100.0,,99.75,99.0,79.11585043577361,1.2798356586639028,1.1948454773962012
config_51_det2_b15_s20_h12_w1500,2,15,20,12,1500,11.447142425533317,25.0,,100.0,,99.75,99.0,106.83780867341616,1.3187573399178163,1.1723958618299113
config_52_det2_b15_s20_h24_w50,2,15,20,24,50,3.6840314986403864,25.0,,100.0,,99.75,99.0,21.67260202162449,1.2060752899550062,1.121080780693369
config_53_det2_b15_s20_h24_w500,2,15,20,24,500,7.937005259840997,25.0,,100.0,,99.75,99.0,64.80250003724451,1.2798356784926994,1.206575319331322
config_54_det2_b15_s20_h24_w1500,2,15,20,24,1500,11.447142425533317,25.0,,100.0,,99.75,99.0,93.77036662224748,1.3187573709928668,1.2124751598159844
config_55_det2_b30_s5_h4_w50,2,30,5,4,50,3.6840314986403864,32.5,66.75,66.75,ratio,66.75,67.0,24.847435937836625,2.1886634219079104,0.4956455629646527
config_56_det2_b30_s5_h4_w500,2,30,5,4,500,7.937005259840997,32.5,60.25,60.25,ratio,32.75,33.0,69.23616535896625,2.7187045530047196,0.39281521766291444
config_57_det2_b30_s5_h4_w1500,2,30,5,4,1500,11.447142425533317,32.5,65.25,65.25,ratio,65.25,65.0,95.936902779909,3.304756420052209,0.39784186386849046
config_58_det2_b30_s5_h12_w50,2,30,5,12,50,3.6840314986403864,32.5,,100.0,,69.25,69.0,42.6593397657751,2.6481340946290697,1.6883590644976103
config_59_det2_b30_s5_h12_w500,2,30,5,12,500,7.937005259840997,32.5,,100.0,,70.25,71.0,86.40357806202164,3.3935954125946246,1.6101892100463506
config_60_det2_b30_s5_h12_w1500,2,30,5,12,1500,11.447142425533317,32.5,,100.0,,70.75,71.0,102.9389291742924,4.099280412346669,1.7822089215162367
config_61_det2_b30_s5_h24_w50,2,30,5,24,50,3.6840314986403864,32.5,,100.0,,69.25,69.0,26.678761249026,2.6483550330483636,1.6924458189640477
config_62_det2_b30_s5_h24_w500,2,30,5,24,500,7.937005259840997,32.5,,100.0,,69.75,69.0,84.76683752082356,3.3929996539362604,1.827808976540094
config_63_det2_b30_s5_h24_w1500,2,30,5,24,1500,11.447142425533317,32.5,,100.0,,70.25,71.0,131.82394659685488,4.099667060255286,2.2008044994868454
config_64_det2_b30_s20_h4_w50,2,30,20,4,50,3.6840314986403864,40.0,,100.0,,99.75,99.0,25.22525133870519,1.336151711273494,1.1368575989204937
config_65_det2_b30_s20_h4_w500,2,30,20,4,500,7.937005259840997,40.0,95.25,95.25,ratio,95.25,99.0,76.43034032572842,1.3709303468326106,1.0044640264905265
config_66_det2_b30_s20_h4_w1500,2,30,20,4,1500,11.447142425533317,40.0,91.25,91.25,ratio,91.25,91.0,109.84631597055566,1.3979193740000169,0.9260217430075774
config_67_det2_b30_s20_h12_w50,2,30,20,12,50,3.6840314986403864,40.0,,100.0,,99.75,99.0,28.39049786672654,1.4610747896505374,1.3969620854164388
config_68_det2_b30_s20_h12_w500,2,30,20,12,500,7.937005259840997,40.0,,100.0,,99.75,99.0,77.90977653980161,1.5779707105077816,1.4599791280361765
config_69_det2_b30_s20_h12_w1500,2,30,20,12,1500,11.447142425533317,40.0,,100.0,,99.75,99.0,107.192713616487,1.6537864209122566,1.4253870826097272
config_70_det2_b30_s20_h24_w50,2,30,20,24,50,3.6840314986403864,40.0,,100.0,,99.75,99.0,28.33858048034193,1.4610478159590699,1.3969628425540472
config_71_det2_b30_s20_h24_w500,2,30,20,24,500,7.937005259840997,40.0,,100.0,,99.75,99.0,70.3949630881337,1.5778265814228882,1.4599271991122034
config_72_det2_b30_s20_h24_w1500,2,30,20,24,1500,11.447142425533317,40.0,,100.0,,99.75,99.0,97.41553074552088,1.6536705506471652,1.5342640312898994
config_73_det1_b10_s8_h10_w250,1,10,8,10,250,6.299605249474365,18.0,77.25,77.25,ratio,77.25,77.0,61.06495144179221,1.6693834765171045,0.7734610655591896
config_74_det1_b10_s8_h10_w1000,1,10,8,10,1000,9.999999999999998,18.0,77.25,77.25,ratio,77.25,79.0,97.26927341663134,1.8325128634109682,0.698474881748026
config_75_det1_b10_s8_h15_w250,1,10,8,15,250,6.299605249474365,18.0,77.25,77.25,ratio,61.25,61.0,50.52725815963913,1.6693930015469143,0.906940968717447
config_76_det1_b10_s8_h15_w1000,1,10,8,15,1000,9.999999999999998,18.0,80.25,80.25,ratio,61.75,61.0,97.56970934232352,1.8263026507870916,0.9002586964960394
config_77_det1_b10_s12_h10_w250,1,10,12,10,250,6.299605249474365,22.0,22.25,22.25,ratio,22.25,23.0,42.716350873978776,0.8940722045819223,0.6499124440042425
config_78_det1_b10_s12_h10_w1000,1,10,12,10,1000,9.999999999999998,22.0,56.25,56.25,ratio,53.75,53.0,87.80571718785232,1.0124277554175996,0.6699981162977471
config_79_det1_b10_s12_h15_w250,1,10,12,15,250,6.299605249474365,22.0,22.25,22.25,ratio,22.25,23.0,41.08480653773941,0.8940746271743742,0.7084556366811537
config_80_det1_b10_s12_h15_w1000,1,10,12,15,1000,9.999999999999998,22.0,56.25,56.25,ratio,53.75,53.0,82.48424341609105,1.0122922152847382,0.742926965612495
config_81_det2_b10_s8_h10_w250,2,10,8,10,250,6.299605249474365,14.0,70.75,70.75,ratio,70.25,71.0,68.29466340198566,1.6912405511493656,0.7882828162084051
config_82_det2_b10_s8_h10_w1000,2,10,8,10,1000,9.999999999999998,14.0,71.25,71.25,ratio,71.25,71.0,98.24083332427506,1.7931691481956928,0.8424667305446875
config_83_det2_b10_s8_h15_w250,2,10,8,15,250,6.299605249474365,14.0,69.25,69.25,ratio,52.75,71.0,50.75531166718694,1.6912405676202082,0.7693135551946706
config_84_det2_b10_s8_h15_w1000,2,10,8,15,1000,9.999999999999998,14.0,71.25,71.25,ratio,70.75,71.0,98.76994144060832,1.793169144527684,0.8103272302402716
config_85_det2_b10_s12_h10_w250,2,10,12,10,250,6.299605249474365,16.0,82.25,82.25,ratio,82.25,83.0,60.23833756546332,1.3444221814353847,0.8205554445038415
config_86_det2_b10_s12_h10_w1000,2,10,12,10,1000,9.999999999999998,16.0,82.25,82.25,ratio,82.25,83.0,102.17864472426038,1.415330983363635,0.7877053622515094
config_87_det2_b10_s12_h15_w250,2,10,12,15,250,6.299605249474365,16.0,82.25,82.25,ratio,82.25,83.0,49.45903572488995,1.3444222034413518,0.8506884833557724
config_88_det2_b10_s12_h15_w1000,2,10,12,15,1000,9.999999999999998,16.0,83.75,83.75,ratio,83.75,85.0,97.6145914286774,1.4153309184323433,0.86994850354753
config_89_det1_b10_s5_h15_w250,1,10,5,15,250,6.299605249474365,15.0,65.25,65.25,ratio,51.75,51.0,66.31235305784826,2.299328836286064,0.8188122010330587
config_90_det1_b10_s5_h15_w1000,1,10,5,15,1000,9.999999999999998,15.0,71.75,71.75,ratio,67.25,67.0,95.8182615517196,2.477960991295955,0.7917099222442029
config_91_det1_b10_s5_h24_w250,1,10,5,24,250,6.299605249474365,15.0,65.25,65.25,ratio,65.25,67.0,50.73096719611373,2.299328843525267,0.7733969477332269
config_92_det1_b10_s5_h24_w1000,1,10,5,24,1000,9.999999999999998,15.0,80.25,80.25,ratio,80.25,81.0,102.51141063394576,2.4822327459798386,0.6478710787239669
config_93_det2_b10_s5_h15_w250,2,10,5,15,250,6.299605249474365,12.5,61.25,61.25,ratio,44.25,45.0,74.91524094153064,2.074293612739661,0.9816951803899503
config_94_det2_b10_s5_h15_w1000,2,10,5,15,1000,9.999999999999998,12.5,,100.0,,44.75,45.0,106.03568999486096,2.1721765913874926,1.1307483976030135
config_95_det2_b10_s5_h24_w250,2,10,5,24,250,6.299605249474365,12.5,58.25,58.25,ratio,58.25,59.0,66.30984858193027,2.074293612739661,0.6113548280629123
config_96_det2_b10_s5_h24_w1000,2,10,5,24,1000,9.999999999999998,12.5,61.75,61.75,ratio,59.75,59.0,111.3137555520763,2.1721765913874926,0.6998366307046269
