cfg,det,b,s,H,W,W13,Rex,Rmin,Rconv,R_peak,E_peak,R_half,R_peak_dr2,R_half_dr2
config_01_det1_b15_s5_h4_w50,1,15,5,4,50,3.6840314986403864,7.905694150420948,20.0,28.319382083129454,25.75,2.3996605578509747,32.25,23.0,35.0
config_02_det1_b15_s5_h4_w500,1,15,5,4,500,7.937005259840997,7.905694150420948,20.0,68.95441704451487,24.75,3.223304208304452,32.75,23.0,35.0
config_03_det1_b15_s5_h4_w1500,1,15,5,4,1500,11.447142425533317,7.905694150420948,20.0,103.161496332505,26.75,3.8913746890972325,37.25,25.0,39.0
config_04_det1_b15_s5_h12_w50,1,15,5,12,50,3.6840314986403864,7.905694150420948,20.0,28.271984367539865,26.25,2.4766722385221263,49.25,23.0,51.0
config_05_det1_b15_s5_h12_w500,1,15,5,12,500,7.937005259840997,7.905694150420948,20.0,80.50912879433902,25.75,3.3707251836448826,49.25,23.0,51.0
config_06_det1_b15_s5_h12_w1500,1,15,5,12,1500,11.447142425533317,7.905694150420948,20.0,100.44387557541144,26.75,4.035602287707951,55.25,25.0,63.0
config_07_det1_b15_s5_h24_w50,1,15,5,24,50,3.6840314986403864,7.905694150420948,20.0,24.299461639171604,26.25,2.4766368275840804,49.25,23.0,51.0
config_08_det1_b15_s5_h24_w500,1,15,5,24,500,7.937005259840997,7.905694150420948,20.0,92.0125209727292,25.75,3.371440860369623,49.25,23.0,51.0
config_09_det1_b15_s5_h24_w1500,1,15,5,24,1500,11.447142425533317,7.905694150420948,20.0,113.91770553246243,26.75,4.009565382153967,55.25,25.0,63.0
config_10_det1_b15_s20_h4_w50,1,15,20,4,50,3.6840314986403864,12.5,35.0,26.096520476059705,41.25,1.1706415394606364,49.25,41.0,53.0
config_11_det1_b15_s20_h4_w500,1,15,20,4,500,7.937005259840997,12.5,35.0,78.44315162862321,41.25,1.1612726769036845,48.75,41.0,51.0
config_12_det1_b15_s20_h4_w1500,1,15,20,4,1500,11.447142425533317,12.5,35.0,106.14286606869332,41.25,1.2134730853678188,53.25,41.0,55.0
config_13_det1_b15_s20_h12_w50,1,15,20,12,50,3.6840314986403864,12.5,35.0,26.1163986430081,76.25,1.1872791909079536,85.75,75.0,89.0
config_14_det1_b15_s20_h12_w500,1,15,20,12,500,7.937005259840997,12.5,35.0,64.869039288154,76.25,1.2140826129041418,87.25,75.0,89.0
config_15_det1_b15_s20_h12_w1500,1,15,20,12,1500,11.447142425533317,12.5,35.0,102.79792790822422,76.25,1.3236737029186958,87.25,73.0,89.0
config_16_det1_b15_s20_h24_w50,1,15,20,24,50,3.6840314986403864,12.5,35.0,26.078153004461488,76.25,1.1869779622814853,85.75,75.0,89.0
config_17_det1_b15_s20_h24_w500,1,15,20,24,500,7.937005259840997,12.5,35.0,60.64625292904245,76.25,1.2164198204562808,88.25,75.0,91.0
config_18_det1_b15_s20_h24_w1500,1,15,20,24,1500,11.447142425533317,12.5,35.0,92.31197199802496,76.25,1.3425231689748576,90.75,73.0,93.0
config_19_det1_b30_s5_h4_w50,1,30,5,4,50,3.6840314986403864,15.20690632574555,35.0,31.261821195343355,15.25,2.571096235457791,49.25,17.0,49.0
config_20_det1_b30_s5_h4_w500,1,30,5,4,500,7.937005259840997,15.20690632574555,35.0,66.45996170354726,15.25,3.69474402748161,40.75,17.0,43.0
config_21_det1_b30_s5_h4_w1500,1,30,5,4,1500,11.447142425533317,15.20690632574555,35.0,91.71042052766283,20.75,3.6676501509285804,47.25,19.0,47.0
config_22_det1_b30_s5_h12_w50,1,30,5,12,50,3.6840314986403864,15.20690632574555,35.0,36.69729397354982,48.75,2.961571044176504,86.25,45.0,87.0
config_23_det1_b30_s5_h12_w500,1,30,5,12,500,7.937005259840997,15.20690632574555,35.0,72.40195154513131,48.75,3.7077548723893576,84.25,45.0,83.0
config_24_det1_b30_s5_h12_w1500,1,30,5,12,1500,11.447142425533317,15.20690632574555,35.0,96.15430257743456,48.25,4.646168711729551,83.25,45.0,83.0
config_25_det1_b30_s5_h24_w50,1,30,5,24,50,3.6840314986403864,15.20690632574555,35.0,30.458473197601144,48.75,2.922577708336867,86.25,45.0,87.0
config_26_det1_b30_s5_h24_w500,1,30,5,24,500,7.937005259840997,15.20690632574555,35.0,93.44233596397544,48.75,3.728738558867492,86.25,45.0,87.0
config_27_det1_b30_s5_h24_w1500,1,30,5,24,1500,11.447142425533317,15.20690632574555,35.0,119.78118112951798,48.75,4.55586598105113,87.25,45.0,89.0
config_28_det1_b30_s20_h4_w50,1,30,20,4,50,3.6840314986403864,18.027756377319946,50.0,32.68801455253797,99.75,1.2061185803871268,,61.0,77.0
config_29_det1_b30_s20_h4_w500,1,30,20,4,500,7.937005259840997,18.027756377319946,50.0,73.77289307433273,63.25,1.2762598383930037,78.25,59.0,79.0
config_30_det1_b30_s20_h4_w1500,1,30,20,4,1500,11.447142425533317,18.027756377319946,50.0,105.1005573657177,56.75,1.3684021837062907,74.75,57.0,77.0
config_31_det1_b30_s20_h12_w50,1,30,20,12,50,3.6840314986403864,18.027756377319946,50.0,32.510183287850055,99.75,1.4209172906159446,,99.0,
config_32_det1_b30_s20_h12_w500,1,30,20,12,500,7.937005259840997,18.027756377319946,50.0,61.74201920814902,99.75,1.5658829291112328,,65.0,
config_33_det1_b30_s20_h12_w1500,1,30,20,12,1500,11.447142425533317,18.027756377319946,50.0,96.16066435112332,63.75,1.8083318926440015,,63.0,
config_34_det1_b30_s20_h24_w50,1,30,20,24,50,3.6840314986403864,18.027756377319946,50.0,31.6845045668026,99.75,1.4280961449905685,,99.0,
config_35_det1_b30_s20_h24_w500,1,30,20,24,500,7.937005259840997,18.027756377319946,50.0,59.47590201526877,99.75,1.6267295542206817,,99.0,
config_36_det1_b30_s20_h24_w1500,1,30,20,24,1500,11.447142425533317,18.027756377319946,50.0,99.5417746883013,64.25,1.8094804816130505,,63.0,
config_37_det2_b15_s5_h4_w50,2,15,5,4,50,3.6840314986403864,2.5,17.5,31.251765989735222,16.75,2.1442889108267265,38.25,17.0,39.0
config_38_det2_b15_s5_h4_w500,2,15,5,4,500,7.937005259840997,2.5,17.5,75.23422372169878,16.75,2.754911503154381,37.75,19.0,39.0
config_39_det2_b15_s5_h4_w1500,2,15,5,4,1500,11.447142425533317,2.5,17.5,107.96137316181634,18.25,2.9895139559462107,39.25,21.0,41.0
config_40_det2_b15_s5_h12_w50,2,15,5,12,50,3.6840314986403864,2.5,17.5,36.92947153296373,16.75,2.143065919203267,44.25,17.0,57.0
config_41_det2_b15_s5_h12_w500,2,15,5,12,500,7.937005259840997,2.5,17.5,87.8228311838947,16.75,2.7527149228451755,46.25,19.0,55.0
config_42_det2_b15_s5_h12_w1500,2,15,5,12,1500,11.447142425533317,2.5,17.5,117.70087558384728,36.25,3.1156364603703017,58.75,33.0,61.0
config_43_det2_b15_s5_h24_w50,2,15,5,24,50,3.6840314986403864,2.5,17.5,24.80142705195452,16.75,2.143065889118468,44.25,17.0,57.0
config_44_det2_b15_s5_h24_w500,2,15,5,24,500,7.937005259840997,2.5,17.5,101.00453862834829,16.75,2.7527148995318558,46.25,19.0,55.0
config_45_det2_b15_s5_h24_w1500,2,15,5,24,1500,11.447142425533317,2.5,17.5,134.17330386829144,36.25,3.1145272743820582,58.75,33.0,61.0
config_46_det2_b15_s20_h4_w50,2,15,20,4,50,3.6840314986403864,10.0,25.0,23.02862076640637,58.75,1.2105011381387958,68.25,57.0,71.0
config_47_det2_b15_s20_h4_w500,2,15,20,4,500,7.937005259840997,10.0,25.0,84.86082372238108,25.25,1.2730395863049297,64.25,27.0,67.0
config_48_det2_b15_s20_h4_w1500,2,15,20,4,1500,11.447142425533317,10.0,25.0,106.12473659505056,25.75,1.313180005695425,63.25,29.0,65.0
config_49_det2_b15_s20_h12_w50,2,15,20,12,50,3.6840314986403864,10.0,25.0,21.672932511055816,58.75,1.287832180423477,,59.0,
config_50_det2_b15_s20_h12_w500,2,15,20,12,500,7.937005259840997,10.0,25.0,79.11585043577361,58.75,1.3947540625722379,,59.0,
config_51_det2_b15_s20_h12_w1500,2,15,20,12,1500,11.447142425533317,10.0,25.0,106.83780867341616,58.75,1.4835350644048666,95.75,57.0,
config_52_det2_b15_s20_h24_w50,2,15,20,24,50,3.6840314986403864,10.0,25.0,21.67260202162449,58.75,1.2878353814916736,,59.0,
config_53_det2_b15_s20_h24_w500,2,15,20,24,500,7.937005259840997,10.0,25.0,64.80250003724451,58.75,1.394720574119631,,59.0,
config_54_det2_b15_s20_h24_w1500,2,15,20,24,1500,11.447142425533317,10.0,25.0,93.77036662224748,58.75,1.483477643965407,97.25,57.0,
config_55_det2_b30_s5_h4_w50,2,30,5,4,50,3.6840314986403864,2.5,32.5,24.847435937836625,26.25,2.413288352661761,36.75,27.0,39.0
config_56_det2_b30_s5_h4_w500,2,30,5,4,500,7.937005259840997,2.5,32.5,69.23616535896625,21.75,3.1447707278494983,36.75,25.0,39.0
config_57_det2_b30_s5_h4_w1500,2,30,5,4,1500,11.447142425533317,2.5,32.5,95.936902779909,28.75,3.6111168910890186,39.75,27.0,41.0
config_58_det2_b30_s5_h12_w50,2,30,5,12,50,3.6840314986403864,2.5,32.5,42.6593397657751,31.25,2.742350996775142,70.25,29.0,73.0
config_59_det2_b30_s5_h12_w500,2,30,5,12,500,7.937005259840997,2.5,32.5,86.40357806202164,31.25,3.4897727510981698,69.75,29.0,71.0
config_60_det2_b30_s5_h12_w1500,2,30,5,12,1500,11.447142425533317,2.5,32.5,102.9389291742924,31.25,4.163708296256766,71.75,31.0,75.0
config_61_det2_b30_s5_h24_w50,2,30,5,24,50,3.6840314986403864,2.5,32.5,26.678761249026,31.25,2.7429779113242394,70.25,29.0,73.0
config_62_det2_b30_s5_h24_w500,2,30,5,24,500,7.937005259840997,2.5,32.5,84.76683752082356,31.25,3.48975200098851,69.75,29.0,71.0
config_63_det2_b30_s5_h24_w1500,2,30,5,24,1500,11.447142425533317,2.5,32.5,131.82394659685488,31.25,4.164027720074175,72.25,31.0,75.0
config_64_det2_b30_s20_h4_w50,2,30,20,4,50,3.6840314986403864,10.0,40.0,25.22525133870519,38.75,1.354459206319158,94.25,37.0,
config_65_det2_b30_s20_h4_w500,2,30,20,4,500,7.937005259840997,10.0,40.0,76.43034032572842,38.25,1.390721086845236,51.25,37.0,53.0
config_66_det2_b30_s20_h4_w1500,2,30,20,4,1500,11.447142425533317,10.0,40.0,109.84631597055566,35.75,1.4394161769101295,50.75,35.0,53.0
config_67_det2_b30_s20_h12_w50,2,30,20,12,50,3.6840314986403864,10.0,40.0,28.39049786672654,88.75,1.6475259127601412,,87.0,
config_68_det2_b30_s20_h12_w500,2,30,20,12,500,7.937005259840997,10.0,40.0,77.90977653980161,88.75,1.6317273860473276,,85.0,
config_69_det2_b30_s20_h12_w1500,2,30,20,12,1500,11.447142425533317,10.0,40.0,107.192713616487,39.75,1.654140142058826,,65.0,
config_70_det2_b30_s20_h24_w50,2,30,20,24,50,3.6840314986403864,10.0,40.0,28.33858048034193,88.75,1.6484137554352871,,87.0,
config_71_det2_b30_s20_h24_w500,2,30,20,24,500,7.937005259840997,10.0,40.0,70.3949630881337,88.75,1.6775697098962714,,87.0,
config_72_det2_b30_s20_h24_w1500,2,30,20,24,1500,11.447142425533317,10.0,40.0,97.41553074552088,88.75,1.7081963790778083,,87.0,
config_73_det1_b10_s8_h10_w250,1,10,8,10,250,6.299605249474365,6.4031242374328485,18.0,61.06495144179221,22.25,1.8341183840324335,47.75,23.0,59.0
config_74_det1_b10_s8_h10_w1000,1,10,8,10,1000,9.999999999999998,6.4031242374328485,18.0,97.26927341663134,22.75,2.1066644641475003,59.75,25.0,61.0
config_75_det1_b10_s8_h15_w250,1,10,8,15,250,6.299605249474365,6.4031242374328485,18.0,50.52725815963913,22.25,1.8342606842011004,47.75,23.0,59.0
config_76_det1_b10_s8_h15_w1000,1,10,8,15,1000,9.999999999999998,6.4031242374328485,18.0,97.56970934232352,22.75,2.1074925783026504,60.25,25.0,61.0
config_77_det1_b10_s12_h10_w250,1,10,12,10,250,6.299605249474365,7.810249675906654,22.0,42.716350873978776,47.75,1.0526398867182234,49.75,45.0,51.0
config_78_det1_b10_s12_h10_w1000,1,10,12,10,1000,9.999999999999998,7.810249675906654,22.0,87.80571718785232,47.75,1.1796219435476125,53.75,45.0,55.0
config_79_det1_b10_s12_h15_w250,1,10,12,15,250,6.299605249474365,7.810249675906654,22.0,41.08480653773941,47.75,1.0525562520183078,49.75,45.0,51.0
config_80_det1_b10_s12_h15_w1000,1,10,12,15,1000,9.999999999999998,7.810249675906654,22.0,82.48424341609105,47.75,1.1793872154627407,53.75,45.0,55.0
config_81_det2_b10_s8_h10_w250,2,10,8,10,250,6.299605249474365,4.0,14.0,68.29466340198566,31.25,1.7805496961523848,51.25,27.0,53.0
config_82_det2_b10_s8_h10_w1000,2,10,8,10,1000,9.999999999999998,4.0,14.0,98.24083332427506,30.75,2.101501269933746,51.75,27.0,53.0
config_83_det2_b10_s8_h15_w250,2,10,8,15,250,6.299605249474365,4.0,14.0,50.75531166718694,31.25,1.7807691614533567,51.25,27.0,53.0
config_84_det2_b10_s8_h15_w1000,2,10,8,15,1000,9.999999999999998,4.0,14.0,98.76994144060832,30.75,2.100452606555192,51.75,27.0,53.0
config_85_det2_b10_s12_h10_w250,2,10,12,10,250,6.299605249474365,6.0,16.0,60.23833756546332,36.75,1.4970014763918122,61.75,35.0,63.0
config_86_det2_b10_s12_h10_w1000,2,10,12,10,1000,9.999999999999998,6.0,16.0,102.17864472426038,36.75,1.6376561296023784,61.75,35.0,63.0
config_87_det2_b10_s12_h15_w250,2,10,12,15,250,6.299605249474365,6.0,16.0,49.45903572488995,36.75,1.4969231011457036,61.75,35.0,63.0
config_88_det2_b10_s12_h15_w1000,2,10,12,15,1000,9.999999999999998,6.0,16.0,97.6145914286774,36.75,1.637150623147257,61.75,35.0,63.0
config_89_det1_b10_s5_h15_w250,1,10,5,15,250,6.299605249474365,5.5901699437494745,15.0,66.31235305784826,18.75,2.632213647330605,38.25,21.0,41.0
config_90_det1_b10_s5_h15_w1000,1,10,5,15,1000,9.999999999999998,5.5901699437494745,15.0,95.8182615517196,20.25,3.202650552891951,49.25,23.0,49.0
config_91_det1_b10_s5_h24_w250,1,10,5,24,250,6.299605249474365,5.5901699437494745,15.0,50.73096719611373,18.75,2.632213594371786,38.25,21.0,41.0
config_92_det1_b10_s5_h24_w1000,1,10,5,24,1000,9.999999999999998,5.5901699437494745,15.0,102.51141063394576,20.25,3.2027154767387507,49.25,23.0,49.0
config_93_det2_b10_s5_h15_w250,2,10,5,15,250,6.299605249474365,2.5,12.5,74.91524094153064,14.75,2.1382381088898073,42.25,15.0,43.0
config_94_det2_b10_s5_h15_w1000,2,10,5,15,1000,9.999999999999998,2.5,12.5,106.03568999486096,26.25,2.5902832238457285,44.25,23.0,45.0
config_95_det2_b10_s5_h24_w250,2,10,5,24,250,6.299605249474365,2.5,12.5,66.30984858193027,14.75,2.1382381088898073,42.25,15.0,43.0
config_96_det2_b10_s5_h24_w1000,2,10,5,24,1000,9.999999999999998,2.5,12.5,111.3137555520763,26.25,2.590283166884289,44.25,23.0,45.0
