ConfigName,Det,BuildingSize,StreetWidth,Height,ChargeWeight,AreaDensity,Pi2,HoverS,RadiusP,RadiusI,LOGO_ErrP_pct,LOGO_ErrI_pct,InSafeDomain
config_01_det1_b15_s5_h4_w50,1,15,5,4,50,0.5625,1.3572088082974534,0.8,28.319382083129454,51.06649613766131,10.912856670763992,3.784623471638392,True
config_02_det1_b15_s5_h4_w500,1,15,5,4,500,0.5625,0.6299605249474366,0.8,68.95441704451487,101.60636298972618,2.8114336547049152,0.2167012425388355,True
config_03_det1_b15_s5_h4_w1500,1,15,5,4,1500,0.5625,0.4367902323681495,0.8,103.161496332505,109.17992056946898,4.6851467229719415,27.326671028347537,False
config_04_det1_b15_s5_h12_w50,1,15,5,12,50,0.5625,1.3572088082974534,2.4,28.271984367539865,53.1195479555314,8.583612289942806,5.845284600414973,True
config_05_det1_b15_s5_h12_w500,1,15,5,12,500,0.5625,0.6299605249474366,2.4,80.50912879433902,102.9907398750004,12.496377854583011,0.3612456615923803,True
config_06_det1_b15_s5_h12_w1500,1,15,5,12,1500,0.5625,0.4367902323681495,2.4,100.44387557541144,111.55699676747209,8.615450193197487,26.35809270792128,False
config_07_det1_b15_s5_h24_w50,1,15,5,24,50,0.5625,1.3572088082974534,4.8,24.299461639171604,51.61849837994127,23.816019652821637,0.6091940799122505,False
config_08_det1_b15_s5_h24_w500,1,15,5,24,500,0.5625,0.6299605249474366,4.8,92.0125209727292,107.59327000328598,18.370456511756466,2.55403454043873,False
config_09_det1_b15_s5_h24_w1500,1,15,5,24,1500,0.5625,0.4367902323681495,4.8,113.91770553246243,122.21438017771158,7.8943406766077135,16.065679623337275,False
config_10_det1_b15_s20_h4_w50,1,15,20,4,50,0.1836734693877551,5.4288352331898135,0.2,26.096520476059705,32.906672744461886,0.5876064884817216,5.926400812597283,False
config_11_det1_b15_s20_h4_w500,1,15,20,4,500,0.1836734693877551,2.5198420997897464,0.2,78.44315162862321,79.73619882323071,20.117344718475344,2.402063449879761,False
config_12_det1_b15_s20_h4_w1500,1,15,20,4,1500,0.1836734693877551,1.747160929472598,0.2,106.14286606869332,120.721408853424,12.344719984197203,4.123214273290504,False
config_13_det1_b15_s20_h12_w50,1,15,20,12,50,0.1836734693877551,5.4288352331898135,0.6,26.1163986430081,33.01554347744575,0.953458021814412,2.7351276343971067,False
config_14_det1_b15_s20_h12_w500,1,15,20,12,500,0.1836734693877551,2.5198420997897464,0.6,64.869039288154,80.68754326963294,3.691476724670629,0.0886230073729434,False
config_15_det1_b15_s20_h12_w1500,1,15,20,12,1500,0.1836734693877551,1.747160929472598,0.6,102.79792790822422,121.15627328188812,9.62947916530188,0.796132624356884,False
config_16_det1_b15_s20_h24_w50,1,15,20,24,50,0.1836734693877551,5.4288352331898135,1.2,26.078153004461488,33.02160025397517,2.1933650566946223,0.5193942558426767,False
config_17_det1_b15_s20_h24_w500,1,15,20,24,500,0.1836734693877551,2.5198420997897464,1.2,60.64625292904245,80.77890590301956,2.239467076063764,2.104116822553548,False
config_18_det1_b15_s20_h24_w1500,1,15,20,24,1500,0.1836734693877551,1.747160929472598,1.2,92.31197199802496,120.82296990041073,0.2480046837550211,1.5486577367166956,False
config_19_det1_b30_s5_h4_w50,1,30,5,4,50,0.7346938775510204,1.3572088082974534,0.8,31.261821195343355,49.23034435747484,1.570867245014397,5.076989313969472,False
config_20_det1_b30_s5_h4_w500,1,30,5,4,500,0.7346938775510204,0.6299605249474366,0.8,66.45996170354726,112.38239519604484,0.0994481074212952,7.996303738370086,False
config_21_det1_b30_s5_h4_w1500,1,30,5,4,1500,0.7346938775510204,0.4367902323681495,0.8,91.71042052766283,153.55895470289073,6.217935144021247,10.38259614387557,False
config_22_det1_b30_s5_h12_w50,1,30,5,12,50,0.7346938775510204,1.3572088082974534,2.4,36.69729397354982,53.702121181983536,16.588996810911702,1.1862080065622391,False
config_23_det1_b30_s5_h12_w500,1,30,5,12,500,0.7346938775510204,0.6299605249474366,2.4,72.40195154513131,113.84607365259072,2.6694084751373004,5.948334762786271,False
config_24_det1_b30_s5_h12_w1500,1,30,5,12,1500,0.7346938775510204,0.4367902323681495,2.4,96.15430257743456,153.85295509565836,14.989823406580287,6.783754393635107,False
config_25_det1_b30_s5_h24_w50,1,30,5,24,50,0.7346938775510204,1.3572088082974534,4.8,30.458473197601144,56.15162224331151,2.645243495918826,5.483557958411954,False
config_26_det1_b30_s5_h24_w500,1,30,5,24,500,0.7346938775510204,0.6299605249474366,4.8,93.44233596397544,119.58537280490825,19.253354511122783,10.12834156428335,False
config_27_det1_b30_s5_h24_w1500,1,30,5,24,1500,0.7346938775510204,0.4367902323681495,4.8,119.78118112951798,162.22850396893884,5.678368420266904,11.115377569880325,False
config_28_det1_b30_s20_h4_w50,1,30,20,4,50,0.36,5.4288352331898135,0.2,32.68801455253797,36.70511487971852,3.6812117855980415,1.6205287080861608,True
config_29_det1_b30_s20_h4_w500,1,30,20,4,500,0.36,2.5198420997897464,0.2,73.77289307433273,84.0769666403614,9.393524587430392,7.87134395689012,True
config_30_det1_b30_s20_h4_w1500,1,30,20,4,1500,0.36,1.747160929472598,0.2,105.1005573657177,139.56397676732743,8.544520432351908,3.33578237018872,True
config_31_det1_b30_s20_h12_w50,1,30,20,12,50,0.36,5.4288352331898135,0.6,32.510183287850055,36.72906149540624,2.359852169935639,1.3141985968314598,True
config_32_det1_b30_s20_h12_w500,1,30,20,12,500,0.36,2.5198420997897464,0.6,61.74201920814902,86.52612659384062,8.365908369696767,7.647134243135082,True
config_33_det1_b30_s20_h12_w1500,1,30,20,12,1500,0.36,1.747160929472598,0.6,96.16066435112332,140.2238553567513,0.0585371075623918,1.3209373542875755,True
config_34_det1_b30_s20_h24_w50,1,30,20,24,50,0.36,5.4288352331898135,1.2,31.6845045668026,37.6229977318838,1.5513050554138497,0.7791152868484664,True
config_35_det1_b30_s20_h24_w500,1,30,20,24,500,0.36,2.5198420997897464,1.2,59.47590201526877,85.62035802502423,10.858975967319296,10.867560129896525,True
config_36_det1_b30_s20_h24_w1500,1,30,20,24,1500,0.36,1.747160929472598,1.2,99.5417746883013,140.49523855118915,4.377940083170979,0.3239516946979844,True
config_37_det2_b15_s5_h4_w50,2,15,5,4,50,0.5625,1.3572088082974534,0.8,31.251765989735222,52.03003339418493,4.496849692697076,5.945760330575243,True
config_38_det2_b15_s5_h4_w500,2,15,5,4,500,0.5625,0.6299605249474366,0.8,75.23422372169878,100.1883694597332,3.805826087820258,3.624726273444337,True
config_39_det2_b15_s5_h4_w1500,2,15,5,4,1500,0.5625,0.4367902323681495,0.8,107.96137316181634,106.54847749055618,0.2592185064015612,21.364688498977458,False
config_40_det2_b15_s5_h12_w50,2,15,5,12,50,0.5625,1.3572088082974534,2.4,36.92947153296373,60.51947930212222,14.763995770545009,12.640134079277775,True
config_41_det2_b15_s5_h12_w500,2,15,5,12,500,0.5625,0.6299605249474366,2.4,87.8228311838947,104.75128340502565,13.15016440829682,0.2828421713544556,True
config_42_det2_b15_s5_h12_w1500,2,15,5,12,1500,0.5625,0.4367902323681495,2.4,117.70087558384728,118.8210919361074,2.908646605626705,17.893062531719302,False
config_43_det2_b15_s5_h24_w50,2,15,5,24,50,0.5625,1.3572088082974534,4.8,24.80142705195452,57.22627783632271,25.538210880285053,1.0776732016601027,False
config_44_det2_b15_s5_h24_w500,2,15,5,24,500,0.5625,0.6299605249474366,4.8,101.00453862834829,113.40966118457456,18.331002737926955,2.3604915245371885,False
config_45_det2_b15_s5_h24_w1500,2,15,5,24,1500,0.5625,0.4367902323681495,4.8,134.17330386829144,126.32643527781508,2.7616626876370693,16.725405236762416,False
config_46_det2_b15_s20_h4_w50,2,15,20,4,50,0.1836734693877551,5.4288352331898135,0.2,23.02862076640637,40.35272312854349,3.851131797688125,21.667120136127856,False
config_47_det2_b15_s20_h4_w500,2,15,20,4,500,0.1836734693877551,2.5198420997897464,0.2,84.86082372238108,84.08303229216013,19.812754813496618,11.224773869668276,False
config_48_det2_b15_s20_h4_w1500,2,15,20,4,1500,0.1836734693877551,1.747160929472598,0.2,106.12473659505056,128.30126276766637,0.0930328421247202,15.878052827180449,False
config_49_det2_b15_s20_h12_w50,2,15,20,12,50,0.1836734693877551,5.4288352331898135,0.6,21.672932511055816,40.35272312854349,1.956708176586728,10.79191039023253,False
config_50_det2_b15_s20_h12_w500,2,15,20,12,500,0.1836734693877551,2.5198420997897464,0.6,79.11585043577361,84.5809867490587,14.652888680739048,0.7367846478549248,False
config_51_det2_b15_s20_h12_w1500,2,15,20,12,1500,0.1836734693877551,1.747160929472598,0.6,106.83780867341616,129.57758711804033,1.4513924448735869,4.653295093675507,False
config_52_det2_b15_s20_h24_w50,2,15,20,24,50,0.1836734693877551,5.4288352331898135,1.2,21.67260202162449,40.35272312854349,1.841377934138548,4.009274443426448,False
config_53_det2_b15_s20_h24_w500,2,15,20,24,500,0.1836734693877551,2.5198420997897464,1.2,64.80250003724451,84.61596078426601,3.5885637798626586,7.787948572753909,False
config_54_det2_b15_s20_h24_w1500,2,15,20,24,1500,0.1836734693877551,1.747160929472598,1.2,93.77036662224748,129.64791970306862,12.524478084082824,1.8666772749203,False
config_55_det2_b30_s5_h4_w50,2,30,5,4,50,0.7346938775510204,1.3572088082974534,0.8,24.847435937836625,42.78504103201387,29.359407509177423,22.99323859340311,False
config_56_det2_b30_s5_h4_w500,2,30,5,4,500,0.7346938775510204,0.6299605249474366,0.8,69.23616535896625,106.03371515701971,0.7521733978513382,5.983126691815023,False
config_57_det2_b30_s5_h4_w1500,2,30,5,4,1500,0.7346938775510204,0.4367902323681495,0.8,95.936902779909,145.4740320469602,7.789729287075096,10.947661151314405,False
config_58_det2_b30_s5_h12_w50,2,30,5,12,50,0.7346938775510204,1.3572088082974534,2.4,42.6593397657751,56.17125265649681,30.070065152404684,0.2718067052999446,False
config_59_det2_b30_s5_h12_w500,2,30,5,12,500,0.7346938775510204,0.6299605249474366,2.4,86.40357806202164,107.19113562023472,16.96777180272697,1.4933959705293158,False
config_60_det2_b30_s5_h12_w1500,2,30,5,12,1500,0.7346938775510204,0.4367902323681495,2.4,102.9389291742924,149.3985727099753,12.728322920681384,3.995932182684296,False
config_61_det2_b30_s5_h24_w50,2,30,5,24,50,0.7346938775510204,1.3572088082974534,4.8,26.678761249026,79.17508928879643,8.935477432392352,30.38776382459748,False
config_62_det2_b30_s5_h24_w500,2,30,5,24,500,0.7346938775510204,0.6299605249474366,4.8,84.76683752082356,124.62182036509944,5.513401239023168,12.014196931333773,False
config_63_det2_b30_s5_h24_w1500,2,30,5,24,1500,0.7346938775510204,0.4367902323681495,4.8,131.82394659685488,165.29458131200522,5.651784838029255,10.802867065763545,False
config_64_det2_b30_s20_h4_w50,2,30,20,4,50,0.36,5.4288352331898135,0.2,25.22525133870519,34.92993224537756,16.455193721830074,10.764871381033643,True
config_65_det2_b30_s20_h4_w500,2,30,20,4,500,0.36,2.5198420997897464,0.2,76.43034032572842,91.11387860803644,7.375241066531831,1.766250313460432,True
config_66_det2_b30_s20_h4_w1500,2,30,20,4,1500,0.36,1.747160929472598,0.2,109.84631597055566,128.38801302648503,4.31075805229228,0.4656227127664896,True
config_67_det2_b30_s20_h12_w50,2,30,20,12,50,0.36,5.4288352331898135,0.6,28.39049786672654,39.45725746509337,2.527600400497865,6.320641609057683,True
config_68_det2_b30_s20_h12_w500,2,30,20,12,500,0.36,2.5198420997897464,0.6,77.90977653980161,92.19269426044562,11.48225137994755,6.043917733632538,True
config_69_det2_b30_s20_h12_w1500,2,30,20,12,1500,0.36,1.747160929472598,0.6,107.192713616487,129.60040487762546,3.5184106591498523,8.808834367427904,True
config_70_det2_b30_s20_h24_w50,2,30,20,24,50,0.36,5.4288352331898135,1.2,28.33858048034193,39.45725746509337,5.038053989352358,14.96119398551704,True
config_71_det2_b30_s20_h24_w500,2,30,20,24,500,0.36,2.5198420997897464,1.2,70.3949630881337,92.25343828280874,3.51063615077126,13.144537751807627,True
config_72_det2_b30_s20_h24_w1500,2,30,20,24,1500,0.36,1.747160929472598,1.2,97.41553074552088,132.84283085034485,5.245017558441086,12.718322365746372,True
config_73_det1_b10_s8_h10_w250,1,10,8,10,250,0.3086419753086419,1.2699208415745598,1.25,61.06495144179221,64.64506898785432,14.824959730445125,16.84169839834415,True
config_74_det1_b10_s8_h10_w1000,1,10,8,10,1000,0.3086419753086419,0.8000000000000002,1.25,97.26927341663134,125.17975225650513,13.0961902889382,7.212145252259054,True
config_75_det1_b10_s8_h15_w250,1,10,8,15,250,0.3086419753086419,1.2699208415745598,1.875,50.52725815963913,63.924414350074414,2.991025833385555,19.637491017328305,True
config_76_det1_b10_s8_h15_w1000,1,10,8,15,1000,0.3086419753086419,0.8000000000000002,1.875,97.56970934232352,125.25960791492204,12.33636525932221,6.1480578392273975,True
config_77_det1_b10_s12_h10_w250,1,10,12,10,250,0.2066115702479339,1.9048812623618396,0.8333333333333334,42.716350873978776,70.70915605492686,20.252910256425785,4.561906177345483,False
config_78_det1_b10_s12_h10_w1000,1,10,12,10,1000,0.2066115702479339,1.2000000000000002,0.8333333333333334,87.80571718785232,116.29193813416305,4.547291869094619,7.276442791826077,False
config_79_det1_b10_s12_h15_w250,1,10,12,15,250,0.2066115702479339,1.9048812623618396,1.25,41.08480653773941,70.95722909690816,24.779025454532853,3.937163865596752,False
config_80_det1_b10_s12_h15_w1000,1,10,12,15,1000,0.2066115702479339,1.2000000000000002,1.25,82.48424341609105,116.27420769457,1.8357157640946005,6.266464164255012,False
config_81_det2_b10_s8_h10_w250,2,10,8,10,250,0.3086419753086419,1.2699208415745598,1.25,68.29466340198566,69.58421217009885,13.97944414133016,12.482274657924403,True
config_82_det2_b10_s8_h10_w1000,2,10,8,10,1000,0.3086419753086419,0.8000000000000002,1.25,98.24083332427506,124.1060330143364,0.0915085966033309,5.615560095571284,True
config_83_det2_b10_s8_h15_w250,2,10,8,15,250,0.3086419753086419,1.2699208415745598,1.875,50.75531166718694,70.53398304284886,16.517167047364104,14.964236767155024,True
config_84_det2_b10_s8_h15_w1000,2,10,8,15,1000,0.3086419753086419,0.8000000000000002,1.875,98.76994144060832,124.26053448523211,1.3102912867336625,2.335310992014821,True
config_85_det2_b10_s12_h10_w250,2,10,12,10,250,0.2066115702479339,1.9048812623618396,0.8333333333333334,60.23833756546332,69.85251337639899,5.801173190757165,2.6684397139526568,False
config_86_det2_b10_s12_h10_w1000,2,10,12,10,1000,0.2066115702479339,1.2000000000000002,0.8333333333333334,102.17864472426038,115.17952527105965,5.528603771006493,3.5433778829448297,False
config_87_det2_b10_s12_h15_w250,2,10,12,15,250,0.2066115702479339,1.9048812623618396,1.25,49.45903572488995,69.85251337639899,14.984906018575687,6.595084772993188,False
config_88_det2_b10_s12_h15_w1000,2,10,12,15,1000,0.2066115702479339,1.2000000000000002,1.25,97.6145914286774,115.30825227045403,0.2368917207962112,0.0957060138036439,False
config_89_det1_b10_s5_h15_w250,1,10,5,15,250,0.4444444444444444,0.7937005259840998,3.0,66.31235305784826,78.01374086588136,18.02219320494893,2.665854840165804,True
config_90_det1_b10_s5_h15_w1000,1,10,5,15,1000,0.4444444444444444,0.5000000000000001,3.0,95.8182615517196,128.08838110851428,1.6191381818198598,8.125928228718156,True
config_91_det1_b10_s5_h24_w250,1,10,5,24,250,0.4444444444444444,0.7937005259840998,4.8,50.73096719611373,74.4103630215577,10.353986098467724,9.314726304035556,False
config_92_det1_b10_s5_h24_w1000,1,10,5,24,1000,0.4444444444444444,0.5000000000000001,4.8,102.51141063394576,128.07170403723063,0.3061404100637908,6.655252597327976,False
config_93_det2_b10_s5_h15_w250,2,10,5,15,250,0.4444444444444444,0.7937005259840998,3.0,74.91524094153064,82.88181889158669,18.93631864629492,1.357639856576689,True
config_94_det2_b10_s5_h15_w1000,2,10,5,15,1000,0.4444444444444444,0.5000000000000001,3.0,106.03568999486096,126.69710286742946,2.169372426546088,4.581126880354324,True
config_95_det2_b10_s5_h24_w250,2,10,5,24,250,0.4444444444444444,0.7937005259840998,4.8,66.30984858193027,86.64273603905484,5.657624118117544,0.6625266261663756,False
config_96_det2_b10_s5_h24_w1000,2,10,5,24,1000,0.4444444444444444,0.5000000000000001,4.8,111.3137555520763,128.31455695975333,6.599273613971775,2.051447908985509,False
