cfg,det,b,s,H,W,Rex,Rmin,dr,hi_frac,lo_frac,R_peak,E_peak,L_decay,R_half_slope,R_half_cross,n_fit,span_fit
config_01_det1_b15_s5_h4_w50,1,15,5,4,50,7.905694150420948,20.0,0.5,0.85,0.25,25.75,2.3996605578509747,19.81262454417283,39.48306484228617,32.25,38,18.5
config_02_det1_b15_s5_h4_w500,1,15,5,4,500,7.905694150420948,20.0,0.5,0.85,0.25,24.75,3.223304208304452,15.152082184755788,35.25262304597605,32.75,34,16.5
config_03_det1_b15_s5_h4_w1500,1,15,5,4,1500,7.905694150420948,20.0,0.5,0.85,0.25,26.75,3.8913746890972325,18.985725175175457,39.90990187605884,37.25,38,18.5
config_04_det1_b15_s5_h12_w50,1,15,5,12,50,7.905694150420948,20.0,0.5,0.85,0.25,26.25,2.4766722385221263,40.77691602420774,54.51440437410925,49.25,79,39.0
config_05_det1_b15_s5_h12_w500,1,15,5,12,500,7.905694150420948,20.0,0.5,0.85,0.25,25.75,3.3707251836448826,34.18778503467703,49.447166806375876,49.25,79,39.0
config_06_det1_b15_s5_h12_w1500,1,15,5,12,1500,7.905694150420948,20.0,0.5,0.85,0.25,26.75,4.035602287707951,43.56832817751375,56.94926383795408,55.25,82,40.5
config_07_det1_b15_s5_h24_w50,1,15,5,24,50,7.905694150420948,20.0,0.5,0.85,0.25,26.25,2.4766368275840804,36.122257646558474,51.28804104317193,49.25,79,39.0
config_08_det1_b15_s5_h24_w500,1,15,5,24,500,7.905694150420948,20.0,0.5,0.85,0.25,25.75,3.371440860369623,34.41030995035153,49.60140932428,49.25,79,39.0
config_09_det1_b15_s5_h24_w1500,1,15,5,24,1500,7.905694150420948,20.0,0.5,0.85,0.25,26.75,4.009565382153967,42.864081186657764,56.46111702182442,55.25,83,41.0
config_10_det1_b15_s20_h4_w50,1,15,20,4,50,12.5,35.0,0.5,0.85,0.25,41.25,1.1706415394606364,,,,0,0.0
config_11_det1_b15_s20_h4_w500,1,15,20,4,500,12.5,35.0,0.5,0.85,0.25,41.25,1.1612726769036845,,,,0,0.0
config_12_det1_b15_s20_h4_w1500,1,15,20,4,1500,12.5,35.0,0.5,0.85,0.25,41.25,1.2134730853678188,,,53.25,0,0.0
config_13_det1_b15_s20_h12_w50,1,15,20,12,50,12.5,35.0,0.5,0.85,0.25,76.25,1.1872791909079536,,,,0,0.0
config_14_det1_b15_s20_h12_w500,1,15,20,12,500,12.5,35.0,0.5,0.85,0.25,76.25,1.2140826129041418,,,87.25,0,0.0
config_15_det1_b15_s20_h12_w1500,1,15,20,12,1500,12.5,35.0,0.5,0.85,0.25,76.25,1.3236737029186958,15.710825865493089,87.13991465293479,87.25,10,4.5
config_16_det1_b15_s20_h24_w50,1,15,20,24,50,12.5,35.0,0.5,0.85,0.25,76.25,1.1869779622814853,,,,0,0.0
config_17_det1_b15_s20_h24_w500,1,15,20,24,500,12.5,35.0,0.5,0.85,0.25,76.25,1.2164198204562808,,,88.25,0,0.0
config_18_det1_b15_s20_h24_w1500,1,15,20,24,1500,12.5,35.0,0.5,0.85,0.25,76.25,1.3425231689748576,20.9309401410613,90.75822214524563,90.75,15,7.0
config_19_det1_b30_s5_h4_w50,1,30,5,4,50,15.20690632574555,35.0,0.5,0.85,0.25,35.25,2.163056385727234,10.646143927036052,42.629344646860424,51.25,23,11.0
config_20_det1_b30_s5_h4_w500,1,30,5,4,500,15.20690632574555,35.0,0.5,0.85,0.25,35.25,2.7059139003624995,13.160220359958968,44.371969638053145,49.25,27,13.0
config_21_det1_b30_s5_h4_w1500,1,30,5,4,1500,15.20690632574555,35.0,0.5,0.85,0.25,35.25,3.120104978969068,13.05467076912279,44.2988082367558,50.25,27,13.0
config_22_det1_b30_s5_h12_w50,1,30,5,12,50,15.20690632574555,35.0,0.5,0.85,0.25,48.75,2.961571044176504,52.58738645942821,85.2007986573689,86.25,98,48.5
config_23_det1_b30_s5_h12_w500,1,30,5,12,500,15.20690632574555,35.0,0.5,0.85,0.25,48.75,3.7077548723893576,49.92468223653403,83.35515273260475,84.25,80,39.5
config_24_det1_b30_s5_h12_w1500,1,30,5,12,1500,15.20690632574555,35.0,0.5,0.85,0.25,48.25,4.646168711729551,43.710582802129345,78.54786722992799,83.25,79,39.0
config_25_det1_b30_s5_h24_w50,1,30,5,24,50,15.20690632574555,35.0,0.5,0.85,0.25,48.75,2.922577708336867,57.796460751914786,88.81145381653326,86.25,98,48.5
config_26_det1_b30_s5_h24_w500,1,30,5,24,500,15.20690632574555,35.0,0.5,0.85,0.25,48.75,3.728738558867492,58.20112056037803,89.0919426218555,86.25,97,48.0
config_27_det1_b30_s5_h24_w1500,1,30,5,24,1500,15.20690632574555,35.0,0.5,0.85,0.25,48.75,4.55586598105113,61.081476729980714,91.08845337982405,87.25,95,47.0
config_28_det1_b30_s20_h4_w50,1,30,20,4,50,18.027756377319946,50.0,0.5,0.85,0.25,99.75,1.2061185803871268,,,,0,0.0
config_29_det1_b30_s20_h4_w500,1,30,20,4,500,18.027756377319946,50.0,0.5,0.85,0.25,63.25,1.2762598383930037,,,78.25,0,0.0
config_30_det1_b30_s20_h4_w1500,1,30,20,4,1500,18.027756377319946,50.0,0.5,0.85,0.25,56.75,1.3684021837062907,16.88060908669272,68.45074659457565,74.75,15,7.0
config_31_det1_b30_s20_h12_w50,1,30,20,12,50,18.027756377319946,50.0,0.5,0.85,0.25,99.75,1.4209172906159446,,,,0,0.0
config_32_det1_b30_s20_h12_w500,1,30,20,12,500,18.027756377319946,50.0,0.5,0.85,0.25,99.75,1.5658829291112328,,,,0,0.0
config_33_det1_b30_s20_h12_w1500,1,30,20,12,1500,18.027756377319946,50.0,0.5,0.85,0.25,63.75,1.8083318926440015,137.1687940757579,158.82816287441932,,54,26.5
config_34_det1_b30_s20_h24_w50,1,30,20,24,50,18.027756377319946,50.0,0.5,0.85,0.25,99.75,1.4280961449905685,,,,0,0.0
config_35_det1_b30_s20_h24_w500,1,30,20,24,500,18.027756377319946,50.0,0.5,0.85,0.25,99.75,1.6267295542206817,,,,0,0.0
config_36_det1_b30_s20_h24_w1500,1,30,20,24,1500,18.027756377319946,50.0,0.5,0.85,0.25,64.25,1.8094804816130505,,,,0,0.0
config_37_det2_b15_s5_h4_w50,2,15,5,4,50,2.5,17.5,0.5,0.85,0.25,17.75,2.1090124073066536,33.98516792195059,41.30672332595635,38.25,41,20.0
config_38_det2_b15_s5_h4_w500,2,15,5,4,500,2.5,17.5,0.5,0.85,0.25,17.75,2.7151825577183293,21.66910264361969,32.76987740268905,37.75,37,18.0
config_39_det2_b15_s5_h4_w1500,2,15,5,4,1500,2.5,17.5,0.5,0.85,0.25,18.25,2.9895139559462107,14.504379886082285,28.303670023808316,39.25,35,17.0
config_40_det2_b15_s5_h12_w50,2,15,5,12,50,2.5,17.5,0.5,0.85,0.25,17.75,2.1074680004524686,47.73394903149192,50.83665218817075,45.25,80,39.5
config_41_det2_b15_s5_h12_w500,2,15,5,12,500,2.5,17.5,0.5,0.85,0.25,17.75,2.712951442134966,33.177328901061784,40.74677198628096,51.75,47,23.0
config_42_det2_b15_s5_h12_w1500,2,15,5,12,1500,2.5,17.5,0.5,0.85,0.25,36.25,3.1156364603703017,25.942449324717895,54.23193560624746,58.75,66,32.5
config_43_det2_b15_s5_h24_w50,2,15,5,24,50,2.5,17.5,0.5,0.85,0.25,17.75,2.107467963478422,47.820852033954694,50.89688875931002,45.25,80,39.5
config_44_det2_b15_s5_h24_w500,2,15,5,24,500,2.5,17.5,0.5,0.85,0.25,17.75,2.7129515718376496,33.776945172829734,41.16239431447478,51.25,47,23.0
config_45_det2_b15_s5_h24_w1500,2,15,5,24,1500,2.5,17.5,0.5,0.85,0.25,36.25,3.1145272743820582,26.689078751491678,54.7494596883388,58.75,72,35.5
config_46_det2_b15_s20_h4_w50,2,15,20,4,50,10.0,25.0,0.5,0.85,0.25,58.75,1.2105011381387958,,,68.25,0,0.0
config_47_det2_b15_s20_h4_w500,2,15,20,4,500,10.0,25.0,0.5,0.85,0.25,25.25,1.2730395863049297,33.67342408963396,48.590638967529124,64.25,11,5.0
config_48_det2_b15_s20_h4_w1500,2,15,20,4,1500,10.0,25.0,0.5,0.85,0.25,25.75,1.313180005695425,,,63.25,0,0.0
config_49_det2_b15_s20_h12_w50,2,15,20,12,50,10.0,25.0,0.5,0.85,0.25,58.75,1.287832180423477,49.92421412580523,93.35482826297289,,20,9.5
config_50_det2_b15_s20_h12_w500,2,15,20,12,500,10.0,25.0,0.5,0.85,0.25,58.75,1.3947540625722379,153.3186260024178,165.02237334090063,,68,33.5
config_51_det2_b15_s20_h12_w1500,2,15,20,12,1500,10.0,25.0,0.5,0.85,0.25,58.75,1.4835350644048666,73.79167742424235,109.89849315540255,95.75,69,34.0
config_52_det2_b15_s20_h24_w50,2,15,20,24,50,10.0,25.0,0.5,0.85,0.25,58.75,1.2878353814916736,49.94652900860818,93.37029576107227,,20,9.5
config_53_det2_b15_s20_h24_w500,2,15,20,24,500,10.0,25.0,0.5,0.85,0.25,58.75,1.394720574119631,158.94995647566876,168.92571418123583,,71,35.0
config_54_det2_b15_s20_h24_w1500,2,15,20,24,1500,10.0,25.0,0.5,0.85,0.25,58.75,1.483477643965407,98.65967452529792,127.1356752321721,97.25,74,36.5
config_55_det2_b30_s5_h4_w50,2,30,5,4,50,2.5,32.5,0.5,0.85,0.25,32.75,2.1950179954518307,17.419819233260128,44.82449858739817,39.25,37,18.0
config_56_det2_b30_s5_h4_w500,2,30,5,4,500,2.5,32.5,0.5,0.85,0.25,32.75,2.714289061423846,10.958499860467715,40.34585328144975,39.75,26,12.5
config_57_det2_b30_s5_h4_w1500,2,30,5,4,1500,2.5,32.5,0.5,0.85,0.25,32.75,3.298595196328019,14.937721884949273,43.10403980854118,41.75,34,16.5
config_58_det2_b30_s5_h12_w50,2,30,5,12,50,2.5,32.5,0.5,0.85,0.25,32.75,2.6526982047351333,79.35086871395104,87.75183092405754,70.75,131,65.0
config_59_det2_b30_s5_h12_w500,2,30,5,12,500,2.5,32.5,0.5,0.85,0.25,32.75,3.3883126237492682,50.7042539866288,67.89551069322712,70.25,130,64.5
config_60_det2_b30_s5_h12_w1500,2,30,5,12,1500,2.5,32.5,0.5,0.85,0.25,32.75,4.102172685516032,44.06583491164761,63.294109228028546,72.25,128,63.5
config_61_det2_b30_s5_h24_w50,2,30,5,24,50,2.5,32.5,0.5,0.85,0.25,32.75,2.6527834847005454,82.2862388134294,89.78647443241093,70.75,131,65.0
config_62_det2_b30_s5_h24_w500,2,30,5,24,500,2.5,32.5,0.5,0.85,0.25,32.75,3.387647230500888,65.91338775249929,78.43767888179931,70.25,130,64.5
config_63_det2_b30_s5_h24_w1500,2,30,5,24,1500,2.5,32.5,0.5,0.85,0.25,32.75,4.102736239470886,62.709677490490094,76.21703614635668,72.75,128,63.5
config_64_det2_b30_s20_h4_w50,2,30,20,4,50,10.0,40.0,0.5,0.85,0.25,40.25,1.338252015849165,38.717701877395065,67.08706589407689,94.75,27,13.0
config_65_det2_b30_s20_h4_w500,2,30,20,4,500,10.0,40.0,0.5,0.85,0.25,40.25,1.3713263977768684,17.232625962765653,52.19474609973513,52.25,16,7.5
config_66_det2_b30_s20_h4_w1500,2,30,20,4,1500,10.0,40.0,0.5,0.85,0.25,40.25,1.3981278713574072,21.66311924706945,55.26573002824007,56.25,25,12.0
config_67_det2_b30_s20_h12_w50,2,30,20,12,50,10.0,40.0,0.5,0.85,0.25,88.75,1.6475259127601412,72.34528803964554,138.89593243147743,,13,6.0
config_68_det2_b30_s20_h12_w500,2,30,20,12,500,10.0,40.0,0.5,0.85,0.25,88.75,1.6317273860473276,45.60715050917623,120.36246778880857,,12,5.5
config_69_det2_b30_s20_h12_w1500,2,30,20,12,1500,10.0,40.0,0.5,0.85,0.25,40.25,1.6530223433301843,30.489762833883052,61.383893144247445,,17,8.0
config_70_det2_b30_s20_h24_w50,2,30,20,24,50,10.0,40.0,0.5,0.85,0.25,88.75,1.6484137554352871,74.83268347863721,140.62006356695218,,13,6.0
config_71_det2_b30_s20_h24_w500,2,30,20,24,500,10.0,40.0,0.5,0.85,0.25,88.75,1.6775697098962714,,,,0,0.0
config_72_det2_b30_s20_h24_w1500,2,30,20,24,1500,10.0,40.0,0.5,0.85,0.25,88.75,1.7081963790778083,55.512562483442395,127.22837617105588,,11,5.0
config_73_det1_b10_s8_h10_w250,1,10,8,10,250,6.4031242374328485,18.0,0.5,0.85,0.25,22.25,1.8341183840324335,39.55691562540673,49.66876453739832,47.75,72,35.5
config_74_det1_b10_s8_h10_w1000,1,10,8,10,1000,6.4031242374328485,18.0,0.5,0.85,0.25,22.75,2.1066644641475003,25.996760531025714,40.769581265772544,59.75,43,21.0
config_75_det1_b10_s8_h15_w250,1,10,8,15,250,6.4031242374328485,18.0,0.5,0.85,0.25,22.25,1.8342606842011004,40.10821224224992,50.05089423301541,47.75,72,35.5
config_76_det1_b10_s8_h15_w1000,1,10,8,15,1000,6.4031242374328485,18.0,0.5,0.85,0.25,22.75,2.1074925783026504,25.993878547821495,40.767583627240114,60.25,45,22.0
config_77_det1_b10_s12_h10_w250,1,10,12,10,250,7.810249675906654,22.0,0.5,0.85,0.25,47.75,1.0526398867182234,,,,0,0.0
config_78_det1_b10_s12_h10_w1000,1,10,12,10,1000,7.810249675906654,22.0,0.5,0.85,0.25,47.75,1.1796219435476125,,,,0,0.0
config_79_det1_b10_s12_h15_w250,1,10,12,15,250,7.810249675906654,22.0,0.5,0.85,0.25,47.75,1.0525562520183078,,,,0,0.0
config_80_det1_b10_s12_h15_w1000,1,10,12,15,1000,7.810249675906654,22.0,0.5,0.85,0.25,47.75,1.1793872154627407,,,,0,0.0
config_81_det2_b10_s8_h10_w250,2,10,8,10,250,4.0,14.0,0.5,0.85,0.25,31.25,1.7805496961523848,29.777230514784744,51.890003376206614,51.25,43,21.0
config_82_det2_b10_s8_h10_w1000,2,10,8,10,1000,4.0,14.0,0.5,0.85,0.25,30.75,2.101501269933746,21.926663038025158,45.948404663895104,51.75,53,26.0
config_83_det2_b10_s8_h15_w250,2,10,8,15,250,4.0,14.0,0.5,0.85,0.25,31.25,1.7807691614533567,29.814185622661785,51.915618705038874,51.25,43,21.0
config_84_det2_b10_s8_h15_w1000,2,10,8,15,1000,4.0,14.0,0.5,0.85,0.25,30.75,2.100452606555192,22.03778818460078,46.025430745933306,51.75,55,27.0
config_85_det2_b10_s12_h10_w250,2,10,12,10,250,6.0,16.0,0.5,0.85,0.25,36.75,1.4970014763918122,73.7412067320552,87.86350953741211,61.75,47,23.0
config_86_det2_b10_s12_h10_w1000,2,10,12,10,1000,6.0,16.0,0.5,0.85,0.25,36.75,1.6376561296023784,36.69592581281107,62.18567751518691,61.75,46,22.5
config_87_det2_b10_s12_h15_w250,2,10,12,15,250,6.0,16.0,0.5,0.85,0.25,36.75,1.4969231011457036,73.65753804025553,87.80551481959003,61.75,47,23.0
config_88_det2_b10_s12_h15_w1000,2,10,12,15,1000,6.0,16.0,0.5,0.85,0.25,36.75,1.637150623147257,35.73030869365669,61.51636273154463,61.75,47,23.0
config_89_det1_b10_s5_h15_w250,1,10,5,15,250,5.5901699437494745,15.0,0.5,0.85,0.25,18.75,2.632213647330605,24.41039321957719,35.669995236509536,38.25,54,26.5
config_90_det1_b10_s5_h15_w1000,1,10,5,15,1000,5.5901699437494745,15.0,0.5,0.85,0.25,20.25,3.202650552891951,20.805901138476464,34.67155171314391,49.25,41,20.0
config_91_det1_b10_s5_h24_w250,1,10,5,24,250,5.5901699437494745,15.0,0.5,0.85,0.25,18.75,2.632213594371786,24.290930513913615,35.58718999889676,38.25,54,26.5
config_92_det1_b10_s5_h24_w1000,1,10,5,24,1000,5.5901699437494745,15.0,0.5,0.85,0.25,20.25,3.2027154767387507,20.905174754726904,34.7403629403519,49.25,41,20.0
config_93_det2_b10_s5_h15_w250,2,10,5,15,250,2.5,12.5,0.5,0.85,0.25,14.75,2.1382381088898073,21.69532474629278,29.78805317922525,42.25,36,17.5
config_94_det2_b10_s5_h15_w1000,2,10,5,15,1000,2.5,12.5,0.5,0.85,0.25,26.25,2.5902832238457285,18.97146024007663,39.40001417651422,44.25,50,24.5
config_95_det2_b10_s5_h24_w250,2,10,5,24,250,2.5,12.5,0.5,0.85,0.25,14.75,2.1382381088898073,21.788435274591812,29.852592479396172,42.25,36,17.5
config_96_det2_b10_s5_h24_w1000,2,10,5,24,1000,2.5,12.5,0.5,0.85,0.25,26.25,2.590283166884289,19.001517986620733,39.42084861878525,44.25,50,24.5
