ConfigName,Det,Height,BuildingSize,StreetWidth,ChargeWeight,RI_5,RI_10,RI_15,RI_20,RI_30,RI_40
config_01_det1_b15_s5_h4_w50,1,4,15,5,50,82.08320922156437,49.882651320652336,38.963446010331275,32.69283751833113,26.091442562648773,21.19586929097271
config_02_det1_b15_s5_h4_w500,1,4,15,5,500,187.03374702918663,92.6411494393525,67.61682955366133,50.60868379043264,35.37581624499992,28.814497942297496
config_03_det1_b15_s5_h4_w1500,1,4,15,5,1500,225.7524776226781,116.05903418806598,83.52368717582122,70.34960060693703,45.11496287264349,34.024095424337794
config_04_det1_b15_s5_h12_w50,1,12,15,5,50,103.52707945535582,72.98453688967273,57.79162460945357,41.928430092241705,25.902352692371398,21.80778594396455
config_05_det1_b15_s5_h12_w500,1,12,15,5,500,195.24759384632063,128.7934381955161,100.66890919135749,83.26463818586028,50.927275217815364,32.16260293847154
config_06_det1_b15_s5_h12_w1500,1,12,15,5,1500,454.039082798313,166.48328069208634,124.63009958361673,99.01740166926888,66.87638077494591,48.30710869012965
config_07_det1_b15_s5_h24_w50,1,24,15,5,50,125.27261378245801,82.54360724624422,42.11649881248704,30.90216416369572,24.934251041489095,20.654249629986023
config_08_det1_b15_s5_h24_w500,1,24,15,5,500,218.17077052417247,147.92566564175252,112.54805387280385,88.13615808004744,35.315398553605476,31.496397060263536
config_09_det1_b15_s5_h24_w1500,1,24,15,5,1500,469.5121359808853,190.25496660913862,144.00809993615715,115.07929560862708,78.46877546019321,39.2915318131302
config_10_det1_b15_s20_h4_w50,1,4,15,20,50,74.5402533870123,38.50577139281273,27.785969431031596,23.518794198588406,16.986645489913542,16.98034525561833
config_11_det1_b15_s20_h4_w500,1,4,15,20,500,115.71417276106578,59.74416824166932,44.473798622210005,31.5757713022712,28.276578696472065,23.07376606788661
config_12_det1_b15_s20_h4_w1500,1,4,15,20,1500,105.56335630532237,71.19726089066442,59.69703917374052,47.02313880775435,33.31410361993851,29.997305666046447
config_13_det1_b15_s20_h12_w50,1,12,15,20,50,76.2174485162901,31.322193941889406,25.64583461955047,23.816899054149673,17.70126054833384,16.98034525561833
config_14_det1_b15_s20_h12_w500,1,12,15,20,500,139.9825148307221,67.70341059027643,51.850791540084835,45.120786968609785,30.704932873689494,23.872768947531462
config_15_det1_b15_s20_h12_w1500,1,12,15,20,1500,176.12435884277275,92.3830830172807,70.39775752031373,56.16827247951759,47.114905196409616,38.549808509396144
config_16_det1_b15_s20_h24_w50,1,24,15,20,50,87.39961996167057,31.422985217830593,25.71626457883977,23.91187263218374,17.70126054833384,16.98034525561833
config_17_det1_b15_s20_h24_w500,1,24,15,20,500,155.32279229255298,65.01370795626275,50.394616941362564,38.77013849457968,28.146232232554482,23.882984993970545
config_18_det1_b15_s20_h24_w1500,1,24,15,20,1500,338.8361394169754,85.50034835861457,63.76224294204212,51.99581660522743,38.58867799555259,34.82484964472607
config_19_det1_b30_s5_h4_w50,1,4,30,5,50,94.19945218347432,50.39612598096096,46.826683395023586,44.593312590317595,41.645469774968056,34.1330755605501
config_20_det1_b30_s5_h4_w500,1,4,30,5,500,177.40457532775815,97.0553875372202,74.8033314023439,56.79654222162942,46.848781853012056,39.35931327737651
config_21_det1_b30_s5_h4_w1500,1,4,30,5,1500,217.06748230677022,129.90050594375853,86.23993145740421,64.46857718644367,54.543982252857184,46.44618361310455
config_22_det1_b30_s5_h12_w50,1,12,30,5,50,115.96570074810914,90.60476992594448,72.39777841511743,56.819520926643975,46.93701586523512,41.36743804679661
config_23_det1_b30_s5_h12_w500,1,12,30,5,500,217.4874215072883,137.76996875831347,112.75394862511713,93.90466937567885,68.98006586044342,51.77653922278785
config_24_det1_b30_s5_h12_w1500,1,12,30,5,1500,412.6180502965856,186.94999153071214,143.52461408142585,116.53387383074504,76.69701881067115,55.72965660220777
config_25_det1_b30_s5_h24_w50,1,24,30,5,50,149.5748963730211,109.3860274440936,96.31768053339603,57.07578976919879,45.42679749394134,39.410053885045905
config_26_det1_b30_s5_h24_w500,1,24,30,5,500,250.99530761439436,182.07477268205562,137.23684044381085,114.62876208536068,79.54251571050261,61.48215052625707
config_27_det1_b30_s5_h24_w1500,1,24,30,5,1500,476.7478660442832,218.21668957967242,179.21141863576784,147.80495748902786,110.52809930561146,75.35378704632052
config_28_det1_b30_s20_h4_w50,1,4,30,20,50,74.67139521857676,46.38604795026673,33.33584178061538,28.268587297171006,28.2670749773969,28.265580266072337
config_29_det1_b30_s20_h4_w500,1,4,30,20,500,100.65176945510915,65.94476360729654,49.752084964685984,43.73421429498877,32.975861752702286,28.52385015697877
config_30_det1_b30_s20_h4_w1500,1,4,30,20,1500,138.98197989707555,74.99459962038749,59.251399538088734,50.661812404523296,41.020510621720284,36.211628350265855
config_31_det1_b30_s20_h12_w50,1,12,30,20,50,81.78596235839552,45.80595409502519,40.9284942172185,34.0935775150948,28.2670749773969,28.265580266072337
config_32_det1_b30_s20_h12_w500,1,12,30,20,500,174.0301237094697,92.6867273699722,76.8629193759904,68.45444622764349,48.709105639728406,36.896558105059064
config_33_det1_b30_s20_h12_w1500,1,12,30,20,1500,240.80028553531426,118.37369769317657,92.0084241312235,79.72506715791046,67.04272632268005,57.00006993173098
config_34_det1_b30_s20_h24_w50,1,24,30,20,50,90.54422085674797,50.19505260038638,44.33369078803263,36.45466400582753,28.2670749773969,28.265580266072337
config_35_det1_b30_s20_h24_w500,1,24,30,20,500,191.09603326745315,104.4000411744278,69.88212744408338,61.06071318322809,54.96307257807029,42.34825671999052
config_36_det1_b30_s20_h24_w1500,1,24,30,20,1500,450.05794225731523,144.4438287112945,107.62907141608576,82.56605007507626,61.64281284140106,58.452571823468794
config_37_det2_b15_s5_h4_w50,2,4,15,5,50,84.85149437235754,53.373109516351434,40.77352098959432,39.223633217459316,21.218232136537672,18.35849598959566
config_38_det2_b15_s5_h4_w500,2,4,15,5,500,156.90455635689983,84.76607099345036,66.30892379612264,53.57239844360153,38.780202924802865,34.01681018261412
config_39_det2_b15_s5_h4_w1500,2,4,15,5,1500,186.71890511616058,113.21192504423826,80.32652097671243,66.07874132847535,52.62450488022561,40.83426716619266
config_40_det2_b15_s5_h12_w50,2,12,15,5,50,122.62684747730499,82.52099960010179,67.83714229682734,59.13629913175156,32.998361701757254,20.724060426363256
config_41_det2_b15_s5_h12_w500,2,12,15,5,500,189.96535897660686,126.5272044748568,103.5963689169547,87.02833103523115,60.960924984780206,39.85087392740312
config_42_det2_b15_s5_h12_w1500,2,12,15,5,1500,412.763160164384,168.94577483125565,130.35401615515258,104.76294139097513,77.82479842569461,57.29618139787134
config_43_det2_b15_s5_h24_w50,2,24,15,5,50,147.7278077900178,102.19578935118174,77.18955806972858,39.90230413146588,26.419526396209303,20.724060426363256
config_44_det2_b15_s5_h24_w500,2,24,15,5,500,235.27251870024168,152.42653667696231,116.97543153728193,94.60574506867962,57.13352890378819,28.062223272577675
config_45_det2_b15_s5_h24_w1500,2,24,15,5,1500,510.01116273186716,200.2151808402372,142.96396389378066,116.92373689717586,83.64082236962204,47.49888653665707
config_46_det2_b15_s20_h4_w50,2,4,15,20,50,80.99413344667488,41.58569515670823,25.504722601902575,23.998309836319724,21.27822537243179,10.13150408379723
config_47_det2_b15_s20_h4_w500,2,4,15,20,500,104.96671959350843,59.662826575682786,44.75266767343472,41.58808573377716,24.943617809861593,23.37048381803186
config_48_det2_b15_s20_h4_w1500,2,4,15,20,1500,134.92739333516462,69.63435793884764,56.04409796460879,48.71070581618697,40.60379480760114,25.089262034672213
config_49_det2_b15_s20_h12_w50,2,12,15,20,50,84.29387441498278,50.696068634559815,27.600541208461834,25.209202188883328,22.69563559365545,10.13150408379723
config_50_det2_b15_s20_h12_w500,2,12,15,20,500,206.94101749586096,87.78340998984059,60.14698466165106,39.34513788258976,29.56432464418334,26.251388587611473
config_51_det2_b15_s20_h12_w1500,2,12,15,20,1500,200.10439636460876,110.68162060111375,87.62011612637818,64.08449370427556,42.82216926494448,36.05196500269514
config_52_det2_b15_s20_h24_w50,2,24,15,20,50,71.80981391843318,42.917855808768245,27.643658856960304,25.209202188883328,22.69563559365545,10.13150408379723
config_53_det2_b15_s20_h24_w500,2,24,15,20,500,151.474719104469,66.0089151175809,52.40126920112612,43.61582870803773,29.68608236381337,26.251388587611473
config_54_det2_b15_s20_h24_w1500,2,24,15,20,1500,326.54935108562756,103.9844901629298,70.5718109445974,62.60988384876269,46.369687476482596,37.79275301635956
config_55_det2_b30_s5_h4_w50,2,4,30,5,50,86.27174790226006,47.541929885336195,40.09654927657603,34.22068717246274,33.234927870473186,32.15664761928878
config_56_det2_b30_s5_h4_w500,2,4,30,5,500,137.03928866893935,84.47630880903829,65.36623841862097,52.50002023809134,42.66675537100154,31.7369459165672
config_57_det2_b30_s5_h4_w1500,2,4,30,5,1500,176.0700934445017,96.87196948664882,80.02074574758723,63.914499202710914,50.76030286771566,41.14913914989933
config_58_det2_b30_s5_h12_w50,2,12,30,5,50,116.82676515060905,92.32949578366963,69.16887094881146,62.9186744712746,48.217265666287354,34.4139524757038
config_59_det2_b30_s5_h12_w500,2,12,30,5,500,196.4309962952781,129.56475290156826,104.34960323089133,100.08115165537748,75.94752400689424,57.3435711547317
config_60_det2_b30_s5_h12_w1500,2,12,30,5,1500,353.48904980682687,171.9512205539699,130.5476846681787,119.56063164306589,90.35555769046836,66.0567158458043
config_61_det2_b30_s5_h24_w50,2,24,30,5,50,157.54781020376006,123.61911372347633,101.17446249479713,89.95579330982525,35.145338911756454,33.18009380637734
config_62_det2_b30_s5_h24_w500,2,24,30,5,500,266.81733764256524,181.28946313684216,153.4275118382909,125.35663590997753,97.1002371549913,82.77425458572382
config_63_det2_b30_s5_h24_w1500,2,24,30,5,1500,442.69099142504456,214.1394437951329,184.8830260822592,153.34725027422783,117.52017959104347,85.00869890128239
config_64_det2_b30_s20_h4_w50,2,4,30,20,50,91.96661524403541,66.56600765405719,38.36289059755534,36.08965745196261,32.29934016353895,10.13150408379723
config_65_det2_b30_s20_h4_w500,2,4,30,20,500,120.41877737481163,73.53026842736261,70.50917936694484,53.00485237221211,36.63998328329313,34.682162201915844
config_66_det2_b30_s20_h4_w1500,2,4,30,20,1500,149.0614370914818,82.45155530505305,76.58495319287958,71.86149080774146,41.199264927369214,38.073171328377676
config_67_det2_b30_s20_h12_w50,2,12,30,20,50,113.87540242641417,52.54373773343499,46.571518328743,43.256934415189434,34.80797861123222,10.13150408379723
config_68_det2_b30_s20_h12_w500,2,12,30,20,500,192.72063113913535,115.5325099749465,91.80186749189801,74.1843539771022,46.134553361757916,44.21622298433009
config_69_det2_b30_s20_h12_w1500,2,12,30,20,1500,311.4186156392496,143.25376337891518,98.28969413027097,92.02378994948353,76.16161680925636,46.18493666770584
config_70_det2_b30_s20_h24_w50,2,24,30,20,50,97.45250773524963,60.118286527478475,46.56812557366298,43.256934415189434,34.80797861123222,10.13150408379723
config_71_det2_b30_s20_h24_w500,2,24,30,20,500,208.87073886869732,127.19892841092997,95.24461205233607,73.63719763136021,46.12911243335264,44.23180275548353
config_72_det2_b30_s20_h24_w1500,2,24,30,20,1500,398.9583075892072,157.55896400677713,127.18314725011504,100.14010712774156,62.32140382725666,52.85137060663612
config_73_det1_b10_s8_h10_w250,1,10,10,8,250,138.0681966155373,77.05383075054304,49.78594179083087,35.806784350951645,24.768394399135182,23.174546921137424
config_74_det1_b10_s8_h10_w1000,1,10,10,8,1000,402.05220604902655,178.64668125163206,84.33949063490695,62.00336460404565,39.080906285692905,30.27640789459674
config_75_det1_b10_s8_h15_w250,1,15,10,8,250,143.43967193949905,84.72759889132283,47.62935019502155,29.639940442660208,24.608324302967073,22.75834187721065
config_76_det1_b10_s8_h15_w1000,1,15,10,8,1000,383.9148361145853,170.67274309657975,91.07536584548474,68.6998564611148,38.30518984999872,30.27251457822572
config_77_det1_b10_s12_h10_w250,1,10,10,12,250,110.32899431296885,57.61424182536043,39.151037484479396,30.916787510994734,22.749701768497,16.61989019217636
config_78_det1_b10_s12_h10_w1000,1,10,10,12,1000,508.71770713781484,259.47362617529274,48.012839717910644,41.80748686937943,31.724478368883826,24.987474918001976
config_79_det1_b10_s12_h15_w250,1,15,10,12,250,110.7314125987342,60.54109841440128,41.36161314149469,34.11489390443873,22.739483833191994,16.788985311143072
config_80_det1_b10_s12_h15_w1000,1,15,10,12,1000,489.48278258223183,259.5280695587452,46.84263178748369,39.650646274682586,30.949986986175684,24.126151958680303
config_81_det2_b10_s8_h10_w250,2,10,10,8,250,133.0904788313407,83.59724202986602,58.59222538016456,46.12578861114463,30.616823398256063,22.108411860647067
config_82_det2_b10_s8_h10_w1000,2,10,10,8,1000,508.95445659596,156.0602070427379,87.14744195264076,69.80706894720619,47.67807541208013,33.99954227633072
config_83_det2_b10_s8_h15_w250,2,15,10,8,250,142.49139749862485,89.59922494704468,65.67539779095365,47.16950683439461,26.648778114577787,22.098571786429996
config_84_det2_b10_s8_h15_w1000,2,15,10,8,1000,500.88188339279264,149.03358970752572,95.12854797004361,77.15638907439876,45.11801608005388,30.978409820389423
config_85_det2_b10_s12_h10_w250,2,10,10,12,250,111.99473115086957,67.12330351673701,46.82935911370131,35.745704287368575,25.669902122914298,21.441609664388537
config_86_det2_b10_s12_h10_w1000,2,10,10,12,1000,527.774946776033,226.32606321166128,69.59615560503325,53.130851442452915,37.46597623177594,31.98875388320089
config_87_det2_b10_s12_h15_w250,2,15,10,12,250,112.55990985051274,63.37124643716581,36.80640399441379,33.110117411449934,25.698946962862113,21.42946277908058
config_88_det2_b10_s12_h15_w1000,2,15,10,12,1000,514.5466991008255,223.75449616835758,70.98134878262034,58.55763293542525,35.59735067389145,31.587938758329894
config_89_det1_b10_s5_h15_w250,1,15,10,5,250,160.19125843121958,105.81786468319568,80.12464794514439,58.52306608414232,22.432928735826415,20.88212619549179
config_90_det1_b10_s5_h15_w1000,1,15,10,5,1000,376.5127985872459,163.28723150394282,113.16341121974403,93.3701696653344,51.79156087412097,29.628302441340704
config_91_det1_b10_s5_h24_w250,1,24,10,5,250,172.30013776031123,111.46027948456695,76.1245257237552,31.752195243443843,22.410939788911627,20.810850868931066
config_92_det1_b10_s5_h24_w1000,1,24,10,5,1000,364.61832022602,162.82657914173595,119.44855151207709,92.57800307188408,33.492193327533634,26.566090541640982
config_93_det2_b10_s5_h15_w250,2,15,10,5,250,175.24533628284917,115.27327121043957,85.08422812131518,68.1610404157357,35.194962352586764,19.744795024399608
config_94_det2_b10_s5_h15_w1000,2,15,10,5,1000,370.12528847225053,164.0692259891131,117.95120071453279,93.90272670872415,58.37831729808213,36.335188599421855
config_95_det2_b10_s5_h24_w250,2,24,10,5,250,189.56523723158386,114.75765636524844,84.14273125007425,64.22452586218307,21.42380523052699,19.744795024399608
config_96_det2_b10_s5_h24_w1000,2,24,10,5,1000,366.55676383216706,167.93435109523537,110.60948033007338,92.83220062145583,33.14824635046492,29.725751322156125
