ConfigName,Det,Height,BuildingSize,StreetWidth,AreaDensity,VolumeDensity,ChargeWeight,RadiusP,RadiusI,PressureAtR,ImpulseAtR
config_01_det1_b15_s5_h4_w50,1,4,15,5,0.5625,0.09375,50,25.245105961354174,43.71712479109302,14.056258201599121,1.242045088112356
config_02_det1_b15_s5_h4_w500,1,4,15,5,0.5625,0.09375,500,56.138140382057145,105.54250598429263,2.962456101729786,11.680425012111042
config_03_det1_b15_s5_h4_w1500,1,4,15,5,0.5625,0.09375,1500,84.18196766859013,162.32514511347622,13.507432102615493,270.95947265625
config_04_det1_b15_s5_h12_w50,1,12,15,5,0.5625,0.28125,50,22.539029112482492,45.485353411840165,17.714475631713867,6.129894092679024
config_05_det1_b15_s5_h12_w500,1,12,15,5,0.5625,0.28125,500,69.8017782724767,103.92171826802029,26.189647674560547,67.74864842891694
config_06_det1_b15_s5_h12_w1500,1,12,15,5,0.5625,0.28125,1500,89.83892746960468,144.46272606531494,1.6865094635460034,426.7442321777344
config_07_det1_b15_s5_h24_w50,1,24,15,5,0.5625,0.5625,50,22.540681432566416,35.22143346032356,17.708070755004883,33.61795481741429
config_08_det1_b15_s5_h24_w500,1,24,15,5,0.5625,0.5625,500,73.32736045751726,113.99475603192359,25.26690673828125,210.52053833007812
config_09_det1_b15_s5_h24_w1500,1,24,15,5,0.5625,0.5625,1500,101.7547647669522,156.15692463387947,1.082631871459246,291.03839111328125
config_10_det1_b15_s20_h4_w50,1,4,15,20,0.1836734693877551,0.030612244897959186,50,23.529955789258178,42.70050643727777,16.50550079345703,96.70316314697266
config_11_det1_b15_s20_h4_w500,1,4,15,20,0.1836734693877551,0.030612244897959186,500,57.9914820134053,106.13376184220448,3.677275490119379,82.54905558586431
config_12_det1_b15_s20_h4_w1500,1,4,15,20,0.1836734693877551,0.030612244897959186,1500,88.86513822454036,155.22663569940423,4.761340967967588,5.404917329549789
config_13_det1_b15_s20_h12_w50,1,12,15,20,0.1836734693877551,0.09183673469387756,50,23.930105689974155,36.42915194059712,15.526266098022461,9.264046669006348
config_14_det1_b15_s20_h12_w500,1,12,15,20,0.1836734693877551,0.09183673469387756,500,53.050600321244666,89.4222260620305,15.596234321594238,165.712186126709
config_15_det1_b15_s20_h12_w1500,1,12,15,20,0.1836734693877551,0.09183673469387756,1500,83.22232764976262,142.5734390196466,12.68696117401123,288.23602294921875
config_16_det1_b15_s20_h24_w50,1,24,15,20,0.1836734693877551,0.1836734693877551,50,23.930105689974155,35.70878918417705,15.526273727416992,7.998890261650131
config_17_det1_b15_s20_h24_w500,1,24,15,20,0.1836734693877551,0.1836734693877551,500,51.25671283950143,74.76101721114048,17.865976333618164,172.24874877929688
config_18_det1_b15_s20_h24_w1500,1,24,15,20,0.1836734693877551,0.1836734693877551,1500,81.1349939059042,112.38361831987199,8.740468978881836,68.75427671372891
config_19_det1_b30_s5_h4_w50,1,4,30,5,0.7346938775510204,0.12244897959183675,50,29.697415712482456,40.555647811919414,0.7054894339584327,2.628454476594974
config_20_det1_b30_s5_h4_w500,1,4,30,5,0.7346938775510204,0.12244897959183675,500,48.795136938929566,97.09560923817993,2.8840191060852494,75.16609783932427
config_21_det1_b30_s5_h4_w1500,1,4,30,5,0.7346938775510204,0.12244897959183675,1500,72.93883834342914,154.08872151206336,1.4970616407750643,1.391106516122818
config_22_det1_b30_s5_h12_w50,1,12,30,5,0.7346938775510204,0.3673469387755102,50,28.509912993358796,49.39538791448268,0.3860567543480791,115.22718048095703
config_23_det1_b30_s5_h12_w500,1,12,30,5,0.7346938775510204,0.3673469387755102,500,64.78753695306254,96.89735010996604,2.2532972137312623,84.47453583776951
config_24_det1_b30_s5_h12_w1500,1,12,30,5,0.7346938775510204,0.3673469387755102,1500,86.1308847368675,141.39898362238833,23.59836527521928,422.5519714355469
config_25_det1_b30_s5_h24_w50,1,24,30,5,0.7346938775510204,0.7346938775510204,50,28.520012953869582,39.45500654754307,0.3401814708683915,27.691984042525956
config_26_det1_b30_s5_h24_w500,1,24,30,5,0.7346938775510204,0.7346938775510204,500,80.53502274718055,111.72047211182421,7.143749904091411,261.66009521484375
config_27_det1_b30_s5_h24_w1500,1,24,30,5,0.7346938775510204,0.7346938775510204,1500,108.08168348779341,156.8796380456474,6.923418933904031,1.3691458404064178
config_28_det1_b30_s20_h4_w50,1,4,30,20,0.36,0.06,50,30.34565569310448,42.2901356044698,0.0711706039879897,100.86754608154297
config_29_det1_b30_s20_h4_w500,1,4,30,20,0.36,0.06,500,55.77492367642569,96.40820439672133,13.204030990600586,193.10537719726562
config_30_det1_b30_s20_h4_w1500,1,4,30,20,0.36,0.06,1500,85.58718597300519,161.03902619655068,23.684555053710938,4.542225480079651
config_31_det1_b30_s20_h12_w50,1,12,30,20,0.36,0.18000000000000002,50,30.696701098543684,41.32405322569411,0.12080984925966963,4.8717934757468715
config_32_det1_b30_s20_h12_w500,1,12,30,20,0.36,0.18000000000000002,500,53.34157110859534,88.37627108939745,1.9723989017365966,36.603535905480385
config_33_det1_b30_s20_h12_w1500,1,12,30,20,0.36,0.18000000000000002,1500,82.03827528118269,138.2956619890877,14.70217227935791,1.3774610459804535
config_34_det1_b30_s20_h24_w50,1,24,30,20,0.36,0.36000000000000004,50,30.696701098543684,41.03230282350724,0.19218613242845822,0.6514124607294829
config_35_det1_b30_s20_h24_w500,1,24,30,20,0.36,0.36000000000000004,500,53.57300289221138,71.46052319287901,6.47572660446167,228.35012817382812
config_36_det1_b30_s20_h24_w1500,1,24,30,20,0.36,0.36000000000000004,1500,82.44980990140473,128.12590948186693,13.3745698928833,324.3614321136477
config_37_det2_b15_s5_h4_w50,2,4,15,5,0.5625,0.09375,50,29.391603818097444,46.255709707619395,0.6665465034602672,114.72987365722656
config_38_det2_b15_s5_h4_w500,2,4,15,5,0.5625,0.09375,500,60.016883851314894,96.31291904516236,10.913538932800293,98.91847757756774
config_39_det2_b15_s5_h4_w1500,2,4,15,5,0.5625,0.09375,1500,89.7390989201474,155.36680370801366,9.983816241676525,241.3408203125
config_40_det2_b15_s5_h12_w50,2,12,15,5,0.5625,0.28125,50,22.728602574729493,53.82821350782918,2.716094410013473,31.992031094432004
config_41_det2_b15_s5_h12_w500,2,12,15,5,0.5625,0.28125,500,76.13240686461974,103.2350823901987,8.335968858754494,87.17384451627731
config_42_det2_b15_s5_h12_w1500,2,12,15,5,0.5625,0.28125,1500,99.83513938266204,163.80569027560264,24.106647491455078,380.84771728515625
config_43_det2_b15_s5_h24_w50,2,24,15,5,0.5625,0.5625,50,22.14774944673963,40.37094131646892,19.81891441345215,34.203612886071355
config_44_det2_b15_s5_h24_w500,2,24,15,5,0.5625,0.5625,500,83.71527945297018,123.9942414657498,1.2819063074945007,183.9430694580078
config_45_det2_b15_s5_h24_w1500,2,24,15,5,0.5625,0.5625,1500,121.12097648402793,166.12346061488927,20.00946044921875,269.5644226074219
config_46_det2_b15_s20_h4_w50,2,4,15,20,0.1836734693877551,0.030612244897959186,50,18.473450543956318,48.993294467485825,0.2444560587464366,0.5102271974086694
config_47_det2_b15_s20_h4_w500,2,4,15,20,0.1836734693877551,0.030612244897959186,500,67.93048192821836,105.48865980389655,0.4039280269120125,195.2012481689453
config_48_det2_b15_s20_h4_w1500,2,4,15,20,0.1836734693877551,0.030612244897959186,1500,92.5553385518331,163.40219211775857,4.272479142801766,5.133579432964325
config_49_det2_b15_s20_h12_w50,2,12,15,20,0.1836734693877551,0.09183673469387756,50,18.478592343574224,38.48696370201213,0.6741767622588668,123.47843170166016
config_50_det2_b15_s20_h12_w500,2,12,15,20,0.1836734693877551,0.09183673469387756,500,62.195214959745,99.99749628810157,29.133092880249023,111.30547653198244
config_51_det2_b15_s20_h12_w1500,2,12,15,20,0.1836734693877551,0.09183673469387756,1500,88.74914960468948,153.1180814310025,4.408069800989638,18.32856249809265
config_52_det2_b15_s20_h24_w50,2,24,15,20,0.1836734693877551,0.1836734693877551,50,18.478592343574224,38.48696370201213,0.3619145475386176,123.4785385131836
config_53_det2_b15_s20_h24_w500,2,24,15,20,0.1836734693877551,0.1836734693877551,500,54.0430639757674,78.7368003928983,2.3278955953859035,120.91510414422012
config_54_det2_b15_s20_h24_w1500,2,24,15,20,0.1836734693877551,0.1836734693877551,1500,81.25937680935317,119.82225997748128,18.666557432964453,62.59663448214765
config_55_det2_b30_s5_h4_w50,2,4,30,5,0.7346938775510204,0.12244897959183675,50,23.248598822772568,45.492417103171036,0.5364693112729584,4.2185475975275875
config_56_det2_b30_s5_h4_w500,2,4,30,5,0.7346938775510204,0.12244897959183675,500,53.775081615724005,90.06412676840627,0.27008594012002796,7.864774227142334
config_57_det2_b30_s5_h4_w1500,2,4,30,5,0.7346938775510204,0.12244897959183675,1500,82.23785548638776,143.38921904693146,4.849495401041533,247.8668975830078
config_58_det2_b30_s5_h12_w50,2,12,30,5,0.7346938775510204,0.3673469387755102,50,33.32031516624322,51.996532603412874,0.5815703272819519,0.4893929958343506
config_59_det2_b30_s5_h12_w500,2,12,30,5,0.7346938775510204,0.3673469387755102,500,78.99969453175822,95.0860914732889,5.346551115071637,127.65635227561306
config_60_det2_b30_s5_h12_w1500,2,12,30,5,0.7346938775510204,0.3673469387755102,1500,95.32284827247756,151.9746338483279,12.139168209488567,400.6740417480469
config_61_det2_b30_s5_h24_w50,2,24,30,5,0.7346938775510204,0.7346938775510204,50,21.789207636911545,46.01416101472338,1.6144288606999906,0.5131825149059228
config_62_det2_b30_s5_h24_w500,2,24,30,5,0.7346938775510204,0.7346938775510204,500,69.63994952212735,117.62104787314973,1.170365636107678,91.48795819282532
config_63_det2_b30_s5_h24_w1500,2,24,30,5,0.7346938775510204,0.7346938775510204,1500,123.26670294753387,173.0948387284972,3.908549952757312,494.3425598144531
config_64_det2_b30_s20_h4_w50,2,4,30,20,0.36,0.06,50,20.68176431061915,40.8827760187588,0.1652389623282943,100.42744445800781
config_65_det2_b30_s20_h4_w500,2,4,30,20,0.36,0.06,500,69.08073085166369,106.03330916640192,12.83003749316473,193.01156616210938
config_66_det2_b30_s20_h4_w1500,2,4,30,20,0.36,0.06,1500,94.12551895976162,159.17409668521935,1.8293612930753236,7.003053903579712
config_67_det2_b30_s20_h12_w50,2,12,30,20,0.36,0.18000000000000002,50,22.392909033888387,37.223680298970976,0.9248343922256026,9.984355688095091
config_68_det2_b30_s20_h12_w500,2,12,30,20,0.36,0.18000000000000002,500,66.317902413719,97.58119631875805,27.581811904907227,15.903191929462993
config_69_det2_b30_s20_h12_w1500,2,12,30,20,0.36,0.18000000000000002,1500,85.54272681596672,148.93590623710142,8.473675043141702,247.3951873779297
config_70_det2_b30_s20_h24_w50,2,24,30,20,0.36,0.36000000000000004,50,22.392909033888387,37.223680298970976,0.5298740454076324,11.941639831662176
config_71_det2_b30_s20_h24_w500,2,24,30,20,0.36,0.36000000000000004,500,60.60100968630804,81.8209977973598,11.730929374694824,19.65592176139783
config_72_det2_b30_s20_h24_w1500,2,24,30,20,0.36,0.36000000000000004,1500,78.82260515444369,150.0992403193449,15.551726341247559,1.0810189470648766
config_73_det1_b10_s8_h10_w250,1,10,10,8,0.30864197530864196,0.1286008230452675,250,50.767114793382184,82.79417216473901,27.919109344482422,22.434162843227366
config_74_det1_b10_s8_h10_w1000,1,10,10,8,0.30864197530864196,0.1286008230452675,1000,83.3476987618068,124.11059584096758,0.7037314571498428,284.1464538574219
config_75_det1_b10_s8_h15_w250,1,15,10,8,0.30864197530864196,0.19290123456790123,250,42.29496194058525,78.13443356378373,15.62610912322998,17.7784490585327
config_76_det1_b10_s8_h15_w1000,1,15,10,8,0.30864197530864196,0.19290123456790123,1000,78.34984196608893,122.80487780983657,7.805606300389627,33.29127138853073
config_77_det1_b10_s12_h10_w250,1,10,10,12,0.2066115702479339,0.08608815426997246,250,40.37670378242054,57.77554100905406,9.784172058105469,142.00779724121094
config_78_det1_b10_s12_h10_w1000,1,10,10,12,0.2066115702479339,0.08608815426997246,1000,75.81244364292124,107.02061237080558,11.302062034606934,239.0075075149536
config_79_det1_b10_s12_h15_w250,1,15,10,12,0.2066115702479339,0.1291322314049587,250,39.473932854480054,48.72710972571862,9.932296752929688,49.105777740478516
config_80_det1_b10_s12_h15_w1000,1,15,10,12,0.2066115702479339,0.1291322314049587,1000,71.21937792249147,100.28872908036853,15.137484550476074,116.25531424284056
config_81_det2_b10_s8_h10_w250,2,10,10,8,0.30864197530864196,0.1286008230452675,250,54.48876859296581,85.35707840204779,5.65456774905906,45.54897741079332
config_82_det2_b10_s8_h10_w1000,2,10,10,8,0.30864197530864196,0.1286008230452675,1000,89.4043432017334,119.80127944039477,7.900683600461344,111.91093516349792
config_83_det2_b10_s8_h15_w250,2,15,10,8,0.30864197530864196,0.19290123456790123,250,40.7804993225929,81.51268076195262,35.50276565551758,50.729510843753815
config_84_det2_b10_s8_h15_w1000,2,15,10,8,0.30864197530864196,0.19290123456790123,1000,87.44903015471354,122.68516176240168,6.011548454320291,280.779052734375
config_85_det2_b10_s12_h10_w250,2,10,10,12,0.2066115702479339,0.08608815426997246,250,46.23921901373335,87.91313176147868,12.26295280456543,66.83414028882873
config_86_det2_b10_s12_h10_w1000,2,10,10,12,0.2066115702479339,0.08608815426997246,1000,92.47945755379648,130.04124943861297,5.104026794092691,251.70098304748535
config_87_det2_b10_s12_h15_w250,2,15,10,12,0.2066115702479339,0.1291322314049587,250,44.04734242834634,67.91244618788387,13.677218437194824,192.31578063964844
config_88_det2_b10_s12_h15_w1000,2,15,10,12,0.2066115702479339,0.1291322314049587,1000,80.53556503875235,123.48525721720792,7.7242711347887445,68.43830320239067
config_89_det1_b10_s5_h15_w250,1,15,10,5,0.4444444444444444,0.27777777777777773,250,46.82881932575755,90.6173664984318,11.231633186340332,128.72047256469725
config_90_det1_b10_s5_h15_w1000,1,15,10,5,0.4444444444444444,0.27777777777777773,1000,82.19160735406288,120.36048083661939,7.06881564334617,100.7017224609852
config_91_det1_b10_s5_h24_w250,1,24,10,5,0.4444444444444444,0.4444444444444444,250,36.7654457337321,78.97461617507236,20.804664611816406,37.156193411350245
config_92_det1_b10_s5_h24_w1000,1,24,10,5,0.4444444444444444,0.4444444444444444,1000,82.14041137318193,127.4581541896965,12.797952651977539,342.26983642578125
config_93_det2_b10_s5_h15_w250,2,15,10,5,0.4444444444444444,0.27777777777777773,250,62.328853560057645,93.3747780750003,22.945297241210938,145.72943115234375
config_94_det2_b10_s5_h15_w1000,2,15,10,5,0.4444444444444444,0.27777777777777773,1000,98.94929600838782,128.85440216901142,23.76006317138672,247.6289520263672
config_95_det2_b10_s5_h24_w250,2,24,10,5,0.4444444444444444,0.4444444444444444,250,38.15139013777145,87.46906667502518,1.9174512751458685,167.17941284179688
config_96_det2_b10_s5_h24_w1000,2,24,10,5,0.4444444444444444,0.4444444444444444,1000,96.22480795858554,143.9469024405257,10.312140464782715,280.6866455078125
