Config,Det,Target,ErrPct
config_01_det1_b15_s5_h4_w50,1,P,17.43031139635866
config_01_det1_b15_s5_h4_w50,1,I,2.5885663295387964
config_02_det1_b15_s5_h4_w500,1,P,15.7941506498355
config_02_det1_b15_s5_h4_w500,1,I,0.12179626181941122
config_03_det1_b15_s5_h4_w1500,1,P,12.871920636210772
config_03_det1_b15_s5_h4_w1500,1,I,5.234138148706133
config_04_det1_b15_s5_h12_w50,1,P,12.660066901688193
config_04_det1_b15_s5_h12_w50,1,I,21.181553669156834
config_05_det1_b15_s5_h12_w500,1,P,4.844940310511609
config_05_det1_b15_s5_h12_w500,1,I,10.328745081220562
config_06_det1_b15_s5_h12_w1500,1,P,8.663749222357751
config_06_det1_b15_s5_h12_w1500,1,I,0.18536142943540654
config_07_det1_b15_s5_h24_w50,1,P,25.729452009568732
config_07_det1_b15_s5_h24_w50,1,I,23.46170643674496
config_08_det1_b15_s5_h24_w500,1,P,17.894314358655627
config_08_det1_b15_s5_h24_w500,1,I,10.948545765700404
config_09_det1_b15_s5_h24_w1500,1,P,6.022151856000152
config_09_det1_b15_s5_h24_w1500,1,I,8.256389183809036
config_10_det1_b15_s20_h4_w50,1,P,3.599787730870833
config_10_det1_b15_s20_h4_w50,1,I,23.78410202355747
config_11_det1_b15_s20_h4_w500,1,P,16.700254424491497
config_11_det1_b15_s20_h4_w500,1,I,20.766941942459166
config_12_det1_b15_s20_h4_w1500,1,P,9.871121462881128
config_12_det1_b15_s20_h4_w1500,1,I,41.740564992322525
config_13_det1_b15_s20_h12_w50,1,P,3.367744068259916
config_13_det1_b15_s20_h12_w50,1,I,13.868292663806661
config_14_det1_b15_s20_h12_w500,1,P,2.2684540054165283
config_14_det1_b15_s20_h12_w500,1,I,8.694532048250213
config_15_det1_b15_s20_h12_w1500,1,P,4.364260502765468
config_15_det1_b15_s20_h12_w1500,1,I,6.494409137639944
config_16_det1_b15_s20_h24_w50,1,P,3.589837910009363
config_16_det1_b15_s20_h24_w50,1,I,2.583665662380384
config_17_det1_b15_s20_h24_w500,1,P,12.980017478011845
config_17_det1_b15_s20_h24_w500,1,I,21.906452462517414
config_18_det1_b15_s20_h24_w1500,1,P,9.520261792086332
config_18_det1_b15_s20_h24_w1500,1,I,5.393759853578076
config_19_det1_b30_s5_h4_w50,1,P,13.76839703454407
config_19_det1_b30_s5_h4_w50,1,I,16.91354352040704
config_20_det1_b30_s5_h4_w500,1,P,12.633796509912143
config_20_det1_b30_s5_h4_w500,1,I,9.09309012962684
config_21_det1_b30_s5_h4_w1500,1,P,24.868494983165743
config_21_det1_b30_s5_h4_w1500,1,I,0.6837375737220271
config_22_det1_b30_s5_h12_w50,1,P,14.320892748865056
config_22_det1_b30_s5_h12_w50,1,I,35.38220975738267
config_23_det1_b30_s5_h12_w500,1,P,1.5832542918936257
config_23_det1_b30_s5_h12_w500,1,I,15.916876732192218
config_24_det1_b30_s5_h12_w1500,1,P,12.708492822370586
config_24_det1_b30_s5_h12_w1500,1,I,6.893813503081692
config_25_det1_b30_s5_h24_w50,1,P,5.71465807563067
config_25_det1_b30_s5_h24_w50,1,I,48.278098888911344
config_26_det1_b30_s5_h24_w500,1,P,21.590503650296426
config_26_det1_b30_s5_h24_w500,1,I,22.215738671565948
config_27_det1_b30_s5_h24_w1500,1,P,13.893814016395462
config_27_det1_b30_s5_h24_w1500,1,I,0.39266397150728893
config_28_det1_b30_s20_h4_w50,1,P,7.797657395114724
config_28_det1_b30_s20_h4_w50,1,I,16.151836145634306
config_29_det1_b30_s20_h4_w500,1,P,15.057824413309522
config_29_det1_b30_s20_h4_w500,1,I,25.639954749123547
config_30_det1_b30_s20_h4_w1500,1,P,8.543194501260164
config_30_det1_b30_s20_h4_w1500,1,I,30.4228457511609
config_31_det1_b30_s20_h12_w50,1,P,5.981188909226596
config_31_det1_b30_s20_h12_w50,1,I,4.885090601215018
config_32_det1_b30_s20_h12_w500,1,P,7.378632231949928
config_32_det1_b30_s20_h12_w500,1,I,4.118294178512872
config_33_det1_b30_s20_h12_w1500,1,P,7.01817968796114
config_33_det1_b30_s20_h12_w1500,1,I,1.751173481698258
config_34_det1_b30_s20_h24_w50,1,P,4.203289968703588
config_34_det1_b30_s20_h24_w50,1,I,12.16879738961067
config_35_det1_b30_s20_h24_w500,1,P,9.37218942825818
config_35_det1_b30_s20_h24_w500,1,I,0.4424141612014176
config_36_det1_b30_s20_h24_w1500,1,P,5.204291021569088
config_36_det1_b30_s20_h24_w1500,1,I,2.7172063413064
config_37_det2_b15_s5_h4_w50,2,P,9.54738156982942
config_37_det2_b15_s5_h4_w50,2,I,5.5084719922605485
config_38_det2_b15_s5_h4_w500,2,P,13.918275200717721
config_38_det2_b15_s5_h4_w500,2,I,9.037567990457475
config_39_det2_b15_s5_h4_w1500,2,P,14.539159973760162
config_39_det2_b15_s5_h4_w1500,2,I,14.370147759509907
config_40_det2_b15_s5_h12_w50,2,P,2.9851443630257695
config_40_det2_b15_s5_h12_w50,2,I,31.411319782742073
config_41_det2_b15_s5_h12_w500,2,P,5.219917350458409
config_41_det2_b15_s5_h12_w500,2,I,10.748558074710704
config_42_det2_b15_s5_h12_w1500,2,P,2.308007660789069
config_42_det2_b15_s5_h12_w1500,2,I,2.6925118747069727
config_43_det2_b15_s5_h24_w50,2,P,41.34175668555962
config_43_det2_b15_s5_h24_w50,2,I,39.94282217060918
config_44_det2_b15_s5_h24_w500,2,P,15.58073643143148
config_44_det2_b15_s5_h24_w500,2,I,12.710481057174418
config_45_det2_b15_s5_h24_w1500,2,P,9.836855525522557
config_45_det2_b15_s5_h24_w1500,2,I,1.388701573813564
config_46_det2_b15_s20_h4_w50,2,P,13.061777547212712
config_46_det2_b15_s20_h4_w50,2,I,10.827416393305366
config_47_det2_b15_s20_h4_w500,2,P,20.148957634840613
config_47_det2_b15_s20_h4_w500,2,I,25.363861002175927
config_48_det2_b15_s20_h4_w1500,2,P,10.745551352692692
config_48_det2_b15_s20_h4_w1500,2,I,30.870147300895795
config_49_det2_b15_s20_h12_w50,2,P,23.735463985956926
config_49_det2_b15_s20_h12_w50,2,I,2.614767269609842
config_50_det2_b15_s20_h12_w500,2,P,11.797423979085307
config_50_det2_b15_s20_h12_w500,2,I,5.778000539044412
config_51_det2_b15_s20_h12_w1500,2,P,6.108722397845029
config_51_det2_b15_s20_h12_w1500,2,I,10.827856740443417
config_52_det2_b15_s20_h24_w50,2,P,29.506684263331554
config_52_det2_b15_s20_h24_w50,2,I,21.303779549831752
config_53_det2_b15_s20_h24_w500,2,P,11.727282123024322
config_53_det2_b15_s20_h24_w500,2,I,20.483140390685936
config_54_det2_b15_s20_h24_w1500,2,P,15.199973848150362
config_54_det2_b15_s20_h24_w1500,2,I,11.291718758020652
config_55_det2_b30_s5_h4_w50,2,P,29.29142305540667
config_55_det2_b30_s5_h4_w50,2,I,17.460121735814784
config_56_det2_b30_s5_h4_w500,2,P,20.317657061780654
config_56_det2_b30_s5_h4_w500,2,I,21.922287252613597
config_57_det2_b30_s5_h4_w1500,2,P,34.05392703862998
config_57_det2_b30_s5_h4_w1500,2,I,33.89824151473623
config_58_det2_b30_s5_h12_w50,2,P,25.303484032884572
config_58_det2_b30_s5_h12_w50,2,I,41.52500645587213
config_59_det2_b30_s5_h12_w500,2,P,8.649727774327877
config_59_det2_b30_s5_h12_w500,2,I,11.657991394871754
config_60_det2_b30_s5_h12_w1500,2,P,12.718730967542802
config_60_det2_b30_s5_h12_w1500,2,I,2.0129545730822462
config_61_det2_b30_s5_h24_w50,2,P,7.446761291718588
config_61_det2_b30_s5_h24_w50,2,I,49.252968468206475
config_62_det2_b30_s5_h24_w500,2,P,19.770556520025576
config_62_det2_b30_s5_h24_w500,2,I,22.02887570396761
config_63_det2_b30_s5_h24_w1500,2,P,11.01289684212445
config_63_det2_b30_s5_h24_w1500,2,I,1.635099609522667
config_64_det2_b30_s20_h4_w50,2,P,17.528296720910042
config_64_det2_b30_s20_h4_w50,2,I,21.980991774738783
config_65_det2_b30_s20_h4_w500,2,P,9.741459983042386
config_65_det2_b30_s20_h4_w500,2,I,10.728742576197766
config_66_det2_b30_s20_h4_w1500,2,P,8.18039489163554
config_66_det2_b30_s20_h4_w1500,2,I,23.982467991292843
config_67_det2_b30_s20_h12_w50,2,P,19.490865595007612
config_67_det2_b30_s20_h12_w50,2,I,25.019832749136057
config_68_det2_b30_s20_h12_w500,2,P,4.73834396153392
config_68_det2_b30_s20_h12_w500,2,I,14.053897464109884
config_69_det2_b30_s20_h12_w1500,2,P,1.0965385349973478
config_69_det2_b30_s20_h12_w1500,2,I,1.590549731923452
config_70_det2_b30_s20_h24_w50,2,P,18.629443223565072
config_70_det2_b30_s20_h24_w50,2,I,12.944154153835633
config_71_det2_b30_s20_h24_w500,2,P,10.99584603150762
config_71_det2_b30_s20_h24_w500,2,I,17.817156462111566
config_72_det2_b30_s20_h24_w1500,2,P,10.207005073444229
config_72_det2_b30_s20_h24_w1500,2,I,9.629620392418055
config_73_det1_b10_s8_h10_w250,1,P,6.162670293005645
config_73_det1_b10_s8_h10_w250,1,I,4.2223402859138
config_74_det1_b10_s8_h10_w1000,1,P,5.763918133460941
config_74_det1_b10_s8_h10_w1000,1,I,0.46417737328031444
config_75_det1_b10_s8_h15_w250,1,P,14.568509733967744
config_75_det1_b10_s8_h15_w250,1,I,6.171995048947306
config_76_det1_b10_s8_h15_w1000,1,P,5.7917273971531404
config_76_det1_b10_s8_h15_w1000,1,I,1.6169045406463316
config_77_det1_b10_s12_h10_w250,1,P,6.743328979950904
config_77_det1_b10_s12_h10_w250,1,I,3.479773461193213
config_78_det1_b10_s12_h10_w1000,1,P,7.647043272591879
config_78_det1_b10_s12_h10_w1000,1,I,6.310772184549133
config_79_det1_b10_s12_h15_w250,1,P,13.905038822459517
config_79_det1_b10_s12_h15_w250,1,I,2.051807963165979
config_80_det1_b10_s12_h15_w1000,1,P,0.7667162290303784
config_80_det1_b10_s12_h15_w1000,1,I,3.093092114622303
config_81_det2_b10_s8_h10_w250,2,P,10.932582477129337
config_81_det2_b10_s8_h10_w250,2,I,0.4461399137786868
config_82_det2_b10_s8_h10_w1000,2,P,0.2655357804904658
config_82_det2_b10_s8_h10_w1000,2,I,1.4783625985520292
config_83_det2_b10_s8_h15_w250,2,P,22.032649393963567
config_83_det2_b10_s8_h15_w250,2,I,5.3649940454350835
config_84_det2_b10_s8_h15_w1000,2,P,1.4885199446924717
config_84_det2_b10_s8_h15_w1000,2,I,5.001700027726056
config_85_det2_b10_s12_h10_w250,2,P,6.638108776030212
config_85_det2_b10_s12_h10_w250,2,I,7.95898865007532
config_86_det2_b10_s12_h10_w1000,2,P,11.038623505421857
config_86_det2_b10_s12_h10_w1000,2,I,15.387809374446496
config_87_det2_b10_s12_h15_w250,2,P,19.07926561837312
config_87_det2_b10_s12_h15_w250,2,I,6.769497939477288
config_88_det2_b10_s12_h15_w1000,2,P,3.61887455161424
config_88_det2_b10_s12_h15_w1000,2,I,8.583204698903323
config_89_det1_b10_s5_h15_w250,1,P,10.95885258414373
config_89_det1_b10_s5_h15_w250,1,I,10.21800196929394
config_90_det1_b10_s5_h15_w1000,1,P,2.7671764920787982
config_90_det1_b10_s5_h15_w1000,1,I,1.5154252862804563
config_91_det1_b10_s5_h24_w250,1,P,14.432038435382308
config_91_det1_b10_s5_h24_w250,1,I,10.030588278356564
config_92_det1_b10_s5_h24_w1000,1,P,9.227242217967909
config_92_det1_b10_s5_h24_w1000,1,I,7.152240650204501
config_93_det2_b10_s5_h15_w250,2,P,12.950427679249632
config_93_det2_b10_s5_h15_w250,2,I,13.541196409160163
config_94_det2_b10_s5_h15_w1000,2,P,3.6138595514263656
config_94_det2_b10_s5_h15_w1000,2,I,5.003801056029017
config_95_det2_b10_s5_h24_w250,2,P,1.5868237391695117
config_95_det2_b10_s5_h24_w250,2,I,15.729061695054648
config_96_det2_b10_s5_h24_w1000,2,P,7.1649168866135895
config_96_det2_b10_s5_h24_w1000,2,I,2.6674233807605288
