Config,n,slope,lo,hi,st,s,Det,cv,mxmn
config_01_det1_b15_s5_h4_w50,10,-0.12586126503156983,-0.27702954939007035,0.02530701932693069,1.3572088082974534,5,1,0.04216145954721413,1.1372217059093808
config_02_det1_b15_s5_h4_w500,10,0.008138016482593926,-0.03955972671610561,0.055835759681293465,0.6299605249474366,5,1,0.011531777248571457,1.0421657002722289
config_03_det1_b15_s5_h4_w1500,10,-0.06551808216305342,-0.17766598094535674,0.04662981661924988,0.4367902323681495,5,1,0.0317086192430225,1.1164438333001305
config_04_det1_b15_s5_h12_w50,10,0.5531198936888178,-0.011095665601277171,1.1173354529789128,1.3572088082974534,5,1,0.1257536083872259,1.500468992898384
config_05_det1_b15_s5_h12_w500,10,0.08334734409039853,-0.12470862257508143,0.2914033107558785,0.6299605249474366,5,1,0.043337317702149165,1.1734092338531676
config_06_det1_b15_s5_h12_w1500,10,-0.13375578412672276,-0.1995801805141288,-0.06793138773931674,0.4367902323681495,5,1,0.027909289075759798,1.1035213444668341
config_07_det1_b15_s5_h24_w50,10,0.0757050553572797,-0.46538012818865593,0.6167902389032153,1.3572088082974534,5,1,0.10474298257833617,1.404277090174557
config_08_det1_b15_s5_h24_w500,10,0.5682101076072884,0.23782052894445393,0.8985996862701229,0.6299605249474366,5,1,0.10401636291949883,1.3276554797234594
config_09_det1_b15_s5_h24_w1500,11,0.012704376302127014,-0.14773661463183801,0.17314536723609203,0.4367902323681495,5,1,0.03834940201015808,1.1288800026595995
config_10_det1_b15_s20_h4_w50,10,0.16028906119944306,-0.004278674245651648,0.32485679664453776,5.4288352331898135,20,1,0.051738330161041235,1.1993454444987597
config_11_det1_b15_s20_h4_w500,10,-0.08507540446002597,-0.2478843948256686,0.07773358590561667,2.5198420997897464,20,1,0.05550050947589889,1.2481423230237194
config_12_det1_b15_s20_h4_w1500,9,-0.09532956162231762,-0.24688625774420847,0.05622713449957323,1.747160929472598,20,1,0.05211837118651632,1.1768902318944963
config_13_det1_b15_s20_h12_w50,9,-0.05442012826017745,-0.26542301076495145,0.15658275424459653,5.4288352331898135,20,1,0.05277066024808704,1.1671403387123427
config_14_det1_b15_s20_h12_w500,10,-0.11401241960074353,-0.21250779732293631,-0.015517041878550741,2.5198420997897464,20,1,0.04003718969046315,1.1502113972931232
config_15_det1_b15_s20_h12_w1500,10,-0.12918465918805805,-0.2668072624308956,0.008437944054779462,1.747160929472598,20,1,0.0473503896832311,1.1644402221777927
config_16_det1_b15_s20_h24_w50,8,-0.2156653178923083,-0.45322028689287375,0.021889651108257108,5.4288352331898135,20,1,0.06835196141232734,1.2372904253233266
config_17_det1_b15_s20_h24_w500,10,-0.16892065741910373,-0.3474230971836142,0.009581782345406714,2.5198420997897464,20,1,0.07585231871333707,1.2916033246212524
config_18_det1_b15_s20_h24_w1500,10,0.029193192944158633,-0.22684698379421053,0.28523336968252777,1.747160929472598,20,1,0.0695362526539779,1.269644194122395
config_19_det1_b30_s5_h4_w50,11,0.20058876207859447,0.03539400840596449,0.3657835157512245,1.3572088082974534,5,1,0.050018111635964736,1.1943533523993723
config_20_det1_b30_s5_h4_w500,12,0.022717619036722418,-0.07630438550344174,0.12173962357688656,0.6299605249474366,5,1,0.030812554892435264,1.0920764236956926
config_21_det1_b30_s5_h4_w1500,11,0.05662955862952641,-0.08415095261786856,0.19741006987692136,0.4367902323681495,5,1,0.04152695101401741,1.1593228080378888
config_22_det1_b30_s5_h12_w50,13,-0.3307544877864668,-0.6248716493086359,-0.03663732626429772,1.3572088082974534,5,1,0.08748727241581752,1.2594717057543403
config_23_det1_b30_s5_h12_w500,12,-0.23075591607155332,-0.4316416445626057,-0.029870187580500973,0.6299605249474366,5,1,0.07348138304885424,1.2563122961845112
config_24_det1_b30_s5_h12_w1500,11,-0.10113274657673486,-0.16710169388699087,-0.03516379926647886,0.4367902323681495,5,1,0.024689162563612175,1.0812564081524452
config_25_det1_b30_s5_h24_w50,11,1.4073559090559942,0.6115571939645151,2.2031546241474733,1.3572088082974534,5,1,0.18638811896591928,1.73528682163449
config_26_det1_b30_s5_h24_w500,12,-0.06833780424970173,-0.3132681734727476,0.17659256497334413,0.6299605249474366,5,1,0.05830980462101303,1.2338955415981943
config_27_det1_b30_s5_h24_w1500,12,-0.17508828150769112,-0.36182359644235584,0.011647033426973624,0.4367902323681495,5,1,0.05847117427416927,1.2234086577116017
config_28_det1_b30_s20_h4_w50,10,0.14396340983975114,-0.0201297084550717,0.30805652813457396,5.4288352331898135,20,1,0.05049264790186045,1.1723774160761806
config_29_det1_b30_s20_h4_w500,10,0.09157753154520998,0.0004259178291172866,0.18272914526130268,2.5198420997897464,20,1,0.033884964223576265,1.1209182792430497
config_30_det1_b30_s20_h4_w1500,10,0.03307300512300173,-0.054160678583925044,0.12030668882992851,1.747160929472598,20,1,0.027411443565481666,1.0751989882600579
config_31_det1_b30_s20_h12_w50,10,0.3650822074302745,0.23797035190974844,0.4921940629508005,5.4288352331898135,20,1,0.07394196449662645,1.2045646483984693
config_32_det1_b30_s20_h12_w500,10,0.015786579795665032,-0.09524964329843866,0.12682280288976872,2.5198420997897464,20,1,0.027555142080538705,1.1061974089386957
config_33_det1_b30_s20_h12_w1500,10,-0.09849168908212375,-0.21228358874392317,0.015300210579675663,1.747160929472598,20,1,0.03437558122958002,1.1318912436301647
config_34_det1_b30_s20_h24_w50,12,0.07621031630216299,-0.1300237552699573,0.2824443878742833,5.4288352331898135,20,1,0.06437279794444763,1.2434889822552255
config_35_det1_b30_s20_h24_w500,10,0.06697845554654508,-0.19523768874645453,0.3291945998395447,2.5198420997897464,20,1,0.06328830765492184,1.2424539296138604
config_36_det1_b30_s20_h24_w1500,10,0.012541285311143601,-0.29459785182025017,0.3196804224425374,1.747160929472598,20,1,0.07129663394771853,1.3047298081291692
config_37_det2_b15_s5_h4_w50,12,-0.15444779826296445,-0.48044352501764875,0.17154792849171985,1.3572088082974534,5,2,0.10610082197861666,1.510207644599764
config_38_det2_b15_s5_h4_w500,11,-0.24325640607833388,-0.3952221442542097,-0.09129066790245804,0.6299605249474366,5,2,0.07489420429535987,1.265757839425637
config_39_det2_b15_s5_h4_w1500,10,-0.1957466885335201,-0.3873307790691237,-0.0041625979979164895,0.4367902323681495,5,2,0.06800335151886762,1.2573731088463223
config_40_det2_b15_s5_h12_w50,11,0.7593665999855032,0.0321103526108516,1.4866228473601546,1.3572088082974534,5,2,0.16356110611243005,1.7770736375038838
config_41_det2_b15_s5_h12_w500,11,-0.1532523402972761,-0.26798406128426366,-0.03852061931028855,0.6299605249474366,5,2,0.03933904838730064,1.1383247230695352
config_42_det2_b15_s5_h12_w1500,11,-0.3143441295792689,-0.39192041810325207,-0.23676784105528567,0.4367902323681495,5,2,0.06352333295660854,1.2227340598042737
config_43_det2_b15_s5_h24_w50,11,1.16380607478069,0.44972508477947193,1.8778870647819081,1.3572088082974534,5,2,0.2055714999885536,1.8990791649150507
config_44_det2_b15_s5_h24_w500,10,0.4288645140556624,0.08503319005156484,0.7726958380597599,0.6299605249474366,5,2,0.0899983829220355,1.2743086729785267
config_45_det2_b15_s5_h24_w1500,10,0.029537356205149967,-0.12859685158711476,0.1876715639974147,0.4367902323681495,5,2,0.03107508904666117,1.1106069135596623
config_46_det2_b15_s20_h4_w50,11,-0.05126221263630302,-0.2844976130994344,0.18197318782682836,5.4288352331898135,20,2,0.0676359212157934,1.2659772255304294
config_47_det2_b15_s20_h4_w500,10,-0.10130089610154146,-0.2693268568792376,0.06672506467615465,2.5198420997897464,20,2,0.056910482442364574,1.2212204014108479
config_48_det2_b15_s20_h4_w1500,10,-0.03446153988009901,-0.13281775849082697,0.06389467873062896,1.747160929472598,20,2,0.030937306814318083,1.098811811396484
config_49_det2_b15_s20_h12_w50,11,-0.013524382132180943,-0.4205242998523156,0.39347553558795373,5.4288352331898135,20,2,0.10498223703104453,1.3423593119546724
config_50_det2_b15_s20_h12_w500,10,-0.022463554264529503,-0.39396567611665967,0.34903856758760066,2.5198420997897464,20,2,0.09462820627566611,1.4163600299518575
config_51_det2_b15_s20_h12_w1500,10,-0.058526652259531436,-0.14911843851544496,0.032065133996382084,1.747160929472598,20,2,0.027020912093239684,1.0777338188803616
config_52_det2_b15_s20_h24_w50,12,-0.32322478319292586,-0.47320224392180654,-0.17324732246404514,5.4288352331898135,20,2,0.1017402759828945,1.3382111423769596
config_53_det2_b15_s20_h24_w500,11,-0.17811552514953102,-0.4380323027892755,0.0818012524902135,2.5198420997897464,20,2,0.1068438935845935,1.434277977484292
config_54_det2_b15_s20_h24_w1500,10,0.03394967542033109,-0.11703915430246653,0.1849385051431287,1.747160929472598,20,2,0.04005542490278567,1.1639539310167
config_55_det2_b30_s5_h4_w50,16,0.05231731642828271,-0.42887103993228626,0.5335056727888516,1.3572088082974534,5,2,0.18568618338028473,2.2552983269422944
config_56_det2_b30_s5_h4_w500,11,0.028141976776985368,-0.24249914469293576,0.2987830982469065,0.6299605249474366,5,2,0.0800037628210054,1.3812955854311186
config_57_det2_b30_s5_h4_w1500,10,-0.22879915963047728,-0.4217356707770439,-0.03586264848391066,0.4367902323681495,5,2,0.07763127718709383,1.2424337002648338
config_58_det2_b30_s5_h12_w50,13,0.26293356556087244,-0.44943481699653487,0.9753019481182797,1.3572088082974534,5,2,0.1626362111637308,1.7818038886440164
config_59_det2_b30_s5_h12_w500,12,-0.2820911344006296,-0.6295651480333222,0.06538287923206298,0.6299605249474366,5,2,0.11207461660575932,1.449527145019454
config_60_det2_b30_s5_h12_w1500,11,-0.4405381492859011,-0.5489410502864931,-0.3321352482853091,0.4367902323681495,5,2,0.0919372802672127,1.3500980641778884
config_61_det2_b30_s5_h24_w50,11,1.9382799821053927,0.42803274479782916,3.448527219412956,1.3572088082974534,5,2,0.28350449231643965,2.4111464467576242
config_62_det2_b30_s5_h24_w500,12,-0.08845752473984395,-0.5178000679626382,0.3408850184829504,0.6299605249474366,5,2,0.09704234602695519,1.423782974989772
config_63_det2_b30_s5_h24_w1500,11,-0.4698502344599362,-0.6107812339546707,-0.3289192349652017,0.4367902323681495,5,2,0.08583697327608161,1.3049060809094708
config_64_det2_b30_s20_h4_w50,16,-0.16502003402069765,-0.39323554992608734,0.06319548188469201,5.4288352331898135,20,2,0.10140722599251303,1.4385374771445723
config_65_det2_b30_s20_h4_w500,11,-0.12394106661515554,-0.3793304110485207,0.13144827781820967,2.5198420997897464,20,2,0.08740426758279703,1.352438489180244
config_66_det2_b30_s20_h4_w1500,11,-0.027280176760418856,-0.23090510169056816,0.17634474816973045,1.747160929472598,20,2,0.07050287527780356,1.31107012103863
config_67_det2_b30_s20_h12_w50,12,-0.13818850103383115,-0.5832244772305597,0.30684747516289734,5.4288352331898135,20,2,0.11286124965198494,1.4362426883803672
config_68_det2_b30_s20_h12_w500,13,-0.11212086882029697,-0.41091288872918724,0.18667115108859328,2.5198420997897464,20,2,0.10230882018040247,1.5905770874951386
config_69_det2_b30_s20_h12_w1500,11,-0.07979200121858282,-0.30509295407428416,0.14550895163711855,1.747160929472598,20,2,0.06616323919487785,1.2929102809601196
config_70_det2_b30_s20_h24_w50,12,-0.37246452838573996,-0.6052596111344833,-0.13966944563699657,5.4288352331898135,20,2,0.10511668405604044,1.3624098357043772
config_71_det2_b30_s20_h24_w500,11,0.13151035645787368,-0.330919716764179,0.5939404296799263,2.5198420997897464,20,2,0.10797400821911458,1.579519940943813
config_72_det2_b30_s20_h24_w1500,10,0.09293703738762658,-0.10366381545087973,0.2895378902261329,1.747160929472598,20,2,0.046063911108627814,1.1643808187032634
config_73_det1_b10_s8_h10_w250,10,0.1428335247353326,-0.07333706255239089,0.35900411202305604,1.2699208415745598,8,1,0.05487888437189158,1.1887955832058235
config_74_det1_b10_s8_h10_w1000,10,-0.017328320521709975,-0.049320763207869135,0.014664122164449185,0.8000000000000002,8,1,0.008142519445109587,1.024222496119237
config_75_det1_b10_s8_h15_w250,10,0.36827010849577496,0.03877461662778614,0.6977656003637638,1.2699208415745598,8,1,0.09857857374101502,1.2957473792434446
config_76_det1_b10_s8_h15_w1000,10,0.1720723233905599,0.043192793343246966,0.3009518534378728,0.8000000000000002,8,1,0.042425950634681416,1.136386586173201
config_77_det1_b10_s12_h10_w250,10,-0.09053980271275758,-0.3128366112650249,0.13175700583950972,1.9048812623618396,12,1,0.06481989488092078,1.2396519613466028
config_78_det1_b10_s12_h10_w1000,10,0.022579420294529435,-0.03329064653307365,0.07844948712213251,1.2000000000000002,12,1,0.01495986002099153,1.0509496377071792
config_79_det1_b10_s12_h15_w250,10,-0.023470039520950236,-0.328597945456046,0.28165786641414553,1.9048812623618396,12,1,0.08266256660864527,1.330263848649273
config_80_det1_b10_s12_h15_w1000,10,0.19232310992579313,0.09755845863877545,0.2870877612128108,1.2000000000000002,12,1,0.045087892564853106,1.1285065438292088
config_81_det2_b10_s8_h10_w250,10,0.055519046566032716,-0.05250052811415506,0.16353862124622048,1.2699208415745598,8,2,0.02798453530083882,1.0872255219423088
config_82_det2_b10_s8_h10_w1000,10,-0.19482769454888282,-0.26542806852259426,-0.1242273205751714,0.8000000000000002,8,2,0.04148848241432907,1.1259610097390145
config_83_det2_b10_s8_h15_w250,10,0.2957711194478256,0.11455906194440471,0.4769831769512465,1.2699208415745598,8,2,0.06749940177843165,1.2202565852590974
config_84_det2_b10_s8_h15_w1000,10,0.0506533859440551,-0.07626974917402185,0.17757652106213206,0.8000000000000002,8,2,0.029790726442489132,1.1134943742616852
config_85_det2_b10_s12_h10_w250,10,0.0780973692232063,-0.07980601747245282,0.23600075591886543,1.9048812623618396,12,2,0.042472959346471516,1.133319835014014
config_86_det2_b10_s12_h10_w1000,10,-0.20385333559651805,-0.2855388226319533,-0.1221678485610828,1.2000000000000002,12,2,0.052052479122961286,1.1692223695966937
config_87_det2_b10_s12_h15_w250,10,0.07204166465562072,-0.12243648809903453,0.26651981741027597,1.9048812623618396,12,2,0.05092164628748266,1.1663453610065855
config_88_det2_b10_s12_h15_w1000,10,-0.0243789034498728,-0.13515977952042166,0.08640197262067606,1.2000000000000002,12,2,0.029475606526200814,1.1168092838313823
config_89_det1_b10_s5_h15_w250,10,0.47974379027654507,0.1260251033590304,0.8334624771940597,0.7937005259840998,5,1,0.10424740634638299,1.3442879025758032
config_90_det1_b10_s5_h15_w1000,10,-0.01079779293680739,-0.07974316990854523,0.05814758403493044,0.5000000000000001,5,1,0.015140001476233716,1.0528200907572318
config_91_det1_b10_s5_h24_w250,10,0.5387967027152507,0.13002585836787733,0.9475675470626241,0.7937005259840998,5,1,0.12381962301420625,1.3495465714048889
config_92_det1_b10_s5_h24_w1000,10,0.28068896867066545,0.07604152927254446,0.4853364080687864,0.5000000000000001,5,1,0.06421481333495306,1.212408210570501
config_93_det2_b10_s5_h15_w250,10,0.5328521460042464,0.11580096064945239,0.9499033313590404,0.7937005259840998,5,2,0.11504894865582939,1.3972442305303536
config_94_det2_b10_s5_h15_w1000,10,0.0015840130100919273,-0.13103797124551014,0.134205997265694,0.5000000000000001,5,2,0.02760813160124505,1.106142963758344
config_95_det2_b10_s5_h24_w250,10,0.6291553145676844,0.27467285805066577,0.983637771084703,0.7937005259840998,5,2,0.12108087053343164,1.3655305133009015
config_96_det2_b10_s5_h24_w1000,10,0.3605330252103544,0.12690004457168277,0.594166005849026,0.5000000000000001,5,2,0.07538020846027237,1.2389372352471397
