Target,Form,Scope,N,Nfin,Mean,Median,P90,Max
P,Pform,pooled,96,96,9.373252888127709,6.719411321701294,20.85838813238451,38.460222106858474
P,Pform,det1,48,48,8.21668675696437,6.340442665196203,15.916844778218731,22.53316717446445
P,Pform,det2,48,48,10.529819019291045,7.38732322622758,22.507653340981715,38.460222106858474
P,Iform,pooled,96,96,11.514983639532213,10.476278213068461,20.95408035603854,41.34175668555962
P,Iform,det1,48,48,9.969704395783323,8.94549572016283,16.919271516051648,25.729452009568732
P,Iform,det2,48,48,13.060262883281105,11.025760173773154,24.205870000035226,41.34175668555962
I,Pform,pooled,96,96,12.835192060529229,10.124295123825252,28.031400250142223,49.252968468206475
I,Pform,det1,48,48,11.206958912436619,7.023027076643096,24.3408578412273,48.278098888911344
I,Pform,det2,48,48,14.463425208621837,11.474855076446204,31.03249904544968,49.252968468206475
I,Iform,pooled,96,96,7.107187569298637,4.767109035529522,17.911232436834116,31.13220157547546
I,Iform,det1,48,48,6.355337987492594,4.250481896190013,13.121224893631176,29.79688551678603
I,Iform,det2,48,48,7.85903715110468,5.748500999880105,20.276152825322704,31.13220157547546
