q,Config,Det,s_t,fam,n,slope,lo,hi,rho_s,cvlam,mxmn,lam_med
P,config_01_det1_b15_s5_h4_w50,1,1.3572088082974534,1_15_5_4,6,0.8463582426879755,0.3256590481295212,1.36705743724643,0.942857142857143,0.18541678248684634,1.5435378426795647,1.0310140992829657
P,config_02_det1_b15_s5_h4_w500,1,0.6299605249474366,1_15_5_4,6,0.16403816798419057,-0.3142760133243779,0.642352349292759,-0.08571428571428573,0.07441492212009447,1.2332421150252268,1.1505510912822563
P,config_03_det1_b15_s5_h4_w1500,1,0.4367902323681495,1_15_5_4,7,0.17959413793903134,-0.0837573713992451,0.4429456472773078,0.5,0.06619363676861031,1.2281299784121207,1.1799355517098942
P,config_04_det1_b15_s5_h12_w50,1,1.3572088082974534,1_15_5_12,6,0.34726812887692055,0.2289391420172707,0.46559711573657037,1.0,0.07356866302743917,1.216698236739299,0.8790945467283933
P,config_05_det1_b15_s5_h12_w500,1,0.6299605249474366,1_15_5_12,7,0.6383570194546253,0.08529910329113499,1.1914149356181156,0.642857142857143,0.1556797043392883,1.4953962226793824,1.275964435952769
P,config_06_det1_b15_s5_h12_w1500,1,0.4367902323681495,1_15_5_12,6,0.4164280472309686,-0.3201196453770462,1.1529757398389835,0.4285714285714286,0.13015104593188628,1.4550755765650438,1.251956118531429
P,config_07_det1_b15_s5_h24_w50,1,1.3572088082974534,1_15_5_24,6,0.2847979432123239,0.16516401712445056,0.4044318693001972,1.0,0.06840439646322047,1.1944741971895714,0.8790945467283933
P,config_08_det1_b15_s5_h24_w500,1,0.6299605249474366,1_15_5_24,8,0.5792044015514721,0.3732117587449746,0.7851970443579697,0.9285714285714287,0.12988486897173987,1.3923366820078877,1.0317771364409367
P,config_09_det1_b15_s5_h24_w1500,1,0.4367902323681495,1_15_5_24,7,0.565003361628251,0.16476003158547875,0.9652466916710234,0.7500000000000002,0.13790176296030557,1.4333636723191174,1.2288986297890743
P,config_10_det1_b15_s20_h4_w50,1,5.4288352331898135,1_15_20_4,5,0.08099992677018979,-0.2732758597624333,0.4352757133028129,0.49999999999999994,0.04042965977006633,1.1151851784056113,0.9035477326012606
P,config_11_det1_b15_s20_h4_w500,1,2.5198420997897464,1_15_20_4,7,0.49828950600840966,0.41563588154400893,0.5809431304728103,1.0,0.10271860384274598,1.334945933791017,1.0476974607080878
P,config_12_det1_b15_s20_h4_w1500,1,1.747160929472598,1_15_20_4,7,0.34730491417213605,0.11314386810543967,0.5814659602388325,0.8928571428571429,0.08616875541980844,1.2942430225644053,1.14730583763401
P,config_13_det1_b15_s20_h12_w50,1,5.4288352331898135,1_15_20_12,5,0.08146958062105544,-0.2713061310218152,0.43424529226392616,0.49999999999999994,0.04044520225668433,1.1152731080554426,0.9039553702415886
P,config_14_det1_b15_s20_h12_w500,1,2.5198420997897464,1_15_20_12,7,0.08502399954532447,-0.20334153589268444,0.3733895349833334,0.21428571428571433,0.06657344526164591,1.2191881018695918,0.8926640111251899
P,config_15_det1_b15_s20_h12_w1500,1,1.747160929472598,1_15_20_12,7,0.21467597953128373,0.01719673503666938,0.4121552240258981,0.8571428571428573,0.06259819615650948,1.1875668664587467,0.998062641053747
P,config_16_det1_b15_s20_h24_w50,1,5.4288352331898135,1_15_20_24,5,0.056648524467187295,-0.31764372965251586,0.4309407785868905,0.09999999999999999,0.041285735115130014,1.1152731080554426,0.8962316188008146
P,config_17_det1_b15_s20_h24_w500,1,2.5198420997897464,1_15_20_24,6,-0.16143000581655506,-0.3842976281606426,0.06143761652753246,-0.7142857142857143,0.0553415746321466,1.1659102830007635,0.8630104474409641
P,config_18_det1_b15_s20_h24_w1500,1,1.747160929472598,1_15_20_24,7,-0.08688683939337119,-0.19102831294947487,0.017254634162732485,-0.39285714285714296,0.034175617883152105,1.110595245532223,0.8764146851205618
P,config_19_det1_b30_s5_h4_w50,1,1.3572088082974534,1_30_5_4,8,-0.12601596216420805,-0.34934708196584874,0.09731515763743265,-0.4285714285714286,0.051298903228087396,1.1519534633457473,0.9444356878372306
P,config_20_det1_b30_s5_h4_w500,1,0.6299605249474366,1_30_5_4,8,0.4160267277928525,0.1351609816670698,0.6968924739186352,0.8333333333333335,0.11754849334552438,1.4500835082151924,1.0522764693121114
P,config_21_det1_b30_s5_h4_w1500,1,0.4367902323681495,1_30_5_4,7,0.28734332450642674,-0.03227085868556978,0.6069575076984233,0.42857142857142866,0.09168348023588312,1.3239492945625617,1.0718577153937365
P,config_22_det1_b30_s5_h12_w50,1,1.3572088082974534,1_30_5_12,6,0.6258832421546443,0.4054767332663377,0.8462897510429509,1.0,0.10441397745528519,1.3085441164533407,0.9322637488642633
P,config_23_det1_b30_s5_h12_w500,1,0.6299605249474366,1_30_5_12,8,0.48610737610665056,-0.06927103597831974,1.0414857881916209,0.523809523809524,0.16193294706206748,1.65710123362666,1.1216069139487144
P,config_24_det1_b30_s5_h12_w1500,1,0.4367902323681495,1_30_5_12,7,0.08780459221399496,-0.4212497999140542,0.5968589843420441,0.10714285714285716,0.10476299370147758,1.4055288115700844,1.171934690650788
P,config_25_det1_b30_s5_h24_w50,1,1.3572088082974534,1_30_5_24,6,0.08339309825848175,-0.057581701987054715,0.22436789850401823,0.5428571428571429,0.02317125758888613,1.0714411443344969,0.8819269458920653
P,config_26_det1_b30_s5_h24_w500,1,0.6299605249474366,1_30_5_24,8,1.013906111442218,0.8316859838302427,1.1961262390541934,0.9761904761904763,0.19628121876482127,1.7411606926421894,1.0998162318642006
P,config_27_det1_b30_s5_h24_w1500,1,0.4367902323681495,1_30_5_24,8,0.4905551544625968,0.019346426496956504,0.9617638824282371,0.5952380952380953,0.13946751992282128,1.5557554186484421,1.2417309380487813
P,config_28_det1_b30_s20_h4_w50,1,5.4288352331898135,1_30_20_4,5,0.3919229547107689,-0.4124737860492864,1.1963196954708242,0.3,0.10023341101852261,1.2838661846536952,0.8142176013434632
P,config_29_det1_b30_s20_h4_w500,1,2.5198420997897464,1_30_20_4,8,0.43534637320784414,0.10995560903888746,0.7607371373768008,0.7619047619047621,0.1123266260875664,1.4273522231325682,1.0690380949080054
P,config_30_det1_b30_s20_h4_w1500,1,1.747160929472598,1_30_20_4,7,0.4161932481492974,-0.04848137217358833,0.8808678684721831,0.642857142857143,0.11052167453386076,1.4241766106531248,1.0983328411789905
P,config_31_det1_b30_s20_h12_w50,1,5.4288352331898135,1_30_20_12,5,0.13957970331506198,-0.28685419240693955,0.5660135990370635,0.09999999999999999,0.045503310550466865,1.1188291021883434,0.8227612587229678
P,config_32_det1_b30_s20_h12_w500,1,2.5198420997897464,1_30_20_12,6,0.16262379814020217,0.01604887805080149,0.3091987182296029,0.8285714285714287,0.04115977006001052,1.1134530065729462,0.8317501936398146
P,config_33_det1_b30_s20_h12_w1500,1,1.747160929472598,1_30_20_12,7,0.38883041773711724,0.12330172286007685,0.6543591126141577,0.8571428571428573,0.1060137693482963,1.2741174466382823,0.9882570469215215
P,config_34_det1_b30_s20_h24_w50,1,5.4288352331898135,1_30_20_24,5,-0.08223314867939721,-0.19919724849288523,0.03473095113409082,-0.8999999999999998,0.017652878274389366,1.040614689984181,0.8062651397480254
P,config_35_det1_b30_s20_h24_w500,1,2.5198420997897464,1_30_20_24,6,0.05925428363378659,-0.03154777266981485,0.15005633993738804,0.5428571428571429,0.01893007871584904,1.0549152831560578,0.8444641344586717
P,config_36_det1_b30_s20_h24_w1500,1,1.747160929472598,1_30_20_24,8,0.105698501507036,0.015560577296351852,0.19583642571772014,0.7619047619047621,0.03706715512800929,1.1007098134063542,0.8862741846895431
P,config_37_det2_b15_s5_h4_w50,2,1.3572088082974534,2_15_5_4,8,0.27083040124107277,-0.14402538694040823,0.6856861894225538,0.4761904761904762,0.1162830930680984,1.3786744324603435,1.0869691688718912
P,config_38_det2_b15_s5_h4_w500,2,0.6299605249474366,2_15_5_4,7,0.04061243279835774,-0.40480500521849166,0.48602987081520715,-0.21428571428571433,0.08320809682202454,1.301228444635014,1.18387368438546
P,config_39_det2_b15_s5_h4_w1500,2,0.4367902323681495,2_15_5_4,7,-0.1179661211733133,-0.41794838135903606,0.18201613901240948,-0.4642857142857144,0.06392295288158681,1.198234646136249,1.233710329946725
P,config_40_det2_b15_s5_h12_w50,2,1.3572088082974534,2_15_5_12,8,0.2815804101280529,-0.05661262629548286,0.6197734465515887,0.6666666666666669,0.09840415158696261,1.3338404798623047,0.977319413528822
P,config_41_det2_b15_s5_h12_w500,2,0.6299605249474366,2_15_5_12,7,0.4980461654583872,-0.40830891973203387,1.4044012506488084,0.28571428571428575,0.16248416959812248,1.6347872265075574,1.3875027912904858
P,config_42_det2_b15_s5_h12_w1500,2,0.4367902323681495,2_15_5_12,8,-0.2817122288343081,-0.7713672896871706,0.20794283201855446,-0.4761904761904762,0.13288630673261473,1.4215045335562286,1.306038268182284
P,config_43_det2_b15_s5_h24_w50,2,1.3572088082974534,2_15_5_24,7,0.04927836095823022,-0.2005344905100951,0.2990912124265555,0.28571428571428575,0.059620863112255604,1.161796799011727,0.9433668426811535
P,config_44_det2_b15_s5_h24_w500,2,0.6299605249474366,2_15_5_24,8,0.742942012649731,0.4909424892389285,0.9949415360605336,0.9047619047619048,0.1447085151425488,1.5225970674011358,1.229657082362592
P,config_45_det2_b15_s5_h24_w1500,2,0.4367902323681495,2_15_5_24,7,0.3899705575686561,-0.09073490446221405,0.8706760195995262,0.642857142857143,0.10442991383277136,1.3160221211592087,1.353419798182616
P,config_46_det2_b15_s20_h4_w50,2,5.4288352331898135,2_15_20_4,5,-0.2801762694156715,-0.6148757600389448,0.05452322120760189,-0.7,0.06564235539903202,1.1861941515526322,1.0639546616194755
P,config_47_det2_b15_s20_h4_w500,2,2.5198420997897464,2_15_20_4,7,0.4517166456936527,-0.16183974173877097,1.0652730331260765,0.7142857142857144,0.13077579961631172,1.476296795156726,1.1577627253209772
P,config_48_det2_b15_s20_h4_w1500,2,1.747160929472598,2_15_20_4,7,0.36134863445928095,-0.059006910454949546,0.7817041793735114,0.5714285714285715,0.10675729459013679,1.3732898923133878,1.1723860693510995
P,config_49_det2_b15_s20_h12_w50,2,5.4288352331898135,2_15_20_12,5,-0.2635707845538187,-0.5788971227588302,0.05175555365119272,-0.7,0.06521856965081047,1.1848314704472251,1.0639546616194755
P,config_50_det2_b15_s20_h12_w500,2,2.5198420997897464,2_15_20_12,8,0.16078176530740357,-0.051481468253436746,0.3730449988682439,0.6428571428571429,0.06174486631066241,1.1696345607472611,1.0910375114740694
P,config_51_det2_b15_s20_h12_w1500,2,1.747160929472598,2_15_20_12,7,0.30276491161704544,-0.0337932486549008,0.6393230718889917,0.6071428571428572,0.09072883379856392,1.2618491456708545,1.1365332542849118
P,config_52_det2_b15_s20_h24_w50,2,5.4288352331898135,2_15_20_24,5,-0.263543784933978,-0.5788378217924207,0.051750251924464696,-0.7,0.06521856965081047,1.1848314704472251,1.0639546616194755
P,config_53_det2_b15_s20_h24_w500,2,2.5198420997897464,2_15_20_24,7,-0.1097534239908292,-0.2609656270242315,0.0414587790425731,-0.6071428571428572,0.04430534721307496,1.139894790799017,0.9793659820676376
P,config_54_det2_b15_s20_h24_w1500,2,1.747160929472598,2_15_20_24,7,-0.10330610017749926,-0.1939868567128007,-0.012625343642197834,-0.6785714285714287,0.0335582759150549,1.083925888545431,0.973884366767592
P,config_55_det2_b30_s5_h4_w50,2,1.3572088082974534,2_30_5_4,8,-0.025934792219777774,-0.5013839193092594,0.4495143348697039,-0.023809523809523815,0.11882938847480187,1.4578145384128212,0.8965306643325851
P,config_56_det2_b30_s5_h4_w500,2,0.6299605249474366,2_30_5_4,8,0.1121599988590962,-0.4720947639615568,0.6964147616797493,0.2380952380952381,0.14642982199353255,1.583581160469592,1.0134658076318643
P,config_57_det2_b30_s5_h4_w1500,2,0.4367902323681495,2_30_5_4,7,0.1364291583773492,-0.5993724743561832,0.8722307911108815,-0.10714285714285716,0.14476642185530714,1.6511453163726486,1.1090157974857608
P,config_58_det2_b30_s5_h12_w50,2,1.3572088082974534,2_30_5_12,11,0.648028395208656,0.25515679688471726,1.0408999935325947,0.7090909090909092,0.190675950873973,1.7044093617855445,1.0112719843764906
P,config_59_det2_b30_s5_h12_w500,2,0.6299605249474366,2_30_5_12,11,0.06479760882302464,-0.4393550087151403,0.5689502263611896,-0.05454545454545456,0.17383168547584135,1.7049280870029841,1.2383855669665031
P,config_60_det2_b30_s5_h12_w1500,2,0.4367902323681495,2_30_5_12,8,-0.015056646277550956,-0.6731968204074935,0.6430835278523915,-0.1666666666666667,0.1563909663677239,1.6531326022822275,1.2139718550275753
P,config_61_det2_b30_s5_h24_w50,2,1.3572088082974534,2_30_5_24,8,-0.10038293407159109,-0.5488719319681948,0.3481060638250127,-0.2380952380952381,0.10903643401280434,1.3082663804971104,0.8468866947653511
P,config_62_det2_b30_s5_h24_w500,2,0.6299605249474366,2_30_5_24,10,0.6237771179123427,0.11612147739604328,1.131432758428642,0.6121212121212121,0.17856130052602273,1.7034399447301596,1.2672375447517221
P,config_63_det2_b30_s5_h24_w1500,2,0.4367902323681495,2_30_5_24,8,0.5313704424213288,-0.18896423681376606,1.2517051216564237,0.4047619047619048,0.1598820020994388,1.7608655388803311,1.3778917784513371
P,config_64_det2_b30_s20_h4_w50,2,5.4288352331898135,2_30_20_4,9,-0.3397213293119124,-0.48471171662805723,-0.19473094199576754,-0.9,0.08989970644984156,1.3055133161350896,0.9881229429573346
P,config_65_det2_b30_s20_h4_w500,2,2.5198420997897464,2_30_20_4,9,0.14061713490418248,-0.15701315918690528,0.43824742899527025,0.45,0.09112832393623556,1.3172299263785952,1.0854548439418832
P,config_66_det2_b30_s20_h4_w1500,2,1.747160929472598,2_30_20_4,8,0.20882098639955377,-0.18060488329042312,0.5982468560895307,0.38095238095238104,0.0976815796694552,1.3381649030938987,1.1277553718744868
P,config_67_det2_b30_s20_h12_w50,2,5.4288352331898135,2_30_20_12,9,-0.3068127174684256,-0.4128460497662015,-0.2007793851706497,-0.9,0.07553980860440121,1.2282447473356464,1.0117340106999229
P,config_68_det2_b30_s20_h12_w500,2,2.5198420997897464,2_30_20_12,8,0.12106231087692654,-0.2113970941686104,0.4535217159224635,0.4285714285714286,0.08051762616388404,1.2482369650716414,1.0440643010803565
P,config_69_det2_b30_s20_h12_w1500,2,1.747160929472598,2_30_20_12,7,0.1733276418171397,-0.1074289072260887,0.4540841908603681,0.5714285714285715,0.0632763088601331,1.2057121467995244,1.0591199169320138
P,config_70_det2_b30_s20_h24_w50,2,5.4288352331898135,2_30_20_24,9,-0.31674933300273117,-0.41696057617626453,-0.2165380898291978,-0.9333333333333332,0.07714178948278552,1.2282447473356464,1.0117340106999229
P,config_71_det2_b30_s20_h24_w500,2,2.5198420997897464,2_30_20_24,8,-0.28969198967726756,-0.44268326286902515,-0.13670071648551,-0.8333333333333335,0.0901924836084496,1.2637365307677684,0.8880686308687871
P,config_72_det2_b30_s20_h24_w1500,2,1.747160929472598,2_30_20_24,7,-0.11559059702848226,-0.29053574578988395,0.0593545517329194,-0.42857142857142866,0.045040589144198395,1.1392706278250158,0.9100968631567419
P,config_73_det1_b10_s8_h10_w250,1,1.2699208415745598,1_10_8_10,7,0.4893403347527056,0.371230177392956,0.6074504921124553,0.9642857142857145,0.10925428729284418,1.3106218990030873,0.9406734916182247
P,config_74_det1_b10_s8_h10_w1000,1,0.8000000000000002,1_10_8_10,7,0.5055534016431384,0.003158581580853137,1.0079482217054236,0.6785714285714287,0.13519459023498148,1.4908372864904262,1.2170239299593701
P,config_75_det1_b10_s8_h15_w250,1,1.2699208415745598,1_10_8_15,7,-0.007903654638472726,-0.10091152313845646,0.085104213861511,-0.03571428571428572,0.021548679169563965,1.0620559213609126,0.8643014430163857
P,config_76_det1_b10_s8_h15_w1000,1,0.8000000000000002,1_10_8_15,6,0.7590165861408383,0.46535594952396436,1.0526772227577124,0.942857142857143,0.15240038816910248,1.4373462420324659,0.9930418994967756
P,config_77_det1_b10_s12_h10_w250,1,1.9048812623618396,1_10_12_10,8,0.1709006536464937,0.03872751290355553,0.3030737943894319,0.7380952380952381,0.05637090514236844,1.1722640341116584,0.9262018046330245
P,config_78_det1_b10_s12_h10_w1000,1,1.2000000000000002,1_10_12_10,7,0.4623739839026072,0.23939764233255162,0.6853503254726627,0.9642857142857145,0.10909431002757629,1.3346740471487344,1.104009307025987
P,config_79_det1_b10_s12_h15_w250,1,1.9048812623618396,1_10_12_15,6,-0.1262981327469666,-0.2834951881291034,0.03089892263517019,-0.8285714285714287,0.04117840223432007,1.1217361452406676,0.8682141170716411
P,config_80_det1_b10_s12_h15_w1000,1,1.2000000000000002,1_10_12_15,7,0.2208534233280969,0.10819254244228071,0.3335143042139131,0.8928571428571429,0.05812043512429006,1.1855306389735163,0.9177761420275644
P,config_81_det2_b10_s8_h10_w250,2,1.2699208415745598,2_10_8_10,7,0.6277089231283379,0.33881331040183355,0.9166045358548423,0.9285714285714288,0.13341748954287053,1.3552345302867803,1.0138997194813897
P,config_82_det2_b10_s8_h10_w1000,2,0.8000000000000002,2_10_8_10,7,0.2605642708402073,-0.2987194279146017,0.8198479695950163,0.14285714285714288,0.11123833714069692,1.406744585750187,1.3193640532855369
P,config_83_det2_b10_s8_h15_w250,2,1.2699208415745598,2_10_8_15,7,-0.028407193903104942,-0.10060104971108777,0.04378666190487789,-0.3214285714285715,0.01787690055968523,1.047533845416137,0.9666913181901684
P,config_84_det2_b10_s8_h15_w1000,2,0.8000000000000002,2_10_8_15,6,0.6202554760955957,0.4279155631263783,0.8125953890648132,1.0,0.119156368957986,1.3299698855676494,1.145758374591442
P,config_85_det2_b10_s12_h10_w250,2,1.9048812623618396,2_10_12_10,8,0.19375149336212205,0.002074264689147204,0.3854287220350969,0.7380952380952381,0.0668685691761989,1.1884011375074053,1.0150312829884904
P,config_86_det2_b10_s12_h10_w1000,2,1.2000000000000002,2_10_12_10,7,0.5477178726300511,0.06827586459029672,1.0271598806698055,0.6785714285714287,0.13622416657997108,1.4133911450371177,1.2752947414293538
P,config_87_det2_b10_s12_h15_w250,2,1.9048812623618396,2_10_12_15,7,-0.08200332739821328,-0.24319833035677976,0.0791916755603532,-0.39285714285714296,0.04446358492005429,1.135966187545248,0.9442925863533086
P,config_88_det2_b10_s12_h15_w1000,2,1.2000000000000002,2_10_12_15,7,0.3508744479005428,0.2105369284295885,0.4912119673714971,0.9642857142857145,0.08291186928308322,1.2274278503508056,1.0278646554872877
P,config_89_det1_b10_s5_h15_w250,1,0.7937005259840998,1_10_5_15,7,0.6463092730019564,0.34161584893462954,0.9510026970692833,0.8928571428571429,0.1409842228045889,1.5490006144255795,0.976964728913538
P,config_90_det1_b10_s5_h15_w1000,1,0.5000000000000001,1_10_5_15,7,0.5289622894698421,-0.002531005729292324,1.0604555846689765,0.6071428571428572,0.14779720648188774,1.4507039036758975,1.213695697485062
P,config_91_det1_b10_s5_h24_w250,1,0.7937005259840998,1_10_5_24,7,0.06939189856951401,-0.21970756770059569,0.3584913648396237,-0.21428571428571433,0.06425107345227359,1.2004995991635934,0.9658566434737149
P,config_92_det1_b10_s5_h24_w1000,1,0.5000000000000001,1_10_5_24,7,0.4650143771371057,0.2597952979038066,0.6702334563704048,0.9642857142857145,0.10644845077972968,1.2885603644785115,0.9594414781527846
P,config_93_det2_b10_s5_h15_w250,2,0.7937005259840998,2_10_5_15,7,0.7422467159017782,0.3825211983696501,1.1019722334339062,0.9642857142857145,0.14953108425115802,1.4314701782497241,1.083273869520197
P,config_94_det2_b10_s5_h15_w1000,2,0.5000000000000001,2_10_5_15,7,0.33862689169360405,-0.3220002673318365,0.9992540507190446,0.3214285714285715,0.12914996322294148,1.4062928069864526,1.4439058335370938
P,config_95_det2_b10_s5_h24_w250,2,0.7937005259840998,2_10_5_24,9,-0.05102780897907149,-0.18297282708074444,0.08091720912260145,-0.2333333333333333,0.039824741571772855,1.1407821470397816,1.0205585342190082
P,config_96_det2_b10_s5_h24_w1000,2,0.5000000000000001,2_10_5_24,7,0.3624425536586469,0.15190670327590508,0.5729784040413888,0.8571428571428573,0.0786698848704373,1.185938112798003,1.1728356875538877
I,config_01_det1_b15_s5_h4_w50,1,1.3572088082974534,1_15_5_4,10,-0.12586126503156977,-0.2770295493900703,0.025307019326930774,-0.5757575757575757,0.04216145954721413,1.1372217059093808,1.2781359708638393
I,config_02_det1_b15_s5_h4_w500,1,0.6299605249474366,1_15_5_4,10,0.008138016482593926,-0.03955972671610561,0.055835759681293465,0.32121212121212117,0.011531777248571457,1.0421657002722289,1.2926634001675785
I,config_03_det1_b15_s5_h4_w1500,1,0.4367902323681495,1_15_5_4,10,-0.06551808216305342,-0.17766598094535674,0.04662981661924989,-0.09090909090909088,0.0317086192430225,1.1164438333001305,1.263498879599859
I,config_04_det1_b15_s5_h12_w50,1,1.3572088082974534,1_15_5_12,10,0.5531198936888178,-0.01109566560127706,1.1173354529789126,0.5636363636363636,0.1257536083872259,1.500468992898384,1.5537569747057032
I,config_05_det1_b15_s5_h12_w500,1,0.6299605249474366,1_15_5_12,10,0.08334734409039858,-0.12470862257508143,0.2914033107558786,-0.1515151515151515,0.043337317702149165,1.1734092338531676,1.5538474064841914
I,config_06_det1_b15_s5_h12_w1500,1,0.4367902323681495,1_15_5_12,10,-0.13375578412672284,-0.1995801805141288,-0.06793138773931688,-0.8666666666666665,0.027909289075759798,1.1035213444668341,1.5024928337783838
I,config_07_det1_b15_s5_h24_w50,1,1.3572088082974534,1_15_5_24,10,0.07570505535727971,-0.4653801281886559,0.6167902389032153,0.10303030303030303,0.10474298257833617,1.404277090174557,1.341296912923239
I,config_08_det1_b15_s5_h24_w500,1,0.6299605249474366,1_15_5_24,10,0.5682101076072883,0.2378205289444537,0.8985996862701229,0.7575757575757575,0.10401636291949883,1.3276554797234594,1.6492775084720876
I,config_09_det1_b15_s5_h24_w1500,1,0.4367902323681495,1_15_5_24,11,0.012704376302127028,-0.14773661463183801,0.17314536723609208,-0.03636363636363637,0.03834940201015808,1.1288800026595995,1.6012150664401543
I,config_10_det1_b15_s20_h4_w50,1,5.4288352331898135,1_15_20_4,10,0.16028906119944303,-0.004278674245651676,0.3248567966445377,0.5757575757575757,0.051738330161041235,1.1993454444987597,1.0491543987150864
I,config_11_det1_b15_s20_h4_w500,1,2.5198420997897464,1_15_20_4,10,-0.08507540446002598,-0.24788439482566862,0.07773358590561666,-0.41818181818181815,0.05550050947589889,1.2481423230237194,1.0514188091600298
I,config_12_det1_b15_s20_h4_w1500,1,1.747160929472598,1_15_20_4,9,-0.09532956162231762,-0.2468862577442085,0.056227134499573256,-0.13333333333333333,0.05211837118651632,1.1768902318944963,1.0445806387471093
I,config_13_det1_b15_s20_h12_w50,1,5.4288352331898135,1_15_20_12,9,-0.054420128260177406,-0.2654230107649514,0.15658275424459656,-0.21666666666666667,0.05277066024808704,1.1671403387123427,0.9650411398405612
I,config_14_det1_b15_s20_h12_w500,1,2.5198420997897464,1_15_20_12,10,-0.11401241960074353,-0.21250779732293634,-0.015517041878550714,-0.6484848484848483,0.04003718969046315,1.1502113972931232,1.1364882793185331
I,config_15_det1_b15_s20_h12_w1500,1,1.747160929472598,1_15_20_12,10,-0.12918465918805805,-0.2668072624308956,0.008437944054779462,-0.33333333333333326,0.0473503896832311,1.1644402221777927,1.1843775468626407
I,config_16_det1_b15_s20_h24_w50,1,5.4288352331898135,1_15_20_24,8,-0.21566531789230836,-0.4532202868928738,0.02188965110825708,-0.6190476190476191,0.06835196141232734,1.2372904253233266,0.9332349961100688
I,config_17_det1_b15_s20_h24_w500,1,2.5198420997897464,1_15_20_24,10,-0.1689206574191037,-0.34742309718361414,0.009581782345406742,-0.5151515151515151,0.07585231871333707,1.2916033246212524,1.038068712721134
I,config_18_det1_b15_s20_h24_w1500,1,1.747160929472598,1_15_20_24,10,0.029193192944158633,-0.2268469837942106,0.2852333696825278,0.3939393939393939,0.0695362526539779,1.269644194122395,1.1150253764695237
I,config_19_det1_b30_s5_h4_w50,1,1.3572088082974534,1_30_5_4,11,0.2005887620785945,0.03539400840596452,0.3657835157512245,0.6545454545454547,0.050018111635964736,1.1943533523993723,1.2006067030197507
I,config_20_det1_b30_s5_h4_w500,1,0.6299605249474366,1_30_5_4,12,0.022717619036722415,-0.07630438550344174,0.12173962357688656,0.10489510489510491,0.030812554892435264,1.0920764236956926,1.2050838149692393
I,config_21_det1_b30_s5_h4_w1500,1,0.4367902323681495,1_30_5_4,11,0.05662955862952639,-0.08415095261786856,0.19741006987692136,0.10909090909090911,0.04152695101401741,1.1593228080378888,1.1937253001961925
I,config_22_det1_b30_s5_h12_w50,1,1.3572088082974534,1_30_5_12,13,-0.33075448778646693,-0.6248716493086359,-0.03663732626429789,-0.5934065934065934,0.08748727241581752,1.2594717057543403,1.63681856145156
I,config_23_det1_b30_s5_h12_w500,1,0.6299605249474366,1_30_5_12,12,-0.23075591607155338,-0.4316416445626057,-0.029870187580501084,-0.6643356643356644,0.07348138304885424,1.2563122961845112,1.4696033285186556
I,config_24_det1_b30_s5_h12_w1500,1,0.4367902323681495,1_30_5_12,11,-0.1011327465767349,-0.16710169388699092,-0.035163799266478904,-0.7363636363636363,0.024689162563612175,1.0812564081524452,1.4735217809280354
I,config_25_det1_b30_s5_h24_w50,1,1.3572088082974534,1_30_5_24,11,1.4073559090559944,0.6115571939645157,2.203154624147473,0.6818181818181819,0.18638811896591928,1.73528682163449,1.862094713891589
I,config_26_det1_b30_s5_h24_w500,1,0.6299605249474366,1_30_5_24,12,-0.06833780424970176,-0.3132681734727476,0.1765925649733441,-0.2867132867132868,0.05830980462101303,1.2338955415981943,1.7489159158295526
I,config_27_det1_b30_s5_h24_w1500,1,0.4367902323681495,1_30_5_24,12,-0.1750882815076912,-0.36182359644235595,0.011647033426973513,-0.5454545454545455,0.05847117427416927,1.2234086577116017,1.6568484111621917
I,config_28_det1_b30_s20_h4_w50,1,5.4288352331898135,1_30_20_4,10,0.14396340983975117,-0.02012970845507167,0.308056528134574,0.5757575757575757,0.05049264790186045,1.1723774160761806,0.958281349241324
I,config_29_det1_b30_s20_h4_w500,1,2.5198420997897464,1_30_20_4,10,0.09157753154520995,0.00042591782911724496,0.18272914526130266,0.7454545454545454,0.033884964223576265,1.1209182792430497,0.9849320119143098
I,config_30_det1_b30_s20_h4_w1500,1,1.747160929472598,1_30_20_4,10,0.03307300512300173,-0.054160678583925044,0.12030668882992851,0.29696969696969694,0.027411443565481666,1.0751989882600579,1.0084199695056395
I,config_31_det1_b30_s20_h12_w50,1,5.4288352331898135,1_30_20_12,10,0.3650822074302745,0.2379703519097484,0.49219406295080054,0.9030303030303028,0.07394196449662645,1.2045646483984693,0.9889490936788085
I,config_32_det1_b30_s20_h12_w500,1,2.5198420997897464,1_30_20_12,10,0.01578657979566503,-0.09524964329843866,0.12682280288976872,-0.12727272727272726,0.027555142080538705,1.1061974089386957,1.2126393037414585
I,config_33_det1_b30_s20_h12_w1500,1,1.747160929472598,1_30_20_12,10,-0.09849168908212376,-0.21228358874392317,0.01530021057967565,-0.6121212121212121,0.03437558122958002,1.1318912436301647,1.2540865274323678
I,config_34_det1_b30_s20_h24_w50,1,5.4288352331898135,1_30_20_24,12,0.07621031630216296,-0.13002375526995733,0.2824443878742833,0.2377622377622378,0.06437279794444763,1.2434889822552255,1.0068072828251406
I,config_35_det1_b30_s20_h24_w500,1,2.5198420997897464,1_30_20_24,10,0.0669784555465451,-0.19523768874645453,0.3291945998395447,0.2121212121212121,0.06328830765492184,1.2424539296138604,1.2223261429670753
I,config_36_det1_b30_s20_h24_w1500,1,1.747160929472598,1_30_20_24,10,0.012541285311143575,-0.29459785182025033,0.31968042244253747,0.05454545454545454,0.07129663394771853,1.3047298081291692,1.30974153983253
I,config_37_det2_b15_s5_h4_w50,2,1.3572088082974534,2_15_5_4,12,-0.15444779826296445,-0.4804435250176487,0.1715479284917198,-0.49650349650349657,0.10610082197861666,1.510207644599764,1.2999227149593406
I,config_38_det2_b15_s5_h4_w500,2,0.6299605249474366,2_15_5_4,11,-0.2432564060783339,-0.3952221442542097,-0.0912906679024581,-0.7818181818181819,0.07489420429535987,1.265757839425637,1.2574860649698902
I,config_39_det2_b15_s5_h4_w1500,2,0.4367902323681495,2_15_5_4,10,-0.19574668853352012,-0.3873307790691237,-0.004162597997916517,-0.5636363636363636,0.06800335151886762,1.2573731088463223,1.2238220987565542
I,config_40_det2_b15_s5_h12_w50,2,1.3572088082974534,2_15_5_12,11,0.759366599985503,0.03211035261085149,1.4866228473601546,0.3090909090909091,0.16356110611243005,1.7770736375038838,1.7477059561660702
I,config_41_det2_b15_s5_h12_w500,2,0.6299605249474366,2_15_5_12,11,-0.1532523402972761,-0.26798406128426366,-0.03852061931028855,-0.7545454545454545,0.03933904838730064,1.1383247230695352,1.604919948593998
I,config_42_det2_b15_s5_h12_w1500,2,0.4367902323681495,2_15_5_12,11,-0.3143441295792688,-0.3919204181032521,-0.23676784105528553,-0.9727272727272729,0.06352333295660854,1.2227340598042737,1.5695401935911595
I,config_43_det2_b15_s5_h24_w50,2,1.3572088082974534,2_15_5_24,11,1.1638060747806895,0.44972508477947126,1.8778870647819077,0.7090909090909092,0.2055714999885536,1.8990791649150507,1.4273367302165645
I,config_44_det2_b15_s5_h24_w500,2,0.6299605249474366,2_15_5_24,10,0.4288645140556624,0.08503319005156484,0.7726958380597599,0.5757575757575757,0.0899983829220355,1.2743086729785267,1.6768276138290354
I,config_45_det2_b15_s5_h24_w1500,2,0.4367902323681495,2_15_5_24,10,0.029537356205149978,-0.12859685158711476,0.1876715639974147,0.01818181818181818,0.03107508904666117,1.1106069135596623,1.6334985408547231
I,config_46_det2_b15_s20_h4_w50,2,5.4288352331898135,2_15_20_4,11,-0.051262212636302984,-0.28449761309943433,0.1819731878268284,-0.14545454545454548,0.0676359212157934,1.2659772255304294,1.1432670687744668
I,config_47_det2_b15_s20_h4_w500,2,2.5198420997897464,2_15_20_4,10,-0.10130089610154146,-0.2693268568792376,0.06672506467615465,-0.309090909090909,0.056910482442364574,1.2212204014108479,1.0927229913670828
I,config_48_det2_b15_s20_h4_w1500,2,1.747160929472598,2_15_20_4,10,-0.034461539880098986,-0.13281775849082694,0.06389467873062898,-0.43030303030303024,0.030937306814318083,1.098811811396484,1.0658130053850812
I,config_49_det2_b15_s20_h12_w50,2,5.4288352331898135,2_15_20_12,11,-0.013524382132180952,-0.4205242998523156,0.39347553558795373,0.02727272727272728,0.10498223703104453,1.3423593119546724,1.1839751663912164
I,config_50_det2_b15_s20_h12_w500,2,2.5198420997897464,2_15_20_12,10,-0.02246355426452951,-0.39396567611665967,0.34903856758760066,-0.01818181818181818,0.09462820627566611,1.4163600299518575,1.2384867804763129
I,config_51_det2_b15_s20_h12_w1500,2,1.747160929472598,2_15_20_12,10,-0.058526652259531464,-0.14911843851544498,0.03206513399638207,-0.38181818181818183,0.027020912093239684,1.0777338188803616,1.2325256354756122
I,config_52_det2_b15_s20_h24_w50,2,5.4288352331898135,2_15_20_24,12,-0.32322478319292586,-0.47320224392180654,-0.17324732246404514,-0.7412587412587414,0.1017402759828945,1.3382111423769596,1.0464022854363533
I,config_53_det2_b15_s20_h24_w500,2,2.5198420997897464,2_15_20_24,11,-0.17811552514953105,-0.4380323027892756,0.08180125249021347,-0.26363636363636367,0.1068438935845935,1.434277977484292,1.1063312741695432
I,config_54_det2_b15_s20_h24_w1500,2,1.747160929472598,2_15_20_24,10,0.0339496754203311,-0.11703915430246652,0.1849385051431287,0.2727272727272727,0.04005542490278567,1.1639539310167,1.1913896911330306
I,config_55_det2_b30_s5_h4_w50,2,1.3572088082974534,2_30_5_4,16,0.0523173164282827,-0.4288710399322861,0.5335056727888515,-0.1264705882352941,0.18568618338028473,2.2552983269422944,1.1460557627284045
I,config_56_det2_b30_s5_h4_w500,2,0.6299605249474366,2_30_5_4,11,0.028141976776985354,-0.2424991446929358,0.2987830982469065,-0.08181818181818183,0.0800037628210054,1.3812955854311186,1.117201510757465
I,config_57_det2_b30_s5_h4_w1500,2,0.4367902323681495,2_30_5_4,10,-0.2287991596304774,-0.421735670777044,-0.03586264848391077,-0.5030303030303029,0.07763127718709383,1.2424337002648338,1.1155312581280272
I,config_58_det2_b30_s5_h12_w50,2,1.3572088082974534,2_30_5_12,13,0.2629335655608725,-0.4494348169965349,0.9753019481182799,0.10989010989010989,0.1626362111637308,1.7818038886440164,1.7485479476286634
I,config_59_det2_b30_s5_h12_w500,2,0.6299605249474366,2_30_5_12,12,-0.28209113440062955,-0.6295651480333221,0.06538287923206298,-0.5034965034965035,0.11207461660575932,1.449527145019454,1.5210828785211956
I,config_60_det2_b30_s5_h12_w1500,2,0.4367902323681495,2_30_5_12,11,-0.44053814928590124,-0.548941050286493,-0.3321352482853095,-0.9818181818181818,0.0919372802672127,1.3500980641778884,1.5071668809779952
I,config_61_det2_b30_s5_h24_w50,2,1.3572088082974534,2_30_5_24,11,1.938279982105393,0.4280327447978296,3.4485272194129566,0.7454545454545456,0.28350449231643965,2.4111464467576242,1.9263097749051796
I,config_62_det2_b30_s5_h24_w500,2,0.6299605249474366,2_30_5_24,12,-0.08845752473984395,-0.5178000679626382,0.3408850184829504,-0.3916083916083916,0.09704234602695519,1.423782974989772,1.8506025377442223
I,config_63_det2_b30_s5_h24_w1500,2,0.4367902323681495,2_30_5_24,11,-0.46985023445993607,-0.6107812339546705,-0.32891923496520153,-0.9454545454545454,0.08583697327608161,1.3049060809094708,1.7602032391353326
I,config_64_det2_b30_s20_h4_w50,2,5.4288352331898135,2_30_20_4,16,-0.16502003402069762,-0.3932355499260873,0.06319548188469204,-0.4647058823529412,0.10140722599251303,1.4385374771445723,1.0993686353027656
I,config_65_det2_b30_s20_h4_w500,2,2.5198420997897464,2_30_20_4,11,-0.1239410666151556,-0.3793304110485208,0.1314482778182096,-0.23636363636363636,0.08740426758279703,1.352438489180244,1.0489165881171119
I,config_66_det2_b30_s20_h4_w1500,2,1.747160929472598,2_30_20_4,11,-0.02728017676041888,-0.23090510169056822,0.17634474816973045,-0.13636363636363638,0.07050287527780356,1.31107012103863,1.0345579242173288
I,config_67_det2_b30_s20_h12_w50,2,5.4288352331898135,2_30_20_12,12,-0.13818850103383112,-0.5832244772305597,0.30684747516289745,-0.2517482517482518,0.11286124965198494,1.4362426883803672,1.243799118748575
I,config_68_det2_b30_s20_h12_w500,2,2.5198420997897464,2_30_20_12,13,-0.112120868820297,-0.41091288872918724,0.18667115108859328,-0.32967032967032966,0.10230882018040247,1.5905770874951386,1.3210028347787184
I,config_69_det2_b30_s20_h12_w1500,2,1.747160929472598,2_30_20_12,11,-0.07979200121858283,-0.30509295407428416,0.14550895163711852,-0.39090909090909093,0.06616323919487785,1.2929102809601196,1.277143234992215
I,config_70_det2_b30_s20_h24_w50,2,5.4288352331898135,2_30_20_24,12,-0.3724645283857399,-0.6052596111344832,-0.13966944563699651,-0.6853146853146854,0.10511668405604044,1.3624098357043772,1.1207902062244157
I,config_71_det2_b30_s20_h24_w500,2,2.5198420997897464,2_30_20_24,11,0.13151035645787365,-0.330919716764179,0.5939404296799263,0.3545454545454546,0.10797400821911458,1.579519940943813,1.4071926864398963
I,config_72_det2_b30_s20_h24_w1500,2,1.747160929472598,2_30_20_24,10,0.09293703738762654,-0.10366381545087977,0.28953789022613285,0.38181818181818183,0.046063911108627814,1.1643808187032634,1.3861100574222265
I,config_73_det1_b10_s8_h10_w250,1,1.2699208415745598,1_10_8_10,10,0.1428335247353326,-0.07333706255239095,0.35900411202305615,0.34545454545454546,0.05487888437189158,1.1887955832058235,1.3341424749243749
I,config_74_det1_b10_s8_h10_w1000,1,0.8000000000000002,1_10_8_10,10,-0.017328320521709965,-0.049320763207869114,0.014664122164449189,-0.4787878787878787,0.008142519445109587,1.024222496119237,1.3676597297468955
I,config_75_det1_b10_s8_h15_w250,1,1.2699208415745598,1_10_8_15,10,0.36827010849577496,0.03877461662778614,0.6977656003637638,0.7454545454545454,0.09857857374101502,1.2957473792434446,1.3388644291682774
I,config_76_det1_b10_s8_h15_w1000,1,0.8000000000000002,1_10_8_15,10,0.17207232339055997,0.04319279334324716,0.3009518534378728,0.6969696969696969,0.042425950634681416,1.136386586173201,1.393527913721543
I,config_77_det1_b10_s12_h10_w250,1,1.9048812623618396,1_10_12_10,10,-0.09053980271275758,-0.3128366112650249,0.13175700583950972,0.2121212121212121,0.06481989488092078,1.2396519613466028,1.1772463819009529
I,config_78_det1_b10_s12_h10_w1000,1,1.2000000000000002,1_10_12_10,10,0.022579420294529435,-0.03329064653307365,0.07844948712213251,0.2727272727272727,0.01495986002099153,1.0509496377071792,1.2365779231079543
I,config_79_det1_b10_s12_h15_w250,1,1.9048812623618396,1_10_12_15,10,-0.023470039520950205,-0.328597945456046,0.28165786641414553,0.23636363636363633,0.08266256660864527,1.330263848649273,1.1036975339407398
I,config_80_det1_b10_s12_h15_w1000,1,1.2000000000000002,1_10_12_15,10,0.1923231099257931,0.09755845863877548,0.2870877612128107,0.8424242424242423,0.045087892564853106,1.1285065438292088,1.2533356614892146
I,config_81_det2_b10_s8_h10_w250,2,1.2699208415745598,2_10_8_10,10,0.05551904656603271,-0.052500528114155065,0.16353862124622048,0.24848484848484845,0.02798453530083882,1.0872255219423088,1.3837070584452897
I,config_82_det2_b10_s8_h10_w1000,2,0.8000000000000002,2_10_8_10,10,-0.19482769454888282,-0.26542806852259426,-0.1242273205751714,-0.8666666666666665,0.04148848241432907,1.1259610097390145,1.3832692321404427
I,config_83_det2_b10_s8_h15_w250,2,1.2699208415745598,2_10_8_15,10,0.2957711194478257,0.11455906194440488,0.4769831769512465,0.7575757575757575,0.06749940177843165,1.2202565852590974,1.4305451196627876
I,config_84_det2_b10_s8_h15_w1000,2,0.8000000000000002,2_10_8_15,10,0.050653385944055086,-0.07626974917402185,0.177576521062132,0.16363636363636364,0.029790726442489132,1.1134943742616852,1.42082106864859
I,config_85_det2_b10_s12_h10_w250,2,1.9048812623618396,2_10_12_10,10,0.07809736922320629,-0.07980601747245283,0.2360007559188654,0.3696969696969697,0.042472959346471516,1.133319835014014,1.26515360814109
I,config_86_det2_b10_s12_h10_w1000,2,1.2000000000000002,2_10_12_10,10,-0.20385333559651805,-0.2855388226319532,-0.12216784856108291,-0.9636363636363635,0.052052479122961286,1.1692223695966937,1.2732401189781095
I,config_87_det2_b10_s12_h15_w250,2,1.9048812623618396,2_10_12_15,10,0.07204166465562072,-0.12243648809903453,0.26651981741027597,0.3696969696969697,0.05092164628748266,1.1663453610065855,1.2162305806319373
I,config_88_det2_b10_s12_h15_w1000,2,1.2000000000000002,2_10_12_15,10,-0.02437890344987278,-0.13515977952042163,0.08640197262067606,-0.12727272727272726,0.029475606526200814,1.1168092838313823,1.2760493178136891
I,config_89_det1_b10_s5_h15_w250,1,0.7937005259840998,1_10_5_15,10,0.4797437902765449,0.12602510335903028,0.8334624771940595,0.6363636363636362,0.10424740634638299,1.3442879025758032,1.5457579083192658
I,config_90_det1_b10_s5_h15_w1000,1,0.5000000000000001,1_10_5_15,10,-0.010797792936807393,-0.07974316990854521,0.05814758403493042,-0.33333333333333326,0.015140001476233716,1.0528200907572318,1.485304197337579
I,config_91_det1_b10_s5_h24_w250,1,0.7937005259840998,1_10_5_24,10,0.5387967027152507,0.13002585836787728,0.9475675470626241,0.6727272727272726,0.12381962301420625,1.3495465714048889,1.293745291477948
I,config_92_det1_b10_s5_h24_w1000,1,0.5000000000000001,1_10_5_24,10,0.2806889686706654,0.0760415292725444,0.4853364080687864,0.5515151515151515,0.06421481333495306,1.212408210570501,1.5085025020955918
I,config_93_det2_b10_s5_h15_w250,2,0.7937005259840998,2_10_5_15,10,0.5328521460042464,0.11580096064945239,0.9499033313590404,0.5272727272727272,0.11504894865582939,1.3972442305303536,1.6148246521031737
I,config_94_det2_b10_s5_h15_w1000,2,0.5000000000000001,2_10_5_15,10,0.0015840130100919273,-0.13103797124551014,0.134205997265694,-0.33333333333333326,0.02760813160124505,1.106142963758344,1.5656641083686527
I,config_95_det2_b10_s5_h24_w250,2,0.7937005259840998,2_10_5_24,10,0.629155314567684,0.27467285805066516,0.9836377710847028,0.7575757575757575,0.12108087053343164,1.3655305133009015,1.3902554672854224
I,config_96_det2_b10_s5_h24_w1000,2,0.5000000000000001,2_10_5_24,10,0.36053302521035424,0.12690004457168264,0.5941660058490259,0.8424242424242423,0.07538020846027237,1.2389372352471397,1.523088633854616
