n,Det,BuildingSize,StreetWidth,Height,ChargeWeight,AreaDensity,Pi2,HoverS,ZP,ZI,ErrP,ErrI,box_strict,box_tol,InSafeDomain
1,1,15,5,4,50,0.5625,1.3572088082974534,0.8,8.96427389900329,16.350622687343954,6.64973678298921,8.711825888391356,False,True,True
2,1,15,5,4,500,0.5625,0.6299605249474366,0.8,9.115260511574448,15.579577136123193,2.4072883335602424,3.35067267476682,False,True,True
3,1,15,5,4,1500,0.5625,0.4367902323681495,0.8,9.2570238395236,14.994537484293689,1.4552458524257796,0.3615761237482168,False,False,False
4,1,15,5,12,50,0.5625,1.3572088082974534,2.4,8.979036869594134,19.620140959987733,4.700196483040812,1.7275247809805592,False,True,True
5,1,15,5,12,500,0.5625,0.6299605249474366,2.4,10.54304324220634,17.98439494050551,8.723377953329944,0.5766905344654099,False,True,True
6,1,15,5,12,1500,0.5625,0.4367902323681495,2.4,9.089213750968199,17.110247183462008,10.62568025757855,1.096056532399929,False,False,False
7,1,15,5,24,50,0.5625,1.3572088082974534,4.8,8.002067111513472,19.464212939208394,15.835585232511823,12.41755803871778,False,False,False
8,1,15,5,24,500,0.5625,0.6299605249474366,4.8,11.920219590706264,19.444069847440026,15.766795309227197,1.3352010031541546,False,False,False
9,1,15,5,24,1500,0.5625,0.4367902323681495,4.8,10.1088409095337,18.284115125073303,8.1340635216643,0.3774255993436666,False,False,False
10,1,15,20,4,50,0.1836734693877551,5.4288352331898135,0.2,8.119311372656792,14.618549878562796,4.72458393413643,25.522664958962203,False,False,False
11,1,15,20,4,500,0.1836734693877551,2.5198420997897464,0.2,10.454563090715562,11.901096081145354,16.017769140284294,5.570840937884051,False,False,False
12,1,15,20,4,1500,0.1836734693877551,1.747160929472598,0.2,9.738372766370949,10.751257734066552,6.94742692050442,3.3191358313590733,False,False,False
13,1,15,20,12,50,0.1836734693877551,5.4288352331898135,0.6,8.093205742930383,12.78133731921963,3.383143405531884,2.0484046390840795,False,False,False
14,1,15,20,12,500,0.1836734693877551,2.5198420997897464,0.6,8.561024840999597,12.941933804388343,2.92729831978442,0.2040864758278718,False,False,False
15,1,15,20,12,1500,0.1836734693877551,1.747160929472598,0.6,9.26189494093157,13.99832663456675,1.8775832204132847,9.242941729684384,False,False,False
16,1,15,20,24,50,0.1836734693877551,5.4288352331898135,1.2,8.073489268257964,11.695684596577856,2.439230916108646,29.79688551678603,False,False,False
17,1,15,20,24,500,0.1836734693877551,2.5198420997897464,1.2,7.785237810523379,11.60210497511054,13.64397548078346,26.71541070328133,False,False,False
18,1,15,20,24,1500,0.1836734693877551,1.747160929472598,1.2,8.132812402035666,14.163257778910257,12.24461533686972,0.8796792478888775,False,False,False
19,1,30,5,4,50,0.7346938775510204,1.3572088082974534,0.8,12.357191657842584,19.374391762988616,22.53316717446445,1.7205918212660134,False,False,False
20,1,30,5,4,500,0.7346938775510204,0.6299605249474366,0.8,9.666195952937276,16.68843250999253,5.37613083127944,4.409788029588677,False,False,False
21,1,30,5,4,1500,0.7346938775510204,0.4367902323681495,0.8,8.768309890041632,15.139035859148569,4.61786021423303,8.417362784713227,False,False,False
22,1,30,5,12,50,0.7346938775510204,1.3572088082974534,2.4,11.898878750801515,24.251322955809314,21.005771967765632,13.089000218810233,False,False,False
23,1,30,5,12,500,0.7346938775510204,0.6299605249474366,2.4,10.487574771008894,18.844825908077507,9.37642379202109,2.6897002715280047,False,False,False
24,1,30,5,12,1500,0.7346938775510204,0.4367902323681495,2.4,9.15501579447453,18.073975294345264,9.019253984204548,1.1323151748697042,False,False,False
25,1,30,5,24,50,0.7346938775510204,1.3572088082974534,4.8,10.502403070322073,29.209804929194107,11.698373321673612,24.930383100517144,False,False,False
26,1,30,5,24,500,0.7346938775510204,0.6299605249474366,4.8,12.553076616012753,21.908451093418368,21.511286757062265,6.817613702487443,False,False,False
27,1,30,5,24,1500,0.7346938775510204,0.4367902323681495,4.8,11.254861605529989,19.52897302638931,4.6362040428576,0.3517623806520016,False,False,False
28,1,30,20,4,50,0.36,5.4288352331898135,0.2,9.734451659507279,14.770168363629063,0.7330449751399978,5.741701289474834,False,True,True
29,1,30,20,4,500,0.36,2.5198420997897464,0.2,11.117984787564898,12.974279563624531,15.208640070670072,9.198370503663815,True,True,True
30,1,30,20,4,1500,0.36,1.747160929472598,0.2,10.473314876581238,12.33539541062745,10.531296311678371,13.196415801546706,True,True,True
31,1,30,20,12,50,0.36,5.4288352331898135,0.6,9.620148019352074,16.25356091341955,2.529963176860329,4.091175762791348,False,True,True
32,1,30,20,12,500,0.36,2.5198420997897464,0.6,8.966472567486848,14.89436920938402,6.031148547403197,5.449966612808092,True,True,True
33,1,30,20,12,1500,0.36,1.747160929472598,0.6,9.139569592981346,15.292038927231665,3.186061902731557,0.9741129615331336,True,True,True
34,1,30,20,24,50,0.36,5.4288352331898135,1.2,9.334081657671668,16.909805175790698,5.260377487761432,1.1553958847826198,False,True,True
35,1,30,20,24,500,0.36,2.5198420997897464,1.2,8.666892417316959,15.238441096306266,9.030702329522578,12.362805196808402,True,True,True
36,1,30,20,24,1500,0.36,1.747160929472598,1.2,9.13958676085287,15.76167559840477,2.6980124296591885,6.4485516726502805,True,True,True
37,2,15,5,4,50,0.5625,1.3572088082974534,0.8,10.147829733783677,16.656439031464725,3.853630827259489,10.70253711872596,False,True,True
38,2,15,5,4,500,0.5625,0.6299605249474366,0.8,9.794046147711857,14.881718459800249,0.8111872822848463,4.751531276931024,False,True,True
39,2,15,5,4,1500,0.5625,0.4367902323681495,0.8,9.7163829829908,14.4364744455055,3.838602089816759,1.6651355188411705,False,False,False
40,2,15,5,12,50,0.5625,1.3572088082974534,2.4,11.300743723989198,22.15742601134793,16.289127186304043,4.612262637457475,False,True,True
41,2,15,5,12,500,0.5625,0.6299605249474366,2.4,11.49350725623923,18.209261463384976,10.733821671564789,1.7186259977202385,False,True,True
42,2,15,5,12,1500,0.5625,0.4367902323681495,2.4,10.566072441094677,17.597600635805723,4.731249771713909,7.199803927346,False,False,False
43,2,15,5,24,50,0.5625,1.3572088082974534,4.8,8.092617834688424,24.709634176662753,15.56309170004434,6.503897612510813,False,False,False
44,2,15,5,24,500,0.5625,0.6299605249474366,4.8,13.00212313477773,19.457948831960906,15.71847995680049,0.9604223806958092,False,False,False
45,2,15,5,24,1500,0.5625,0.4367902323681495,4.8,11.774982284239046,19.025057806253766,5.242994340868039,5.518075309073712,False,False,False
46,2,15,20,4,50,0.1836734693877551,5.4288352331898135,0.2,7.929654713651018,15.264415602675408,10.087904308508888,15.611815944092328,False,False,False
47,2,15,20,4,500,0.1836734693877551,2.5198420997897464,0.2,11.135530754319017,12.840970518773041,11.942233320403052,8.98570118203198,False,False,False
48,2,15,20,4,1500,0.1836734693877551,1.747160929472598,0.2,9.917843254922344,12.139048975733504,1.817757854735891,9.424102776311775,False,False,False
49,2,15,20,12,50,0.1836734693877551,5.4288352331898135,0.6,7.5139393432254264,16.711540552840813,17.261132685019884,8.241334517623002,False,False,False
50,2,15,20,12,500,0.1836734693877551,2.5198420997897464,0.6,10.424010758499643,14.86655657409705,6.163811979855208,6.573800649347514,False,False,False
51,2,15,20,12,1500,0.1836734693877551,1.747160929472598,0.6,9.749785581432523,14.073974672254193,3.170210081145468,7.065743630136126,False,False,False
52,2,15,20,24,50,0.1836734693877551,5.4288352331898135,1.2,7.513169631566693,14.188702221102295,15.482213083894646,31.13220157547546,False,False,False
53,2,15,20,24,500,0.1836734693877551,2.5198420997897464,1.2,8.628964207155,13.188160097063466,13.662698093174178,23.00464604653557,False,False,False
54,2,15,20,24,1500,0.1836734693877551,1.747160929472598,1.2,8.329224310682239,13.989972483345825,21.81322733992914,7.986202757842899,False,False,False
55,2,30,5,4,50,0.7346938775510204,1.3572088082974534,0.8,9.405895947258893,19.810612865443908,1.4032062040978135,2.286545634379434,False,False,False
56,2,30,5,4,500,0.7346938775510204,0.6299605249474366,0.8,10.127045189897858,14.41094275415465,6.518278311843446,21.373813287510963,False,False,False
57,2,30,5,4,1500,0.7346938775510204,0.4367902323681495,0.8,9.047657961859457,13.44416515113302,6.755080085429437,20.210648929575903,False,False,False
58,2,30,5,12,50,0.7346938775510204,1.3572088082974534,2.4,14.695431923085769,25.821394166057075,38.46022210685848,12.574997645295609,False,False,False
59,2,30,5,12,500,0.7346938775510204,0.6299605249474366,2.4,12.255197705297649,18.562940239019124,20.711004297003385,4.58353428896308,False,False,False
60,2,30,5,12,1500,0.7346938775510204,0.4367902323681495,2.4,10.047225496295065,17.159150147698437,5.87624973270081,4.424257594357941,False,False,False
61,2,30,5,24,50,0.7346938775510204,1.3572088082974534,4.8,10.606611450589448,28.881117285791305,17.445503476632283,15.60256534910202,False,False,False
62,2,30,5,24,500,0.7346938775510204,0.6299605249474366,4.8,13.940667307410418,22.01773818221795,24.304860961597893,4.626950997846709,False,False,False
63,2,30,5,24,1500,0.7346938775510204,0.4367902323681495,4.8,12.346876127201403,19.627349176220424,0.2495200619450475,1.1983860696531183,False,False,False
64,2,30,20,4,50,0.36,5.4288352331898135,0.2,11.380136395966911,19.819294483057405,18.18813139445138,20.4289952487319,False,True,True
65,2,30,20,4,500,0.36,2.5198420997897464,0.2,10.74566735344447,14.134242942399192,8.789499660384234,3.6984045238683865,True,True,True
66,2,30,20,4,1500,0.36,1.747160929472598,0.2,10.651914589311012,12.669184154823121,6.683742557973151,9.754238412797427,True,True,True
67,2,30,20,12,50,0.36,5.4288352331898135,0.6,11.916852208789782,19.907199726338728,23.109623358164107,5.436686815496491,False,True,True
68,2,30,20,12,500,0.36,2.5198420997897464,0.6,10.559336547490473,17.749583576737088,8.019566367025723,3.698103829399672,True,True,True
69,2,30,20,12,1500,0.36,1.747160929472598,0.6,10.079047627195997,15.61206771754331,1.9374799844336887,3.2388802407555417,True,True,True
70,2,30,20,24,50,0.36,5.4288352331898135,1.2,11.91323813952279,17.226786546549373,23.661752560303288,28.26527394771466,False,True,True
71,2,30,20,24,500,0.36,2.5198420997897464,1.2,9.185921914336971,18.438716665545375,5.1207223657017655,4.373415986988848,True,True,True
72,2,30,20,24,1500,0.36,1.747160929472598,1.2,9.364009430746894,16.86944189772567,5.26300211513856,6.005609603933798,True,True,True
73,1,10,8,10,250,0.3086419753086419,1.2699208415745598,1.25,9.977781784069602,16.116664526169394,7.047510375905174,3.5656920251323707,False,True,True
74,1,10,8,10,1000,0.3086419753086419,0.8000000000000002,1.25,9.913405085318502,15.921576105852225,5.03493128908718,7.676713440783314,False,True,True
75,1,10,8,15,250,0.3086419753086419,1.2699208415745598,1.875,8.172487973059614,16.35815532462887,14.074404715248583,0.3554232385717096,False,True,True
76,1,10,8,15,1000,0.3086419753086419,0.8000000000000002,1.875,9.901131955161999,16.174767381978363,3.773206290199548,4.634579622127011,False,True,True
77,1,10,12,10,250,0.2066115702479339,1.9048812623618396,0.8333333333333334,9.474805522771225,14.327716427471982,4.55457434662868,4.708166668704147,False,False,False
78,1,10,12,10,1000,0.2066115702479339,1.2000000000000002,0.8333333333333334,9.632147653335805,14.579854146885165,3.7082618510030816,9.9829184452553,False,False,False
79,1,10,12,15,250,0.2066115702479339,1.9048812623618396,1.25,7.8303293690926505,14.424879412525549,16.086084152694923,0.5916356331183537,False,False,False
80,1,10,12,15,1000,0.2066115702479339,1.2000000000000002,1.25,9.064604277827975,14.981660084546336,3.117130590833236,7.903628556843604,False,False,False
81,2,10,8,10,250,0.3086419753086419,1.2699208415745598,1.25,11.20768868518921,15.498895430717706,10.127026716867135,3.4589795942028214,False,True,True
82,2,10,8,10,1000,0.3086419753086419,0.8000000000000002,1.25,9.92038839000295,15.795829548051955,4.496859313932954,7.960405322876932,False,True,True
83,2,10,8,15,250,0.3086419753086419,1.2699208415745598,1.875,8.326807761834703,16.198909147074623,22.249666190760685,4.782686794128019,False,True,True
84,2,10,8,15,1000,0.3086419753086419,0.8000000000000002,1.875,9.950765877721642,16.37402032692847,6.343329368974061,5.978926690686498,False,True,True
85,2,10,12,10,250,0.2066115702479339,1.9048812623618396,0.8333333333333334,9.964570209556461,14.500327224386252,0.0271649189871175,0.3440233122022518,False,False,False
86,2,10,12,10,1000,0.2066115702479339,1.2000000000000002,0.8333333333333334,10.43744243956819,13.534023802172722,1.2390927366139526,1.3674568668209313,False,False,False
87,2,10,12,15,250,0.2066115702479339,1.9048812623618396,1.25,8.004924628506997,14.555483818470044,25.570654254730584,6.1435689953575086,False,False,False
88,2,10,12,15,1000,0.2066115702479339,1.2000000000000002,1.25,9.891240376479345,14.288471081026596,5.738259889441139,0.7853812914023222,False,False,False
89,1,10,5,15,250,0.4444444444444444,0.7937005259840998,3.0,10.791226024958974,17.829446797178225,11.91079690090612,0.9184712497264176,True,True,True
90,1,10,5,15,1000,0.4444444444444444,0.5000000000000001,3.0,9.74524581064419,17.005422656382944,3.064880801103699,1.888500420478563,True,True,True
91,1,10,5,24,250,0.4444444444444444,0.7937005259840998,4.8,8.389297732760815,18.16092023924634,15.873591480190631,4.9863446935371005,False,False,False
92,1,10,5,24,1000,0.4444444444444444,0.5000000000000001,4.8,10.377644565920914,17.288756381597327,2.66827582275608,2.412555018149173,False,False,False
93,2,10,5,15,250,0.4444444444444444,0.7937005259840998,3.0,12.076348796730409,18.349530324388468,15.000530408646206,0.8305432501454395,True,True,True
94,2,10,5,15,1000,0.4444444444444444,0.5000000000000001,3.0,10.786622274079077,17.607037339907272,3.984285765371961,7.600075860977431,True,True,True
95,2,10,5,24,250,0.4444444444444444,0.7937005259840998,4.8,10.725375487507602,19.043352191868756,1.873977222494449,2.2711448907596488,False,False,False
96,2,10,5,24,1000,0.4444444444444444,0.5000000000000001,4.8,11.220740832728566,17.861348322254095,8.099646964142378,2.271441118394486,False,False,False
