item,source,key,subset,Z,inside_remap,maxZremap_sample,n_configs,est,se,p,scale,W_levels,ci95_lo,ci95_hi,ciA_lo,ciA_hi,orig_est,survives,same_sign_as_full,est_disp,ci95_lo_disp,ci95_hi_disp,ciA_lo_disp,ciA_hi_disp,orig_est_disp
3,round1 C1,rP_med_Z2 | rho,pooled,2,True,4.0716264248923615,80,0.6870100123600681,0.1854332552593955,0.0002114815923156393,fisher,,0.288540246921805,0.9888802314332392,0.2687612076030081,1.0036968131375428,0.459978122125409,yes,1.0,0.5960577452785562,0.28079070340025414,0.7568844472395091,0.26247176075876244,0.7631423566518927,0.4300663801632135
3,round1 C1,rP_med_Z2 | rho,det2,2,True,3.8387662073329696,42,1.2474906632029832,0.18363039470579653,1.0945525439361378e-11,fisher,,0.747922380858114,1.4752640571826399,0.7265575895446256,1.4831880090629437,0.9787988018312314,yes,1.0,0.8475784850820759,0.6339078383067923,0.9005768853316816,0.6209548002917377,0.9020635651182807,0.7525454455531877
3,round1 C1,rP_med_Z2 | rho,delta,2,True,4.0716264248923615,80,0.8151583826727136,0.253168363712657,0.0012826789059141462,fisher,,0.2620984683060368,1.2585497620293633,0.24205327471105068,1.2882156213814617,0.7845810280042966,yes,1.0,0.6724260556646712,0.2562572512100681,0.8506637999342165,0.237434213187358,0.8586584895895516,0.6553282398260813
3,round1 C1,rP_med_Z2 | s~,det2,2,True,3.8387662073329696,42,-0.609695684904764,0.16239515183579337,0.00017376007178196597,fisher,,-0.8562011288178396,-0.20615103651893346,-0.8727411505850147,-0.19105775237067318,-0.4229893050086021,yes,1.0,-0.5439128481667239,-0.6942952170784618,-0.20327948821695027,-0.7027641632620762,-0.18876647091482965,-0.39944576869101134
3,round1 C1,rP_med_Z2 | s~,delta,2,True,4.0716264248923615,80,-0.795390252096216,0.20055512371004855,7.310623674101866e-05,fisher,,-1.2594983891927578,-0.44849704636310544,-1.2942445262570854,-0.4365698480361255,-0.7145327892990769,yes,1.0,-0.6614517724031606,-0.850925761594471,-0.4206627925677691,-0.8602341407769908,-0.4107971664116176,-0.613511360671049
3,round1 C1,rP_med_Z2 | H/s,delta,2,True,4.0716264248923615,80,0.7638384658865917,0.2343289167532386,0.0011153599524956503,fisher,,0.3551885300321909,1.2734143929638824,0.34473005292453524,1.3115415585726526,0.7196742519060959,yes,1.0,0.6433323346363566,0.3409689418914329,0.8547203611387817,0.3316936276998882,0.8646649510426552,0.6167074864948704
3,round1 C1,rP_med_Z2 | b,pooled,2,True,4.0716264248923615,80,0.6015978570601541,0.1598286916993316,0.00016720574186568121,fisher,,0.2780930914800511,0.8908668308364226,0.26977679894596535,0.9056491846001764,0.4641670467859481,yes,1.0,0.5381855907287477,0.27113927642497004,0.7118216120397951,0.26341713423907753,0.7190374414423212,0.4334743740149223
3,round1 C1,rP_med_Z2 | b,det1,2,True,4.0716264248923615,38,1.126454345553844,0.17680887122067956,1.8776482651342515e-10,fisher,,0.7302372529060306,1.4103980921483583,0.7213364863852255,1.4223644543685552,0.6534623386920368,yes,1.0,0.8098022753601641,0.6232104769697164,0.8875786395180403,0.617736470680873,0.8900911458715235,0.5739961762157807
3,round1 C1,rP_med_Z2 | s,det2,2,True,3.8387662073329696,42,-0.9852416673003356,0.15104100382741237,6.891121315748467e-11,fisher,,-1.1537649527343916,-0.5396865370500044,-1.1689012242502201,-0.5085631845923636,-0.7619446370307353,yes,1.0,-0.7553260371963174,-0.8189974908895583,-0.4927506501971499,-0.8239196107098217,-0.4688249463875163,-0.6422209643033322
3,round1 C1,rP_med_Z2 | s,delta,2,True,4.0716264248923615,80,-0.9793427101170941,0.2509770762678963,9.535379715606012e-05,fisher,,-1.4731757055212573,-0.47978229605043954,-1.4969931084184138,-0.4592432927993763,-0.8622201573993398,yes,1.0,-0.7527812286377499,-0.900181524753725,-0.44606924148111643,-0.9046034071162556,-0.42946727350688046,-0.6973997864870582
3,round1 C1,rP_med_Z2 | det paired,pooled,2,True,4.0716264248923615,38,0.356558830452882,0.06504750471322786,4.217005139277875e-08,mean diff,,0.2284745061818233,0.481582023930053,0.2238522244983549,0.48640915077922087,0.4091967581209307,yes,1.0,0.356558830452882,0.2284745061818233,0.481582023930053,0.2238522244983549,0.48640915077922087,0.4091967581209307
3,round1 C1,rP_P5_Z2 | H/s,pooled,2,True,4.0716264248923615,80,-0.2587744196784944,0.17395088302687575,0.13684869818212692,fisher,,-0.6049849934359708,0.07506064472401285,-0.6172812977633141,0.09072507432491549,-0.4059286503354548,no,1.0,-0.25314884914823615,-0.5405872770526351,0.07491999528625093,-0.5492322748009597,0.09047697060842082,-0.38501028507397805
3,round1 C1,rP_P5_Z2 | H/s,det1,2,True,4.0716264248923615,38,-0.29636994562043695,0.216694953902786,0.1714114087482791,fisher,,-0.7109132463880659,0.11628113825334864,-0.7311216222950156,0.14583209006420797,-0.5106685732956665,no,1.0,-0.28798711347168754,-0.6112491863453254,0.1157598665421531,-0.6237510668971312,0.14480700575533245,-0.47046595513045747
3,round1 C1,rP_P5_Z2 | b,pooled,2,True,4.0716264248923615,80,0.8202825322939269,0.10553717833041106,7.698187447355449e-15,fisher,,0.5744208140808249,0.9860179198812616,0.5674479825392431,0.9981120250861122,0.6603804073745726,yes,1.0,0.6752236223749609,0.5185985440062271,0.7556592287305451,0.5134825999534918,0.7608001141483429,0.5786165168417754
3,round1 C1,rP_P5_Z2 | b,det1,2,True,4.0716264248923615,38,0.9514283106920074,0.18095567688748454,1.4579090354101326e-07,fisher,,0.5685958727755082,1.2811051212668614,0.5480228244394832,1.2904302973166182,0.6143703034411581,yes,1.0,0.7404289946028734,0.5143273341461272,0.8567790783478272,0.4990368926203578,0.859239192113507,0.5471961500194289
3,round1 C1,rP_P5_Z2 | b,det2,2,True,3.8387662073329696,42,1.0684955010364094,0.14890648291430592,7.198318297712512e-13,fisher,,0.7454708984582179,1.322708289592951,0.728344183503406,1.3320255395234566,0.9810952012255836,yes,1.0,0.7888937258846703,0.6324391781282557,0.8674558625198412,0.6220512930526568,0.8697435155627002,0.7535396175488911
3,round1 C1,rP_P5_Z2 | b,delta,2,True,4.0716264248923615,80,0.11706719034440205,0.1831003370390936,0.522588200011068,fisher,,-0.23560363790743308,0.47519632818096774,-0.25173084377064436,0.49088877148328247,0.3667248977844255,no,1.0,0.11653531454238894,-0.23133892510384269,0.44238827506537187,-0.2465449901987395,0.4549215545991293,0.3511236989510293
3,round1 C1,rP_P5_Z2 | det paired,pooled,2,True,4.0716264248923615,38,0.6804590654149351,0.06678438765900917,2.2227790026066858e-24,mean diff,,0.5576556391218865,0.8152131271850138,0.5546403462141728,0.8211424796026022,0.7259983913547936,yes,1.0,0.6804590654149351,0.5576556391218865,0.8152131271850138,0.5546403462141728,0.8211424796026022,0.7259983913547936
3,round1 C1,rP_P95_Z2 | rho,pooled,2,True,4.0716264248923615,80,0.9903750517712495,0.08392236928243792,3.853088908984096e-32,fisher,,0.7553769693786343,1.0752873360065136,0.7456801482037628,1.0805239145460082,0.8179338589278718,yes,1.0,0.757522201737384,0.6383458273090639,0.7914449311971522,0.6325647156889274,0.7933933023116105,0.6739437450921822
3,round1 C1,rP_P95_Z2 | rho,det1,2,True,4.0716264248923615,38,1.6769580247812164,0.1926255456940893,3.1536343203489983e-18,fisher,,1.1245510205550906,1.8941262854439012,1.1105981388551904,1.9057943451313721,0.8869549825615322,yes,1.0,0.9324656761987297,0.80914610172686,0.9557317754376277,0.8042737220602595,0.9567307727087043,0.7098864796168946
3,round1 C1,rP_P95_Z2 | rho,det2,2,True,3.8387662073329696,42,0.622628574549405,0.07602269694085542,2.6114948613697936e-16,fisher,,0.44549690267151426,0.7423216487490742,0.4405134387779663,0.7496588158137171,0.6865422625291323,yes,1.0,0.552955542629664,0.4181904330379392,0.6305457983555157,0.41406994029959365,0.6349453626331752,0.5957560957897954
3,round1 C1,rP_P95_Z2 | s~,pooled,2,True,4.0716264248923615,80,-1.1543667979797256,0.19316217305997646,2.2846772965106457e-09,fisher,,-1.4421065241396738,-0.7022898024506512,-1.4507584918146665,-0.6761894290649826,-1.177318967512251,yes,1.0,-0.8191955466422968,-0.8941209822794358,-0.6058191942579021,-0.8958427518205974,-0.5890365405542258,-0.8266043399950549
3,round1 C1,rP_P95_Z2 | s~,det1,2,True,4.0716264248923615,38,-1.262485784880013,0.30307731591316905,3.105935309157793e-05,fisher,,-1.8327258773570192,-0.6652860551629992,-1.8793104612129283,-0.6469911464059851,-1.0787341201286869,yes,1.0,-0.8517479672544181,-0.9500920601143661,-0.5818705055931828,-0.9544307417983406,-0.5696409416104128,-0.7927291927003507
3,round1 C1,rP_P95_Z2 | s~,det2,2,True,3.8387662073329696,42,-1.193278294176797,0.15782009888599677,3.999719854518993e-14,fisher,,-1.49122712660839,-0.8580364550249622,-1.5041863836058385,-0.8291000625849543,-1.409051413706222,yes,1.0,-0.8315928300443379,-0.9035502891369214,-0.6952446210550678,-0.905901900759409,-0.6799924865832387,-0.8872925269396785
3,round1 C1,rP_P95_Z2 | H/s,pooled,2,True,4.0716264248923615,80,0.5032496349774067,0.19607242567171093,0.01026856825370443,fisher,,0.08283634398939883,0.8610160351061809,0.06744613603700249,0.8697143930880626,0.5128118546309931,yes,1.0,0.4646689842290449,0.08264739213495619,0.6967807893871525,0.06734405138234617,0.7012289923285011,0.4721331627344407
3,round1 C1,rP_P95_Z2 | H/s,det2,2,True,3.8387662073329696,42,0.4601632775352103,0.1437694065553648,0.0013709240859857922,fisher,,0.14973733452857238,0.719618570347041,0.1314429664017016,0.7296709748184804,0.5710627446419984,yes,1.0,0.430217277749405,0.14862818055374433,0.6166729810138505,0.13069117041570325,0.622864014130643,0.5161393352617804
3,round1 C1,rP_P95_Z2 | W,pooled,2,True,4.0716264248923615,80,0.2365646417788685,0.13426176949270327,0.0780750814013097,fisher,,0.03372412931393003,0.5413133382089114,0.027266499643817214,0.5571615492672076,0.4452038006931517,yes,1.0,0.2322482958109933,0.03371135012011628,0.4939814711027514,0.027259744450556823,0.5058683837275783,0.41794856004266256
3,round1 C1,rP_P95_Z2 | W,det1,2,True,4.0716264248923615,38,0.22912065830786557,0.14570455435894267,0.11583424699925668,fisher,,-0.008719999642058232,0.55790937605967,-0.013203986059662396,0.577250296261386,0.3830108487277321,no,1.0,0.22519376944911507,-0.008719778630524925,0.5064246290013866,-0.013203218762431416,0.5206640163438395,0.3653193587344847
3,round1 C1,rP_P95_Z2 | W,det2,2,True,3.8387662073329696,42,0.4123914376109136,0.12709178069849164,0.0011752006233503043,fisher,,0.1911967116116756,0.688052609368622,0.18127288516013465,0.7024777165721554,0.6481388097278229,yes,1.0,0.39050133502583284,0.18890047513578664,0.5967295056726465,0.17931310654557972,0.6059381271808331,0.5704156919022968
3,round1 C1,rP_P95_Z2 | s,pooled,2,True,4.0716264248923615,80,-0.9463663024475291,0.09413868514772336,8.920762661613195e-24,fisher,,-1.0519050420237868,-0.6795637680729848,-1.0558659953093918,-0.6657620272051231,-0.8927307156847057,yes,1.0,-0.7381335731684512,-0.7825458952545573,-0.5912357257800219,-0.7840764952844633,-0.5821852390268235,-0.712739865700938
3,round1 C1,rP_P95_Z2 | s,det1,2,True,4.0716264248923615,38,-1.1459447654920096,0.17482387697101479,5.56968187909801e-11,fisher,,-1.354637176525636,-0.6704090338132362,-1.3750078893383773,-0.6469231730327397,-0.8437684472630917,yes,1.0,-0.8164062044976558,-0.8751433784999075,-0.585248880344718,-0.879828481880431,-0.5695950231936814,-0.6877999256720447
3,round1 C1,rP_P95_Z2 | s,det2,2,True,3.8387662073329696,42,-0.7177739540512831,0.08778795243446932,2.9287756187949126e-16,fisher,,-0.875867161102865,-0.5241596528046604,-0.8864678285177809,-0.5094332456739348,-0.8775946418659123,yes,1.0,-0.6155285451428525,-0.7043428343738256,-0.4809040582961454,-0.7096447378231513,-0.46950349384611084,-0.7052122552315158
3,round1 C1,rI_med_Z2 | rho,pooled,2,True,4.0716264248923615,80,0.8135911934934382,0.15189747366669534,8.499679022913865e-08,fisher,,0.4447291750067215,1.047885735154457,0.4365412825363727,1.057403269723759,0.7128119770940312,yes,1.0,0.6715665766987441,0.4175567647545464,0.7809830165073206,0.41077342118448573,0.784667976956738,0.6124371225696569
3,round1 C1,rI_med_Z2 | rho,det1,2,True,4.0716264248923615,38,0.7629883267670702,0.17848821886667196,1.9137203185079547e-05,fisher,,0.3845512508412196,1.0898612760790403,0.3710851697098296,1.1144370492873084,0.6026449461395439,yes,1.0,0.6428337755611954,0.3666534297138991,0.7968275064259775,0.35494053457275876,0.805625229934626,0.5389289778301516
3,round1 C1,rI_med_Z2 | rho,det2,2,True,3.8387662073329696,42,0.8446129559653258,0.17923835485028933,2.4501655968233325e-06,fisher,,0.43309367501834034,1.120460948268553,0.4089479197795591,1.1338983111575884,0.8386885606144816,yes,1.0,0.6882446652744193,0.4079034920622699,0.807729189669265,0.3875790055792046,0.8123492387489742,0.6851138125602131
3,round1 C1,rI_med_Z2 | s~,pooled,2,True,4.0716264248923615,80,-0.37837686313105123,0.13918299487196165,0.0065567417131762945,fisher,,-0.6366127916824375,-0.08508130435115775,-0.6454606083879562,-0.08099058413687647,-0.6352113786056776,yes,1.0,-0.36129703613463127,-0.5625888290952402,-0.08487660073712916,-0.5686061477174913,-0.0808139623112624,-0.5616302167719556
3,round1 C1,rI_med_Z2 | s~,det1,2,True,4.0716264248923615,38,-0.23641742549317496,0.18125426628515343,0.1921172393625158,fisher,,-0.5807411287167077,0.1306363536209527,-0.6026222685641245,0.140384545290613,-0.5233610836288201,no,1.0,-0.2321090155033263,-0.5232038888112446,0.12989825131275043,-0.5389128866338393,0.13946953329532913,-0.4802899374726283
3,round1 C1,rI_med_Z2 | s~,det2,2,True,3.8387662073329696,42,-0.5210116527994321,0.1889043193438946,0.005814344729771667,fisher,,-0.9262769655516223,-0.18071992435353615,-0.9395349998543239,-0.1678145461190368,-0.7769633712124605,yes,1.0,-0.4784804311123057,-0.7288533699829698,-0.17877787217735186,-0.7350085363682091,-0.16625677603828565,-0.650960304074453
3,round1 C1,rI_med_Z2 | H/s,pooled,2,True,4.0716264248923615,80,0.30996210369976185,0.1938462608901407,0.1098183874421502,fisher,,-0.07985695030810382,0.6774618239403227,-0.1057405149715348,0.6912684884366286,0.4045007440377096,no,1.0,0.30040262106778715,-0.07968762942296026,0.5898668374105276,-0.10534817270759117,0.5987962816074877,0.3837933733150234
3,round1 C1,rI_med_Z2 | H/s,det2,2,True,3.8387662073329696,42,0.38687462704603104,0.20993885723554256,0.06535870318071005,fisher,,-0.04613618453447608,0.7757987168221112,-0.06297593233207903,0.7953410353735021,0.5176485022541216,no,1.0,0.3686627481471327,-0.04610347802735909,0.6502886622897524,-0.06289281068080027,0.6614240880033163,0.47588308223546194
3,round1 C1,rI_med_Z2 | s,pooled,2,True,4.0716264248923615,80,-0.6066358806005596,0.1363424392337246,8.612865141908808e-06,fisher,,-0.8577001083840672,-0.31910245206571464,-0.8676753605752612,-0.30429594297631357,-0.6936809625606146,yes,1.0,-0.5417546749570732,-0.6950708119986909,-0.3086951281687881,-0.7001911146152362,-0.295239050711105,-0.6003415110725154
3,round1 C1,rI_med_Z2 | s,det1,2,True,4.0716264248923615,38,-0.48075855279914764,0.1742634231612763,0.005801339579208817,fisher,,-0.8308970602712588,-0.14439975160778099,-0.8539517671535473,-0.12905362432513592,-0.5507616762700097,yes,1.0,-0.446850904195453,-0.680957390803023,-0.14340441214624522,-0.6931283304827719,-0.12834190961326303,-0.5010908542949828
3,round1 C1,rI_med_Z2 | s,det2,2,True,3.8387662073329696,42,-0.6784746482882632,0.1469268046024428,3.8788000003973305e-06,fisher,,-0.9447652777067262,-0.37451236405315946,-0.9551985317868879,-0.3659229803523011,-0.8373112680983931,yes,1.0,-0.5905268621866835,-0.7374039910486001,-0.3579323103748482,-0.7421274986143003,-0.35042045033203983,-0.6843823051052438
3,round1 C1,rI_med_Z2 | det paired,pooled,2,True,4.0716264248923615,38,0.18089642106856232,0.04125932229746824,1.163182161170437e-05,mean diff,,0.10842986924408492,0.26940903798445964,0.10523871567027542,0.27593380036777476,0.180935295596482,yes,1.0,0.18089642106856232,0.10842986924408492,0.26940903798445964,0.10523871567027542,0.27593380036777476,0.180935295596482
3,round1 C1,rI_P5_Z2 | b,pooled,2,True,4.0716264248923615,80,0.5945210375726706,0.12547723767645624,2.1575393801038113e-06,fisher,,0.3154507656570243,0.8086485193189252,0.3012494026438742,0.8237379760611657,0.421036545000866,yes,1.0,0.5331393927114292,0.3053877071374707,0.6688440419824088,0.29245557039779535,0.6770992525580652,0.39780330599089275
3,round1 C1,rI_P5_Z2 | b,det2,2,True,3.8387662073329696,42,0.8149820041333357,0.19227641575770707,2.249222218820468e-05,fisher,,0.39755197511004436,1.1772354600128196,0.3798911891711237,1.1850928337605078,0.6612020898066354,yes,1.0,0.6723294164207468,0.37785239132619153,0.8265778892343869,0.36261296781430974,0.8290507501469732,0.5791628425326786
3,round1 C1,rI_P5_Z2 | b,delta,2,True,4.0716264248923615,80,0.5476840488891854,0.14817602167246455,0.00021887479508080093,fisher,,0.28700186808684996,0.8827607175349588,0.2793436705802872,0.9074541891976443,0.4791457356603513,yes,1.0,0.49878244198657096,0.27937300433812656,0.7077996663838291,0.27229752397407386,0.7199081009278723,0.44555919769872376
3,round1 C1,rI_P95_Z2 | rho,pooled,2,True,4.0716264248923615,80,1.0685074112897395,0.10746546207975385,2.711025517532621e-23,fisher,,0.7750951802918109,1.1973471622634926,0.7588008505935104,1.204371560929271,0.8438863926205546,yes,1.0,0.7888982237101473,0.6498824482352797,0.8328436468790089,0.6403700947437296,0.8349831702684335,0.6878620697265403
3,round1 C1,rI_P95_Z2 | rho,det1,2,True,4.0716264248923615,38,1.4551787388268576,0.17942205217188534,5.046698954837553e-16,fisher,,0.9667295966225237,1.675929903384325,0.9485992862683835,1.6880110770988634,0.8019168162028232,yes,1.0,0.896712150924926,0.7472636122764338,0.9323313696646971,0.7391482613312219,0.9338934120949333,0.6651070127172846
3,round1 C1,rI_P95_Z2 | rho,det2,2,True,3.8387662073329696,42,0.8954991937581964,0.12247694670515798,2.6403209891439637e-13,fisher,,0.6019646452650184,1.0963508654459024,0.5874495151257485,1.1074051853444953,0.9055382633683952,yes,1.0,0.7140992762601229,0.5384460895956188,0.7991844135213555,0.5280587932010113,0.8031432511708428,0.7189838638607439
3,round1 C1,rI_P95_Z2 | s~,pooled,2,True,4.0716264248923615,80,-0.9926879988967693,0.17761602453166925,2.284399105036491e-08,fisher,,-1.2355185815209864,-0.5472997598611705,-1.2497219451026167,-0.515987516226235,-1.1537559107428466,yes,1.0,-0.7585061617880818,-0.8441726211085951,-0.4984937025606789,-0.8482056508374337,-0.474597235727521,-0.8189945138540963
3,round1 C1,rI_P95_Z2 | s~,det1,2,True,4.0716264248923615,38,-1.1431451728950033,0.23704004868308826,1.417114390486244e-06,fisher,,-1.6086006194830156,-0.6474011653843557,-1.6250436589184445,-0.6318496446867504,-1.1968524600207442,yes,1.0,-0.8154704575097853,-0.9229529673982992,-0.5699178485106204,-0.9253525003450732,-0.559324524962989,-0.8326920217720718
3,round1 C1,rI_P95_Z2 | s~,det2,2,True,3.8387662073329696,42,-0.8869933698428203,0.2123200298612635,2.9456936382907564e-05,fisher,,-1.1982368123753389,-0.364188250176291,-1.2161966944941205,-0.34216438949175354,-1.1150715317208084,yes,1.0,-0.7099055215382665,-0.8331160084072786,-0.3488978114048651,-0.838528684519577,-0.32940830042663266,-0.8058477991610474
3,round1 C1,rI_P95_Z2 | H/s,pooled,2,True,4.0716264248923615,80,0.6085279024143242,0.2048909109734832,0.0029779077467430803,fisher,,0.15264054318125708,0.9602956572540878,0.12406693931168628,0.9697249679523811,0.6026984648348666,yes,1.0,0.5430900215714156,0.15146602385315708,0.7444087168375592,0.12343426329137547,0.7485834014768958,0.5389669512225191
3,round1 C1,rI_P95_Z2 | H/s,det1,2,True,4.0716264248923615,38,0.6278704652243715,0.24773478087842785,0.011262523125494486,fisher,,0.10930953054871735,1.111394967689753,0.08217780355027385,1.128327883483056,0.5130613480783139,yes,1.0,0.5565841228993745,0.10887623700796577,0.8045549369256478,0.08199331441180208,0.8104462073769994,0.47232701882730854
3,round1 C1,rI_P95_Z2 | H/s,det2,2,True,3.8387662073329696,42,0.6872761390304077,0.20086212436803702,0.0006224665327058868,fisher,,0.25686180189307045,1.042641751745704,0.22472182572713326,1.0584482474171149,0.7601018645951012,yes,1.0,0.5962292939622676,0.25135793527542244,0.7789291265491607,0.2210138979167703,0.7850692287211228,0.6411369575845965
3,round1 C1,rI_P95_Z2 | W,pooled,2,True,4.0716264248923615,80,0.043009084310181606,0.14947500960674392,0.7735501473028957,fisher,,-0.22092595057647388,0.35569366778081524,-0.2248813147955729,0.3683579868356254,0.3768609824187295,no,1.0,0.04298258478356911,-0.21740042628767672,0.34141527550385764,-0.22116559105150232,0.3525546261720072,0.3599783105084948
3,round1 C1,rI_P95_Z2 | W,det1,2,True,4.0716264248923615,38,0.12526588591862622,0.1499955958280319,0.40364427698313643,fisher,,-0.11426408838984915,0.44763173180705795,-0.12960048886861647,0.4611462050642597,0.479178044361968,no,1.0,0.12461476745725804,-0.11376938378092519,0.41995034248171575,-0.12887972859691993,0.43101793942762534,0.44558509200724394
3,round1 C1,rI_P95_Z2 | W,det2,2,True,3.8387662073329696,42,-0.08429684031901735,0.19135519052287592,0.6595565500868634,fisher,,-0.46334549785508905,0.28583358114732466,-0.4724649187890897,0.30407808874776665,0.2415765833350341,no,0.0,-0.08409773631409515,-0.4328069566244257,0.2782955501701426,-0.44018877037814436,0.295040173196918,0.23698434440697821
3,round1 C1,rI_P95_Z2 | s,pooled,2,True,4.0716264248923615,80,-1.0251579267826207,0.10815908656889255,2.5860457710335627e-21,fisher,,-1.1539938510737373,-0.7136955950053077,-1.1590632709134625,-0.6957809581624396,-0.9710796605686994,yes,1.0,-0.771959060150179,-0.8190728399638659,-0.6129890149500086,-0.8207343725248879,-0.6016829542578296,-0.7491783516581731
3,round1 C1,rI_P95_Z2 | s,det1,2,True,4.0716264248923615,38,-1.1499346750657022,0.1630517638731344,1.7563760506278173e-12,fisher,,-1.3956410927541105,-0.7453323764050896,-1.4222876794317274,-0.7252201725955351,-0.8780473713045129,yes,1.0,-0.8177324360831257,-0.8844058155477359,-0.6323560547492766,-0.8900751957287851,-0.6201323885726628,-0.7054397586570478
3,round1 C1,rI_P95_Z2 | s,det2,2,True,3.8387662073329696,42,-1.0182164740667954,0.12242486614035948,9.016268802589657e-17,fisher,,-1.2024141064657714,-0.7034389075579424,-1.2075677418500905,-0.6923158403914297,-1.1349206432822847,yes,1.0,-0.7691390978997623,-0.8343894773802237,-0.6065460520534584,-0.8359484045138552,-0.5994676768898337,-0.8126966337375104
3,round1 C1,rP_med_Z5 | rho,pooled,5,False,4.0716264248923615,96,,,,fisher,,,,,,0.8559987487988588,outside zone (unchanged),0.0,,,,,,0.6941903787778881
3,round1 C1,rP_med_Z5 | rho,det1,5,False,4.0716264248923615,48,,,,fisher,,,,,,0.9010829975615646,outside zone (unchanged),0.0,,,,,,0.716824791549196
3,round1 C1,rP_med_Z5 | rho,det2,5,False,3.8387662073329696,48,,,,fisher,,,,,,0.9609391187561188,outside zone (unchanged),0.0,,,,,,0.7446954703976508
3,round1 C1,rP_med_Z5 | s~,pooled,5,False,4.0716264248923615,96,,,,fisher,,,,,,-0.4397972087532081,outside zone (unchanged),0.0,,,,,,-0.41347633477326434
3,round1 C1,rP_med_Z5 | s~,det1,5,False,4.0716264248923615,48,,,,fisher,,,,,,-0.4591389316515427,outside zone (unchanged),0.0,,,,,,-0.42938215713780226
3,round1 C1,rP_med_Z5 | s~,det2,5,False,3.8387662073329696,48,,,,fisher,,,,,,-0.456057585697113,outside zone (unchanged),0.0,,,,,,-0.4268655943326425
3,round1 C1,rP_med_Z5 | b,pooled,5,False,4.0716264248923615,96,,,,fisher,,,,,,0.4750007864177953,outside zone (unchanged),0.0,,,,,,0.44223098866539157
3,round1 C1,rP_med_Z5 | b,det2,5,False,3.8387662073329696,48,,,,fisher,,,,,,0.4959386710594159,outside zone (unchanged),0.0,,,,,,0.45891714610367
3,round1 C1,rP_med_Z5 | s,pooled,5,False,4.0716264248923615,96,,,,fisher,,,,,,-0.5869803823153595,outside zone (unchanged),0.0,,,,,,-0.5277203924329601
3,round1 C1,rP_med_Z5 | s,det1,5,False,4.0716264248923615,48,,,,fisher,,,,,,-0.6044012631176231,outside zone (unchanged),0.0,,,,,,-0.540174002567985
3,round1 C1,rP_med_Z5 | s,det2,5,False,3.8387662073329696,48,,,,fisher,,,,,,-0.6396825471704278,outside zone (unchanged),0.0,,,,,,-0.5646833641051623
3,round1 C1,rP_med_Z5 | det (paired det2-det1),pooled,5,False,4.0716264248923615,96,,,,fisher,,,,,,0.2137265811906249,outside zone (unchanged),0.0,,,,,,0.21053068684653486
3,round1 C1,rP_P5_Z5 | rho,pooled,5,False,4.0716264248923615,96,,,,fisher,,,,,,0.4698734232592943,outside zone (unchanged),0.0,,,,,,0.4380970375132559
3,round1 C1,rP_P5_Z5 | rho,det2,5,False,3.8387662073329696,48,,,,fisher,,,,,,0.630781971335871,outside zone (unchanged),0.0,,,,,,0.5585904286272954
3,round1 C1,rP_P5_Z5 | W,delta,5,False,4.0716264248923615,96,,,,fisher,,,,,,-0.3577474923794255,outside zone (unchanged),0.0,,,,,,-0.34322842334872095
3,round1 C1,rP_P5_Z5 | det (paired det2-det1),pooled,5,False,4.0716264248923615,96,,,,fisher,,,,,,0.2633445588858927,outside zone (unchanged),0.0,,,,,,0.2574211415337937
3,round1 C1,rP_P95_Z5 | rho,pooled,5,False,4.0716264248923615,96,,,,fisher,,,,,,1.298080321286961,outside zone (unchanged),0.0,,,,,,0.8612281520369456
3,round1 C1,rP_P95_Z5 | rho,det1,5,False,4.0716264248923615,48,,,,fisher,,,,,,1.5917645723849283,outside zone (unchanged),0.0,,,,,,0.9204194466626322
3,round1 C1,rP_P95_Z5 | rho,det2,5,False,3.8387662073329696,48,,,,fisher,,,,,,1.136968700099564,outside zone (unchanged),0.0,,,,,,0.8133908421071154
3,round1 C1,rP_P95_Z5 | s~,pooled,5,False,4.0716264248923615,96,,,,fisher,,,,,,-0.7625773578857844,outside zone (unchanged),0.0,,,,,,-0.6425925698043679
3,round1 C1,rP_P95_Z5 | s~,det1,5,False,4.0716264248923615,48,,,,fisher,,,,,,-0.8898554832130587,outside zone (unchanged),0.0,,,,,,-0.711322344899422
3,round1 C1,rP_P95_Z5 | s~,det2,5,False,3.8387662073329696,48,,,,fisher,,,,,,-0.6796818569854328,outside zone (unchanged),0.0,,,,,,-0.5913125302068991
3,round1 C1,rP_P95_Z5 | H/s,pooled,5,False,4.0716264248923615,96,,,,fisher,,,,,,0.6005618404450527,outside zone (unchanged),0.0,,,,,,0.5374492395271454
3,round1 C1,rP_P95_Z5 | H/s,det1,5,False,4.0716264248923615,48,,,,fisher,,,,,,0.7077839914401204,outside zone (unchanged),0.0,,,,,,0.6092853511295039
3,round1 C1,rP_P95_Z5 | s,pooled,5,False,4.0716264248923615,96,,,,fisher,,,,,,-1.0511518444994263,outside zone (unchanged),0.0,,,,,,-0.7822537672542554
3,round1 C1,rP_P95_Z5 | s,det1,5,False,4.0716264248923615,48,,,,fisher,,,,,,-1.1931352405300415,outside zone (unchanged),0.0,,,,,,-0.8315486994160342
3,round1 C1,rP_P95_Z5 | s,det2,5,False,3.8387662073329696,48,,,,fisher,,,,,,-0.9461686390097068,outside zone (unchanged),0.0,,,,,,-0.7380435917824276
3,round1 C1,rP_P95_Z5 | det (paired det2-det1),pooled,5,False,4.0716264248923615,96,,,,fisher,,,,,,0.0738541985949207,outside zone (unchanged),0.0,,,,,,0.07372021308360976
3,round1 C1,rI_med_Z5 | rho,pooled,5,False,4.0716264248923615,96,,,,fisher,,,,,,0.9339559767390516,outside zone (unchanged),0.0,,,,,,0.7324329763279807
3,round1 C1,rI_med_Z5 | rho,det1,5,False,4.0716264248923615,48,,,,fisher,,,,,,1.0525742322789804,outside zone (unchanged),0.0,,,,,,0.7828051522629803
3,round1 C1,rI_med_Z5 | rho,det2,5,False,3.8387662073329696,48,,,,fisher,,,,,,0.8454012044227298,outside zone (unchanged),0.0,,,,,,0.6886593106013496
3,round1 C1,rI_med_Z5 | s~,pooled,5,False,4.0716264248923615,96,,,,fisher,,,,,,-0.5337624143541643,outside zone (unchanged),0.0,,,,,,-0.48825184356185675
3,round1 C1,rI_med_Z5 | s~,det1,5,False,4.0716264248923615,48,,,,fisher,,,,,,-0.5874878080393185,outside zone (unchanged),0.0,,,,,,-0.5280864077269888
3,round1 C1,rI_med_Z5 | s~,det2,5,False,3.8387662073329696,48,,,,fisher,,,,,,-0.4775080625359574,outside zone (unchanged),0.0,,,,,,-0.44424568308229956
3,round1 C1,rI_med_Z5 | H/s,pooled,5,False,4.0716264248923615,96,,,,fisher,,,,,,0.5541941577370043,outside zone (unchanged),0.0,,,,,,0.5036570430889276
3,round1 C1,rI_med_Z5 | H/s,det1,5,False,4.0716264248923615,48,,,,fisher,,,,,,0.5265602742311911,outside zone (unchanged),0.0,,,,,,0.482747359519948
3,round1 C1,rI_med_Z5 | H/s,det2,5,False,3.8387662073329696,48,,,,fisher,,,,,,0.6187496548121313,outside zone (unchanged),0.0,,,,,,0.5502568659637767
3,round1 C1,rI_med_Z5 | s,pooled,5,False,4.0716264248923615,96,,,,fisher,,,,,,-0.7287753575177521,outside zone (unchanged),0.0,,,,,,-0.6223155543313946
3,round1 C1,rI_med_Z5 | s,det1,5,False,4.0716264248923615,48,,,,fisher,,,,,,-0.8870435955228965,outside zone (unchanged),0.0,,,,,,-0.7099304343025181
3,round1 C1,rI_med_Z5 | s,det2,5,False,3.8387662073329696,48,,,,fisher,,,,,,-0.6122691212017215,outside zone (unchanged),0.0,,,,,,-0.5457224191199699
3,round1 C1,rI_med_Z5 | det (paired det2-det1),pooled,5,False,4.0716264248923615,96,,,,fisher,,,,,,0.0888278076956896,outside zone (unchanged),0.0,,,,,,0.08859491434624853
3,round1 C1,rI_P5_Z5 | rho,pooled,5,False,4.0716264248923615,96,,,,fisher,,,,,,0.694873670408643,outside zone (unchanged),0.0,,,,,,0.6011038089774375
3,round1 C1,rI_P5_Z5 | rho,det1,5,False,4.0716264248923615,48,,,,fisher,,,,,,0.8790481929249452,outside zone (unchanged),0.0,,,,,,0.7059421712681004
3,round1 C1,rI_P5_Z5 | rho,det2,5,False,3.8387662073329696,48,,,,fisher,,,,,,0.5594229955166452,outside zone (unchanged),0.0,,,,,,0.5075491937985617
3,round1 C1,rI_P5_Z5 | s~,pooled,5,False,4.0716264248923615,96,,,,fisher,,,,,,-0.5031941235300019,outside zone (unchanged),0.0,,,,,,-0.4646254575388324
3,round1 C1,rI_P5_Z5 | s~,det1,5,False,4.0716264248923615,48,,,,fisher,,,,,,-0.907725395045975,outside zone (unchanged),0.0,,,,,,-0.7200387240455832
3,round1 C1,rI_P5_Z5 | s~,delta,5,False,4.0716264248923615,96,,,,fisher,,,,,,0.678567105311732,outside zone (unchanged),0.0,,,,,,0.5905870741266844
3,round1 C1,rI_P5_Z5 | H/s,pooled,5,False,4.0716264248923615,96,,,,fisher,,,,,,0.52265760020543,outside zone (unchanged),0.0,,,,,,0.47974854966403896
3,round1 C1,rI_P5_Z5 | H/s,det1,5,False,4.0716264248923615,48,,,,fisher,,,,,,0.6433313172246128,outside zone (unchanged),0.0,,,,,,0.5671635395382018
3,round1 C1,rI_P5_Z5 | s,pooled,5,False,4.0716264248923615,96,,,,fisher,,,,,,-0.6519894079569275,outside zone (unchanged),0.0,,,,,,-0.5730076993423788
3,round1 C1,rI_P5_Z5 | s,det1,5,False,4.0716264248923615,48,,,,fisher,,,,,,-1.0939803341510073,outside zone (unchanged),0.0,,,,,,-0.7983263063652932
3,round1 C1,rI_P5_Z5 | s,delta,5,False,4.0716264248923615,96,,,,fisher,,,,,,0.7109835716860538,outside zone (unchanged),0.0,,,,,,0.6112932344203859
3,round1 C1,rI_P95_Z5 | rho,pooled,5,False,4.0716264248923615,96,,,,fisher,,,,,,0.9827141472154768,outside zone (unchanged),0.0,,,,,,0.7542384373327157
3,round1 C1,rI_P95_Z5 | rho,det1,5,False,4.0716264248923615,48,,,,fisher,,,,,,1.0786336798954246,outside zone (unchanged),0.0,,,,,,0.7926918681038531
3,round1 C1,rI_P95_Z5 | rho,det2,5,False,3.8387662073329696,48,,,,fisher,,,,,,0.8824630920437218,outside zone (unchanged),0.0,,,,,,0.7076511141311228
3,round1 C1,rI_P95_Z5 | s~,pooled,5,False,4.0716264248923615,96,,,,fisher,,,,,,-0.4266164866695297,outside zone (unchanged),0.0,,,,,,-0.4024897847004263
3,round1 C1,rI_P95_Z5 | s~,det1,5,False,4.0716264248923615,48,,,,fisher,,,,,,-0.5041741205386746,outside zone (unchanged),0.0,,,,,,-0.4653935459330112
3,round1 C1,rI_P95_Z5 | s~,det2,5,False,3.8387662073329696,48,,,,fisher,,,,,,-0.3635802942376013,outside zone (unchanged),0.0,,,,,,-0.34836374853307167
3,round1 C1,rI_P95_Z5 | H/s,pooled,5,False,4.0716264248923615,96,,,,fisher,,,,,,0.5729399943320674,outside zone (unchanged),0.0,,,,,,0.5175151513095493
3,round1 C1,rI_P95_Z5 | H/s,det1,5,False,4.0716264248923615,48,,,,fisher,,,,,,0.6931047530783022,outside zone (unchanged),0.0,,,,,,0.599972845720512
3,round1 C1,rI_P95_Z5 | s,pooled,5,False,4.0716264248923615,96,,,,fisher,,,,,,-0.6783909859286145,outside zone (unchanged),0.0,,,,,,-0.59047237203837
3,round1 C1,rI_P95_Z5 | s,det1,5,False,4.0716264248923615,48,,,,fisher,,,,,,-0.736311697160837,outside zone (unchanged),0.0,,,,,,-0.6269116032141551
3,round1 C1,rI_P95_Z5 | s,det2,5,False,3.8387662073329696,48,,,,fisher,,,,,,-0.6286807594947397,outside zone (unchanged),0.0,,,,,,-0.5571431472007976
3,round1 C1,rP_med_Z10 | rho,pooled,10,False,4.0716264248923615,96,,,,fisher,,,,,,0.7659345512662965,outside zone (unchanged),0.0,,,,,,0.6445592432925139
3,round1 C1,rP_med_Z10 | rho,det1,10,False,4.0716264248923615,48,,,,fisher,,,,,,0.8664325087416809,outside zone (unchanged),0.0,,,,,,0.6995570412979563
3,round1 C1,rP_med_Z10 | rho,det2,10,False,3.8387662073329696,48,,,,fisher,,,,,,0.7555662288975301,outside zone (unchanged),0.0,,,,,,0.6384579527905417
3,round1 C1,rP_med_Z10 | s~,pooled,10,False,4.0716264248923615,96,,,,fisher,,,,,,-0.7644917450330176,outside zone (unchanged),0.0,,,,,,-0.6437150759895487
3,round1 C1,rP_med_Z10 | s~,det1,10,False,4.0716264248923615,48,,,,fisher,,,,,,-1.0563061600069292,outside zone (unchanged),0.0,,,,,,-0.7842459988012404
3,round1 C1,rP_med_Z10 | s~,det2,10,False,3.8387662073329696,48,,,,fisher,,,,,,-0.6051991291123849,outside zone (unchanged),0.0,,,,,,-0.5407388173299558
3,round1 C1,rP_med_Z10 | s~,delta,10,False,4.0716264248923615,96,,,,fisher,,,,,,0.4511070308945443,outside zone (unchanged),0.0,,,,,,0.42280856082202434
3,round1 C1,rP_med_Z10 | W,pooled,10,False,4.0716264248923615,96,,,,fisher,,,,,,0.2419299835104682,outside zone (unchanged),0.0,,,,,,0.23731786912368363
3,round1 C1,rP_med_Z10 | W,det1,10,False,4.0716264248923615,48,,,,fisher,,,,,,0.3026661554994532,outside zone (unchanged),0.0,,,,,,0.29375061056248813
3,round1 C1,rP_med_Z10 | s,pooled,10,False,4.0716264248923615,96,,,,fisher,,,,,,-0.6925970502517648,outside zone (unchanged),0.0,,,,,,-0.5996478003848851
3,round1 C1,rP_med_Z10 | s,det1,10,False,4.0716264248923615,48,,,,fisher,,,,,,-0.9247979471787856,outside zone (unchanged),0.0,,,,,,-0.7281592987567228
3,round1 C1,rP_med_Z10 | s,det2,10,False,3.8387662073329696,48,,,,fisher,,,,,,-0.5757121554785,outside zone (unchanged),0.0,,,,,,-0.5195419539876182
3,round1 C1,rP_med_Z10 | det (paired det2-det1),pooled,10,False,4.0716264248923615,96,,,,fisher,,,,,,0.1688127914982791,outside zone (unchanged),0.0,,,,,,0.16722726721198822
3,round1 C1,rP_P5_Z10 | rho,det1,10,False,4.0716264248923615,48,,,,fisher,,,,,,0.5662865108478725,outside zone (unchanged),0.0,,,,,,0.512626856999596
3,round1 C1,rP_P5_Z10 | s~,det1,10,False,4.0716264248923615,48,,,,fisher,,,,,,-0.6151288714490033,outside zone (unchanged),0.0,,,,,,-0.5477273642421362
3,round1 C1,rP_P5_Z10 | W,det1,10,False,4.0716264248923615,48,,,,fisher,,,,,,0.2635986561694091,outside zone (unchanged),0.0,,,,,,0.2576583853739231
3,round1 C1,rP_P5_Z10 | det (paired det2-det1),pooled,10,False,4.0716264248923615,96,,,,fisher,,,,,,0.1392021045461849,outside zone (unchanged),0.0,,,,,,0.13830990239404967
3,round1 C1,rP_P95_Z10 | rho,pooled,10,False,4.0716264248923615,96,,,,fisher,,,,,,0.7782482004740835,outside zone (unchanged),0.0,,,,,,0.6517000686872845
3,round1 C1,rP_P95_Z10 | rho,det1,10,False,4.0716264248923615,48,,,,fisher,,,,,,0.7400170772180585,outside zone (unchanged),0.0,,,,,,0.629155478954728
3,round1 C1,rP_P95_Z10 | rho,det2,10,False,3.8387662073329696,48,,,,fisher,,,,,,0.7886937058270127,outside zone (unchanged),0.0,,,,,,0.657668386924855
3,round1 C1,rP_P95_Z10 | s~,pooled,10,False,4.0716264248923615,96,,,,fisher,,,,,,-0.4574864729830046,outside zone (unchanged),0.0,,,,,,-0.4280334049214765
3,round1 C1,rP_P95_Z10 | s~,det1,10,False,4.0716264248923615,48,,,,fisher,,,,,,-0.5005561767283706,outside zone (unchanged),0.0,,,,,,-0.4625544487499379
3,round1 C1,rP_P95_Z10 | s~,det2,10,False,3.8387662073329696,48,,,,fisher,,,,,,-0.4159849035213543,outside zone (unchanged),0.0,,,,,,-0.3935425479921569
3,round1 C1,rP_P95_Z10 | s,pooled,10,False,4.0716264248923615,96,,,,fisher,,,,,,-0.577250152934678,outside zone (unchanged),0.0,,,,,,-0.5206639118717069
3,round1 C1,rP_P95_Z10 | s,det1,10,False,4.0716264248923615,48,,,,fisher,,,,,,-0.5791045335756304,outside zone (unchanged),0.0,,,,,,-0.5220142814369134
3,round1 C1,rP_P95_Z10 | s,det2,10,False,3.8387662073329696,48,,,,fisher,,,,,,-0.5592432996050314,outside zone (unchanged),0.0,,,,,,-0.5074157764982175
3,round1 C1,rP_P95_Z10 | det (paired det2-det1),pooled,10,False,4.0716264248923615,96,,,,fisher,,,,,,0.0663283467051547,outside zone (unchanged),0.0,,,,,,0.06623124816801253
3,round1 C1,rI_med_Z10 | rho,pooled,10,False,4.0716264248923615,96,,,,fisher,,,,,,0.976565554697912,outside zone (unchanged),0.0,,,,,,0.751575312503545
3,round1 C1,rI_med_Z10 | rho,det1,10,False,4.0716264248923615,48,,,,fisher,,,,,,1.2728254018820384,outside zone (unchanged),0.0,,,,,,0.8545615757455953
3,round1 C1,rI_med_Z10 | rho,det2,10,False,3.8387662073329696,48,,,,fisher,,,,,,0.7873369312540823,outside zone (unchanged),0.0,,,,,,0.6568977677905271
3,round1 C1,rI_med_Z10 | rho,delta,10,False,4.0716264248923615,96,,,,fisher,,,,,,-0.4854884706279561,outside zone (unchanged),0.0,,,,,,-0.4506283601461088
3,round1 C1,rI_med_Z10 | s~,pooled,10,False,4.0716264248923615,96,,,,fisher,,,,,,-0.6087072786829291,outside zone (unchanged),0.0,,,,,,-0.5432164790681816
3,round1 C1,rI_med_Z10 | s~,det1,10,False,4.0716264248923615,48,,,,fisher,,,,,,-0.9778699906854768,outside zone (unchanged),0.0,,,,,,-0.7521423614234117
3,round1 C1,rI_med_Z10 | s~,delta,10,False,4.0716264248923615,96,,,,fisher,,,,,,0.6406788813889392,outside zone (unchanged),0.0,,,,,,0.5653616181006401
3,round1 C1,rI_med_Z10 | H/s,pooled,10,False,4.0716264248923615,96,,,,fisher,,,,,,0.769516407972449,outside zone (unchanged),0.0,,,,,,0.6466481622649644
3,round1 C1,rI_med_Z10 | H/s,det1,10,False,4.0716264248923615,48,,,,fisher,,,,,,0.9790295173636472,outside zone (unchanged),0.0,,,,,,0.7526454838221953
3,round1 C1,rI_med_Z10 | H/s,det2,10,False,3.8387662073329696,48,,,,fisher,,,,,,0.598518742429886,outside zone (unchanged),0.0,,,,,,0.535994698665007
3,round1 C1,rI_med_Z10 | s,pooled,10,False,4.0716264248923615,96,,,,fisher,,,,,,-0.8341950741458737,outside zone (unchanged),0.0,,,,,,-0.6827221361794834
3,round1 C1,rI_med_Z10 | s,det1,10,False,4.0716264248923615,48,,,,fisher,,,,,,-1.297037646643027,outside zone (unchanged),0.0,,,,,,-0.8609586017474397
3,round1 C1,rI_med_Z10 | s,delta,10,False,4.0716264248923615,96,,,,fisher,,,,,,0.744588705528531,outside zone (unchanged),0.0,,,,,,0.6319095487609271
3,round1 C1,rI_P5_Z10 | rho,pooled,10,False,4.0716264248923615,96,,,,fisher,,,,,,0.6968659675321188,outside zone (unchanged),0.0,,,,,,0.6023747140817887
3,round1 C1,rI_P5_Z10 | rho,det1,10,False,4.0716264248923615,48,,,,fisher,,,,,,0.9330939391229016,outside zone (unchanged),0.0,,,,,,0.7320331333874828
3,round1 C1,rI_P5_Z10 | s~,pooled,10,False,4.0716264248923615,96,,,,fisher,,,,,,-0.5046349635381833,outside zone (unchanged),0.0,,,,,,-0.4657544969761558
3,round1 C1,rI_P5_Z10 | s~,det1,10,False,4.0716264248923615,48,,,,fisher,,,,,,-0.7495255359341281,outside zone (unchanged),0.0,,,,,,-0.6348658085533849
3,round1 C1,rI_P5_Z10 | H/s,pooled,10,False,4.0716264248923615,96,,,,fisher,,,,,,0.5634955507228379,outside zone (unchanged),0.0,,,,,,0.510566380326474
3,round1 C1,rI_P5_Z10 | H/s,det1,10,False,4.0716264248923615,48,,,,fisher,,,,,,0.7422215609675494,outside zone (unchanged),0.0,,,,,,0.6304855004700605
3,round1 C1,rI_P5_Z10 | s,pooled,10,False,4.0716264248923615,96,,,,fisher,,,,,,-0.5670896647577961,outside zone (unchanged),0.0,,,,,,-0.5132187092659564
3,round1 C1,rI_P5_Z10 | s,det1,10,False,4.0716264248923615,48,,,,fisher,,,,,,-0.951631857398387,outside zone (unchanged),0.0,,,,,,-0.7405209360031992
3,round1 C1,rI_P5_Z10 | s,delta,10,False,4.0716264248923615,96,,,,fisher,,,,,,0.6114471858174366,outside zone (unchanged),0.0,,,,,,0.5451450078774076
3,round1 C1,rI_P95_Z10 | rho,pooled,10,False,4.0716264248923615,96,,,,fisher,,,,,,0.9113377605726958,outside zone (unchanged),0.0,,,,,,0.7217737175034044
3,round1 C1,rI_P95_Z10 | rho,det1,10,False,4.0716264248923615,48,,,,fisher,,,,,,1.098647706004847,outside zone (unchanged),0.0,,,,,,0.8000127498799666
3,round1 C1,rI_P95_Z10 | rho,det2,10,False,3.8387662073329696,48,,,,fisher,,,,,,0.8035830127431771,outside zone (unchanged),0.0,,,,,,0.6660351089546991
3,round1 C1,rI_P95_Z10 | rho,delta,10,False,4.0716264248923615,96,,,,fisher,,,,,,-0.2950646932616698,outside zone (unchanged),0.0,,,,,,-0.2867896648404064
3,round1 C1,rI_P95_Z10 | s~,pooled,10,False,4.0716264248923615,96,,,,fisher,,,,,,-0.6289881212274698,outside zone (unchanged),0.0,,,,,,-0.5573550649468532
3,round1 C1,rI_P95_Z10 | s~,det1,10,False,4.0716264248923615,48,,,,fisher,,,,,,-0.622018685323722,outside zone (unchanged),0.0,,,,,,-0.5525319902442601
3,round1 C1,rI_P95_Z10 | s~,det2,10,False,3.8387662073329696,48,,,,fisher,,,,,,-0.677812467728452,outside zone (unchanged),0.0,,,,,,-0.5900954298972296
3,round1 C1,rI_P95_Z10 | H/s,pooled,10,False,4.0716264248923615,96,,,,fisher,,,,,,0.9556414077767584,outside zone (unchanged),0.0,,,,,,0.7423263938408416
3,round1 C1,rI_P95_Z10 | H/s,det1,10,False,4.0716264248923615,48,,,,fisher,,,,,,0.9021039924432556,outside zone (unchanged),0.0,,,,,,0.7173207974992415
3,round1 C1,rI_P95_Z10 | H/s,det2,10,False,3.8387662073329696,48,,,,fisher,,,,,,1.0137298305560682,outside zone (unchanged),0.0,,,,,,0.7673003072502941
3,round1 C1,rI_P95_Z10 | b,delta,10,False,4.0716264248923615,96,,,,fisher,,,,,,-0.2005425065033512,outside zone (unchanged),0.0,,,,,,-0.19789663642083957
3,round1 C1,rI_P95_Z10 | s,pooled,10,False,4.0716264248923615,96,,,,fisher,,,,,,-0.8505829116007204,outside zone (unchanged),0.0,,,,,,-0.6913738735948614
3,round1 C1,rI_P95_Z10 | s,det1,10,False,4.0716264248923615,48,,,,fisher,,,,,,-0.9035757906847076,outside zone (unchanged),0.0,,,,,,-0.718034529202466
3,round1 C1,rI_P95_Z10 | s,det2,10,False,3.8387662073329696,48,,,,fisher,,,,,,-0.8359489719758585,outside zone (unchanged),0.0,,,,,,-0.6836574046694082
3,round2,"CL-22 Sp(rho, wall adv P Z2)",pooled,2,True,4.0716264248923615,80,-0.6063638468262859,0.10748324963459796,1.6860151833345876e-08,fisher,,-0.7353558198649316,-0.32614842751886747,-0.7433528445772468,-0.31313473294639316,,yes,,-0.5415624542623648,-0.626331055335764,-0.3150557337759138,-0.6311665992179921,-0.30328618884177255,
3,round2,"CL-31 Sp(s~, wall adv P Z2)",pooled,2,True,4.0716264248923615,80,1.0229759324194547,0.11933866412998645,1.0166679952860626e-17,fisher,,0.703539600849472,1.1801292014448799,0.6895982348222316,1.1921723822283303,,yes,,0.7710758753489334,0.6066096965857037,0.8274923469475716,0.5977238374976295,0.8312513939135795,
3,round2,"CL-31 Sp(s, wall adv P Z2)",pooled,2,True,4.0716264248923615,80,0.9240444664043023,0.11532729103973045,1.125224032607124e-15,fisher,,0.6223660288615832,1.0814258353746091,0.6037932941485351,1.0896095154981198,,yes,,0.7278051312693175,0.5527732464064107,0.793727249335986,0.5397432902231488,0.7967355787769835,
3,round2,"CL-22 Sp(rho, wall adv I Z2)",pooled,2,True,4.0716264248923615,80,-0.5289417469910812,0.11714924232722938,6.328382848479906e-06,fisher,,-0.7294104420703974,-0.2666062919666648,-0.7349965766128557,-0.25693109821689797,,yes,,-0.484571741080628,-0.6227045316814672,-0.2604641679357721,-0.6261126907075296,-0.251422852270428,
3,round2,"CL-31 Sp(s~, wall adv I Z2)",pooled,2,True,4.0716264248923615,80,0.5129089466038741,0.11871348474263559,1.5563246484791372e-05,fisher,,0.24191995685570244,0.7042486945684967,0.2234003873783396,0.7122197261972177,,yes,,0.47220860850381013,0.2373084071453037,0.607057668546588,0.21975664159831462,0.6120668784323103,
3,round2,"CL-31 Sp(s, wall adv I Z2)",pooled,2,True,4.0716264248923615,80,0.6090712139484706,0.0889380507663427,7.475174362055509e-12,fisher,,0.39473557645662644,0.7483735324894825,0.3854288151170869,0.7553775504177036,,yes,,0.5434729720888614,0.3754355311601677,0.6341776223777729,0.36741277434354386,0.6383461715830707,
3,round2,"CL-23 Sp(b, wall adv I Z2) - Sp(b, wall adv I Z10)",pooled,2,True,4.0716264248923615,80,-0.4342207218509244,0.16635535958743586,0.00904893616862096,raw,,-0.7462047452357307,-0.09591222813346596,-0.7604910988698164,-0.0867016885150479,,yes,,-0.4342207218509244,-0.7462047452357307,-0.09591222813346596,-0.7604910988698164,-0.0867016885150479,
3,round2,"CL-80 Sp(wall adv P Z2, Slope_P)",pooled,2,True,4.0716264248923615,80,-0.33214598751843905,0.17181074082089076,0.0532105159484943,fisher,,-0.6794491429104457,-0.014511214257898234,-0.6992304747128905,-0.0010116491602312852,,yes,,-0.3204477221107772,-0.5911611639002454,-0.01451019577573,-0.6038791017770891,-0.001011648815112703,
3,round2,"CL-80 Sp(m_C P Z10 - Z2, Slope_P)",pooled,2,True,4.0716264248923615,80,-0.30573723354260507,0.19326116570616075,0.11365185100107293,fisher,,-0.7205319224541475,0.05467784608586305,-0.7355073598054065,0.06458274065779901,,no,,-0.2965541490857947,-0.6172386797171973,0.054623421654632506,-0.6264231388427138,0.06449310016994472,
3,round2,CL-04a d ln refP_med/d ln W,pooled,2,True,4.0716264248923615,80,0.048568486104383975,0.0008011965479159159,0.0,slope,5.0,0.04657815556964127,0.049516368225351555,0.04656823144784828,0.04955818524626725,,yes,,0.048568486104383975,0.04657815556964127,0.049516368225351555,0.04656823144784828,0.04955818524626725,
3,round2,CL-04a d ln refI_scaled_med/d ln W,pooled,2,True,4.0716264248923615,80,-0.0034629673523850057,0.0005960403513407786,6.2489804171959035e-09,slope,5.0,-0.004186355280241998,-0.0020153961498802784,-0.004238091622482691,-0.001957886161719319,,yes,,-0.0034629673523850057,-0.004186355280241998,-0.0020153961498802784,-0.004238091622482691,-0.001957886161719319,
3,round2,CL-04a d ln refP_med/d ln W,pooled,5,False,4.0716264248923615,96,,,,slope,,,,,,,outside zone (unchanged),,,,,,,
3,round2,CL-04a d ln refI_scaled_med/d ln W,pooled,5,False,4.0716264248923615,96,,,,slope,,,,,,,outside zone (unchanged),,,,,,,
3,round2,CL-04a d ln refP_med/d ln W,pooled,10,False,4.0716264248923615,96,,,,slope,,,,,,,outside zone (unchanged),,,,,,,
3,round2,CL-04a d ln refI_scaled_med/d ln W,pooled,10,False,4.0716264248923615,96,,,,slope,,,,,,,outside zone (unchanged),,,,,,,
