config,W,Zk,halfwidth,refP_med,refI_scaled_med,refP_p10,refP_p90
config_01_det1_b15_s5_h4_w50,50.0,8,0.5,17.652636528015172,34.271015554577204,16.195604705810545,19.280941390991867
config_01_det1_b15_s5_h4_w50,50.0,8,0.25,17.692187309265076,34.326998139889525,16.70069808959961,18.745722961426093
config_01_det1_b15_s5_h4_w50,50.0,10,0.5,12.595078468322757,27.548652804067636,11.682046890258757,13.585382461547843
config_01_det1_b15_s5_h4_w50,50.0,10,0.25,12.582007408142013,27.571801729939086,11.930264091491699,13.334345436096436
config_01_det1_b15_s5_h4_w50,50.0,12,0.5,9.651656150818235,23.006712605399148,8.999751663208007,10.347229576110832
config_01_det1_b15_s5_h4_w50,50.0,12,0.25,9.624241828918434,23.021528083631697,9.142129707336426,10.207771873474139
config_02_det1_b15_s5_h4_w500,500.0,8,0.5,19.152149200439553,34.004587807286605,17.792199325561526,20.772318267822225
config_02_det1_b15_s5_h4_w500,500.0,8,0.25,19.19387435913083,34.055683665538396,18.41405563354487,19.991702651978397
config_02_det1_b15_s5_h4_w500,500.0,10,0.5,13.70039844512952,27.32056014408815,12.909208869934085,14.570153045654019
config_02_det1_b15_s5_h4_w500,500.0,10,0.25,13.718921661376953,27.34583892504067,13.236223411560049,14.216673469545977
config_02_det1_b15_s5_h4_w500,500.0,12,0.5,10.521195411682129,22.78256525618315,9.99272632598877,11.081023216247559
config_02_det1_b15_s5_h4_w500,500.0,12,0.25,10.530461311340332,22.799316846253088,10.186925601959224,10.888361644744936
config_03_det1_b15_s5_h4_w1500,1500.0,8,0.5,19.69494915008512,34.11234807294321,18.314363479614293,21.358347892759724
config_03_det1_b15_s5_h4_w1500,1500.0,8,0.25,19.738914489746207,34.16097644350941,18.977226257324222,20.545458221433325
config_03_det1_b15_s5_h4_w1500,1500.0,10,0.5,12.77513313293457,27.402969114225826,11.62879271697998,14.849665069574424
config_03_det1_b15_s5_h4_w1500,1500.0,10,0.25,12.563591690063477,27.42604222016896,11.928996406555175,14.544637807209702
config_03_det1_b15_s5_h4_w1500,1500.0,12,0.5,9.461047172546387,22.910710391093392,8.866280561447143,10.130078105926506
config_03_det1_b15_s5_h4_w1500,1500.0,12,0.25,9.44067467212677,22.928683453383464,9.029820442199707,9.973079089164735
config_04_det1_b15_s5_h12_w50,50.0,8,0.5,17.652636528015172,34.271015554577204,16.195604705810545,19.280941390991867
config_04_det1_b15_s5_h12_w50,50.0,8,0.25,17.692187309265076,34.326998139889525,16.70069808959961,18.745722961426093
config_04_det1_b15_s5_h12_w50,50.0,10,0.5,12.595078468322757,27.548652804067636,11.682046890258757,13.585382461547843
config_04_det1_b15_s5_h12_w50,50.0,10,0.25,12.582007408142013,27.571801729939086,11.930264091491699,13.334345436096436
config_04_det1_b15_s5_h12_w50,50.0,12,0.5,9.651656150818235,23.006712605399148,8.999751663208007,10.347229576110832
config_04_det1_b15_s5_h12_w50,50.0,12,0.25,9.624241828918434,23.021528083631697,9.142129707336426,10.207771873474139
config_05_det1_b15_s5_h12_w500,500.0,8,0.5,19.152149200439553,34.004587807286605,17.792199325561526,20.772318267822225
config_05_det1_b15_s5_h12_w500,500.0,8,0.25,19.19387435913083,34.055683665538396,18.41405563354487,19.991702651978397
config_05_det1_b15_s5_h12_w500,500.0,10,0.5,13.70039844512952,27.32056014408815,12.909208869934085,14.570153045654019
config_05_det1_b15_s5_h12_w500,500.0,10,0.25,13.718921661376953,27.34583892504067,13.236223411560049,14.216673469545977
config_05_det1_b15_s5_h12_w500,500.0,12,0.5,10.521195411682129,22.78256525618315,9.99272632598877,11.081023216247559
config_05_det1_b15_s5_h12_w500,500.0,12,0.25,10.530461311340332,22.799316846253088,10.186925601959224,10.888361644744936
config_06_det1_b15_s5_h12_w1500,1500.0,8,0.5,19.69494915008512,34.11234807294321,18.314363479614293,21.358347892759724
config_06_det1_b15_s5_h12_w1500,1500.0,8,0.25,19.738914489746207,34.16097644350941,18.977226257324222,20.545458221433325
config_06_det1_b15_s5_h12_w1500,1500.0,10,0.5,12.77513313293457,27.402969114225826,11.62879271697998,14.849665069574424
config_06_det1_b15_s5_h12_w1500,1500.0,10,0.25,12.563591690063477,27.42604222016896,11.928996406555175,14.544637807209702
config_06_det1_b15_s5_h12_w1500,1500.0,12,0.5,9.461047172546387,22.910710391093392,8.866280561447143,10.130078105926506
config_06_det1_b15_s5_h12_w1500,1500.0,12,0.25,9.44067467212677,22.928683453383464,9.029820442199707,9.973079089164735
config_07_det1_b15_s5_h24_w50,50.0,8,0.5,17.652636528015172,34.271015554577204,16.195604705810545,19.280941390991867
config_07_det1_b15_s5_h24_w50,50.0,8,0.25,17.692187309265076,34.326998139889525,16.70069808959961,18.745722961426093
config_07_det1_b15_s5_h24_w50,50.0,10,0.5,12.595078468322757,27.548652804067636,11.682046890258757,13.585382461547843
config_07_det1_b15_s5_h24_w50,50.0,10,0.25,12.582007408142013,27.571801729939086,11.930264091491699,13.334345436096436
config_07_det1_b15_s5_h24_w50,50.0,12,0.5,9.651656150818235,23.006712605399148,8.999751663208007,10.347229576110832
config_07_det1_b15_s5_h24_w50,50.0,12,0.25,9.624241828918434,23.021528083631697,9.142129707336426,10.207771873474139
config_08_det1_b15_s5_h24_w500,500.0,8,0.5,19.152149200439553,34.004587807286605,17.792199325561526,20.772318267822225
config_08_det1_b15_s5_h24_w500,500.0,8,0.25,19.19387435913083,34.055683665538396,18.41405563354487,19.991702651978397
config_08_det1_b15_s5_h24_w500,500.0,10,0.5,13.70039844512952,27.32056014408815,12.909208869934085,14.570153045654019
config_08_det1_b15_s5_h24_w500,500.0,10,0.25,13.718921661376953,27.34583892504067,13.236223411560049,14.216673469545977
config_08_det1_b15_s5_h24_w500,500.0,12,0.5,10.521195411682129,22.78256525618315,9.99272632598877,11.081023216247559
config_08_det1_b15_s5_h24_w500,500.0,12,0.25,10.530461311340332,22.799316846253088,10.186925601959224,10.888361644744936
config_09_det1_b15_s5_h24_w1500,1500.0,8,0.5,19.69494915008512,34.11234807294321,18.314363479614293,21.358347892759724
config_09_det1_b15_s5_h24_w1500,1500.0,8,0.25,19.738914489746207,34.16097644350941,18.977226257324222,20.545458221433325
config_09_det1_b15_s5_h24_w1500,1500.0,10,0.5,12.77513313293457,27.402969114225826,11.62879271697998,14.849665069574424
config_09_det1_b15_s5_h24_w1500,1500.0,10,0.25,12.563591690063477,27.42604222016896,11.928996406555175,14.544637807209702
config_09_det1_b15_s5_h24_w1500,1500.0,12,0.5,9.461047172546387,22.910710391093392,8.866280561447143,10.130078105926506
config_09_det1_b15_s5_h24_w1500,1500.0,12,0.25,9.44067467212677,22.928683453383464,9.029820442199707,9.973079089164735
config_10_det1_b15_s20_h4_w50,50.0,8,0.5,17.652636528015172,34.271015554577204,16.195604705810545,19.280941390991867
config_10_det1_b15_s20_h4_w50,50.0,8,0.25,17.692187309265076,34.326998139889525,16.70069808959961,18.745722961426093
config_10_det1_b15_s20_h4_w50,50.0,10,0.5,12.595078468322757,27.548652804067636,11.682046890258757,13.585382461547843
config_10_det1_b15_s20_h4_w50,50.0,10,0.25,12.582007408142013,27.571801729939086,11.930264091491699,13.334345436096436
config_10_det1_b15_s20_h4_w50,50.0,12,0.5,9.651656150818235,23.006712605399148,8.999751663208007,10.347229576110832
config_10_det1_b15_s20_h4_w50,50.0,12,0.25,9.624241828918434,23.021528083631697,9.142129707336426,10.207771873474139
config_11_det1_b15_s20_h4_w500,500.0,8,0.5,19.152149200439553,34.004587807286605,17.792199325561526,20.772318267822225
config_11_det1_b15_s20_h4_w500,500.0,8,0.25,19.19387435913083,34.055683665538396,18.41405563354487,19.991702651978397
config_11_det1_b15_s20_h4_w500,500.0,10,0.5,13.70039844512952,27.32056014408815,12.909208869934085,14.570153045654019
config_11_det1_b15_s20_h4_w500,500.0,10,0.25,13.718921661376953,27.34583892504067,13.236223411560049,14.216673469545977
config_11_det1_b15_s20_h4_w500,500.0,12,0.5,10.521195411682129,22.78256525618315,9.99272632598877,11.081023216247559
config_11_det1_b15_s20_h4_w500,500.0,12,0.25,10.530461311340332,22.799316846253088,10.186925601959224,10.888361644744936
config_12_det1_b15_s20_h4_w1500,1500.0,8,0.5,19.69494915008512,34.11234807294321,18.314363479614293,21.358347892759724
config_12_det1_b15_s20_h4_w1500,1500.0,8,0.25,19.738914489746207,34.16097644350941,18.977226257324222,20.545458221433325
config_12_det1_b15_s20_h4_w1500,1500.0,10,0.5,12.77513313293457,27.402969114225826,11.62879271697998,14.849665069574424
config_12_det1_b15_s20_h4_w1500,1500.0,10,0.25,12.563591690063477,27.42604222016896,11.928996406555175,14.544637807209702
config_12_det1_b15_s20_h4_w1500,1500.0,12,0.5,9.461047172546387,22.910710391093392,8.866280561447143,10.130078105926506
config_12_det1_b15_s20_h4_w1500,1500.0,12,0.25,9.44067467212677,22.928683453383464,9.029820442199707,9.973079089164735
config_13_det1_b15_s20_h12_w50,50.0,8,0.5,17.652636528015172,34.271015554577204,16.195604705810545,19.280941390991867
config_13_det1_b15_s20_h12_w50,50.0,8,0.25,17.692187309265076,34.326998139889525,16.70069808959961,18.745722961426093
config_13_det1_b15_s20_h12_w50,50.0,10,0.5,12.595078468322757,27.548652804067636,11.682046890258757,13.585382461547843
config_13_det1_b15_s20_h12_w50,50.0,10,0.25,12.582007408142013,27.571801729939086,11.930264091491699,13.334345436096436
config_13_det1_b15_s20_h12_w50,50.0,12,0.5,9.651656150818235,23.006712605399148,8.999751663208007,10.347229576110832
config_13_det1_b15_s20_h12_w50,50.0,12,0.25,9.624241828918434,23.021528083631697,9.142129707336426,10.207771873474139
config_14_det1_b15_s20_h12_w500,500.0,8,0.5,19.152149200439553,34.004587807286605,17.792199325561526,20.772318267822225
config_14_det1_b15_s20_h12_w500,500.0,8,0.25,19.19387435913083,34.055683665538396,18.41405563354487,19.991702651978397
config_14_det1_b15_s20_h12_w500,500.0,10,0.5,13.70039844512952,27.32056014408815,12.909208869934085,14.570153045654019
config_14_det1_b15_s20_h12_w500,500.0,10,0.25,13.718921661376953,27.34583892504067,13.236223411560049,14.216673469545977
config_14_det1_b15_s20_h12_w500,500.0,12,0.5,10.521195411682129,22.78256525618315,9.99272632598877,11.081023216247559
config_14_det1_b15_s20_h12_w500,500.0,12,0.25,10.530461311340332,22.799316846253088,10.186925601959224,10.888361644744936
config_15_det1_b15_s20_h12_w1500,1500.0,8,0.5,19.69494915008512,34.11234807294321,18.314363479614293,21.358347892759724
config_15_det1_b15_s20_h12_w1500,1500.0,8,0.25,19.738914489746207,34.16097644350941,18.977226257324222,20.545458221433325
config_15_det1_b15_s20_h12_w1500,1500.0,10,0.5,12.77513313293457,27.402969114225826,11.62879271697998,14.849665069574424
config_15_det1_b15_s20_h12_w1500,1500.0,10,0.25,12.563591690063477,27.42604222016896,11.928996406555175,14.544637807209702
config_15_det1_b15_s20_h12_w1500,1500.0,12,0.5,9.461047172546387,22.910710391093392,8.866280561447143,10.130078105926506
config_15_det1_b15_s20_h12_w1500,1500.0,12,0.25,9.44067467212677,22.928683453383464,9.029820442199707,9.973079089164735
config_16_det1_b15_s20_h24_w50,50.0,8,0.5,17.652636528015172,34.271015554577204,16.195604705810545,19.280941390991867
config_16_det1_b15_s20_h24_w50,50.0,8,0.25,17.692187309265076,34.326998139889525,16.70069808959961,18.745722961426093
config_16_det1_b15_s20_h24_w50,50.0,10,0.5,12.595078468322757,27.548652804067636,11.682046890258757,13.585382461547843
config_16_det1_b15_s20_h24_w50,50.0,10,0.25,12.582007408142013,27.571801729939086,11.930264091491699,13.334345436096436
config_16_det1_b15_s20_h24_w50,50.0,12,0.5,9.651656150818235,23.006712605399148,8.999751663208007,10.347229576110832
config_16_det1_b15_s20_h24_w50,50.0,12,0.25,9.624241828918434,23.021528083631697,9.142129707336426,10.207771873474139
config_17_det1_b15_s20_h24_w500,500.0,8,0.5,19.152149200439553,34.004587807286605,17.792199325561526,20.772318267822225
config_17_det1_b15_s20_h24_w500,500.0,8,0.25,19.19387435913083,34.055683665538396,18.41405563354487,19.991702651978397
config_17_det1_b15_s20_h24_w500,500.0,10,0.5,13.70039844512952,27.32056014408815,12.909208869934085,14.570153045654019
config_17_det1_b15_s20_h24_w500,500.0,10,0.25,13.718921661376953,27.34583892504067,13.236223411560049,14.216673469545977
config_17_det1_b15_s20_h24_w500,500.0,12,0.5,10.521195411682129,22.78256525618315,9.99272632598877,11.081023216247559
config_17_det1_b15_s20_h24_w500,500.0,12,0.25,10.530461311340332,22.799316846253088,10.186925601959224,10.888361644744936
config_18_det1_b15_s20_h24_w1500,1500.0,8,0.5,19.69494915008512,34.11234807294321,18.314363479614293,21.358347892759724
config_18_det1_b15_s20_h24_w1500,1500.0,8,0.25,19.738914489746207,34.16097644350941,18.977226257324222,20.545458221433325
config_18_det1_b15_s20_h24_w1500,1500.0,10,0.5,12.77513313293457,27.402969114225826,11.62879271697998,14.849665069574424
config_18_det1_b15_s20_h24_w1500,1500.0,10,0.25,12.563591690063477,27.42604222016896,11.928996406555175,14.544637807209702
config_18_det1_b15_s20_h24_w1500,1500.0,12,0.5,9.461047172546387,22.910710391093392,8.866280561447143,10.130078105926506
config_18_det1_b15_s20_h24_w1500,1500.0,12,0.25,9.44067467212677,22.928683453383464,9.029820442199707,9.973079089164735
config_19_det1_b30_s5_h4_w50,50.0,8,0.5,17.652636528015172,34.271015554577204,16.195604705810545,19.280941390991867
config_19_det1_b30_s5_h4_w50,50.0,8,0.25,17.692187309265076,34.326998139889525,16.70069808959961,18.745722961426093
config_19_det1_b30_s5_h4_w50,50.0,10,0.5,12.595078468322757,27.548652804067636,11.682046890258757,13.585382461547843
config_19_det1_b30_s5_h4_w50,50.0,10,0.25,12.582007408142013,27.571801729939086,11.930264091491699,13.334345436096436
config_19_det1_b30_s5_h4_w50,50.0,12,0.5,9.651656150818235,23.006712605399148,8.999751663208007,10.347229576110832
config_19_det1_b30_s5_h4_w50,50.0,12,0.25,9.624241828918434,23.021528083631697,9.142129707336426,10.207771873474139
config_20_det1_b30_s5_h4_w500,500.0,8,0.5,19.152149200439553,34.004587807286605,17.792199325561526,20.772318267822225
config_20_det1_b30_s5_h4_w500,500.0,8,0.25,19.19387435913083,34.055683665538396,18.41405563354487,19.991702651978397
config_20_det1_b30_s5_h4_w500,500.0,10,0.5,13.70039844512952,27.32056014408815,12.909208869934085,14.570153045654019
config_20_det1_b30_s5_h4_w500,500.0,10,0.25,13.718921661376953,27.34583892504067,13.236223411560049,14.216673469545977
config_20_det1_b30_s5_h4_w500,500.0,12,0.5,10.521195411682129,22.78256525618315,9.99272632598877,11.081023216247559
config_20_det1_b30_s5_h4_w500,500.0,12,0.25,10.530461311340332,22.799316846253088,10.186925601959224,10.888361644744936
config_21_det1_b30_s5_h4_w1500,1500.0,8,0.5,19.69494915008512,34.11234807294321,18.314363479614293,21.358347892759724
config_21_det1_b30_s5_h4_w1500,1500.0,8,0.25,19.738914489746207,34.16097644350941,18.977226257324222,20.545458221433325
config_21_det1_b30_s5_h4_w1500,1500.0,10,0.5,12.77513313293457,27.402969114225826,11.62879271697998,14.849665069574424
config_21_det1_b30_s5_h4_w1500,1500.0,10,0.25,12.563591690063477,27.42604222016896,11.928996406555175,14.544637807209702
config_21_det1_b30_s5_h4_w1500,1500.0,12,0.5,9.461047172546387,22.910710391093392,8.866280561447143,10.130078105926506
config_21_det1_b30_s5_h4_w1500,1500.0,12,0.25,9.44067467212677,22.928683453383464,9.029820442199707,9.973079089164735
config_22_det1_b30_s5_h12_w50,50.0,8,0.5,17.652636528015172,34.271015554577204,16.195604705810545,19.280941390991867
config_22_det1_b30_s5_h12_w50,50.0,8,0.25,17.692187309265076,34.326998139889525,16.70069808959961,18.745722961426093
config_22_det1_b30_s5_h12_w50,50.0,10,0.5,12.595078468322757,27.548652804067636,11.682046890258757,13.585382461547843
config_22_det1_b30_s5_h12_w50,50.0,10,0.25,12.582007408142013,27.571801729939086,11.930264091491699,13.334345436096436
config_22_det1_b30_s5_h12_w50,50.0,12,0.5,9.651656150818235,23.006712605399148,8.999751663208007,10.347229576110832
config_22_det1_b30_s5_h12_w50,50.0,12,0.25,9.624241828918434,23.021528083631697,9.142129707336426,10.207771873474139
config_23_det1_b30_s5_h12_w500,500.0,8,0.5,19.152149200439553,34.004587807286605,17.792199325561526,20.772318267822225
config_23_det1_b30_s5_h12_w500,500.0,8,0.25,19.19387435913083,34.055683665538396,18.41405563354487,19.991702651978397
config_23_det1_b30_s5_h12_w500,500.0,10,0.5,13.70039844512952,27.32056014408815,12.909208869934085,14.570153045654019
config_23_det1_b30_s5_h12_w500,500.0,10,0.25,13.718921661376953,27.34583892504067,13.236223411560049,14.216673469545977
config_23_det1_b30_s5_h12_w500,500.0,12,0.5,10.521195411682129,22.78256525618315,9.99272632598877,11.081023216247559
config_23_det1_b30_s5_h12_w500,500.0,12,0.25,10.530461311340332,22.799316846253088,10.186925601959224,10.888361644744936
config_24_det1_b30_s5_h12_w1500,1500.0,8,0.5,19.69494915008512,34.11234807294321,18.314363479614293,21.358347892759724
config_24_det1_b30_s5_h12_w1500,1500.0,8,0.25,19.738914489746207,34.16097644350941,18.977226257324222,20.545458221433325
config_24_det1_b30_s5_h12_w1500,1500.0,10,0.5,12.77513313293457,27.402969114225826,11.62879271697998,14.849665069574424
config_24_det1_b30_s5_h12_w1500,1500.0,10,0.25,12.563591690063477,27.42604222016896,11.928996406555175,14.544637807209702
config_24_det1_b30_s5_h12_w1500,1500.0,12,0.5,9.461047172546387,22.910710391093392,8.866280561447143,10.130078105926506
config_24_det1_b30_s5_h12_w1500,1500.0,12,0.25,9.44067467212677,22.928683453383464,9.029820442199707,9.973079089164735
config_25_det1_b30_s5_h24_w50,50.0,8,0.5,17.652636528015172,34.271015554577204,16.195604705810545,19.280941390991867
config_25_det1_b30_s5_h24_w50,50.0,8,0.25,17.692187309265076,34.326998139889525,16.70069808959961,18.745722961426093
config_25_det1_b30_s5_h24_w50,50.0,10,0.5,12.595078468322757,27.548652804067636,11.682046890258757,13.585382461547843
config_25_det1_b30_s5_h24_w50,50.0,10,0.25,12.582007408142013,27.571801729939086,11.930264091491699,13.334345436096436
config_25_det1_b30_s5_h24_w50,50.0,12,0.5,9.651656150818235,23.006712605399148,8.999751663208007,10.347229576110832
config_25_det1_b30_s5_h24_w50,50.0,12,0.25,9.624241828918434,23.021528083631697,9.142129707336426,10.207771873474139
config_26_det1_b30_s5_h24_w500,500.0,8,0.5,19.152149200439553,34.004587807286605,17.792199325561526,20.772318267822225
config_26_det1_b30_s5_h24_w500,500.0,8,0.25,19.19387435913083,34.055683665538396,18.41405563354487,19.991702651978397
config_26_det1_b30_s5_h24_w500,500.0,10,0.5,13.70039844512952,27.32056014408815,12.909208869934085,14.570153045654019
config_26_det1_b30_s5_h24_w500,500.0,10,0.25,13.718921661376953,27.34583892504067,13.236223411560049,14.216673469545977
config_26_det1_b30_s5_h24_w500,500.0,12,0.5,10.521195411682129,22.78256525618315,9.99272632598877,11.081023216247559
config_26_det1_b30_s5_h24_w500,500.0,12,0.25,10.530461311340332,22.799316846253088,10.186925601959224,10.888361644744936
config_27_det1_b30_s5_h24_w1500,1500.0,8,0.5,19.69494915008512,34.11234807294321,18.314363479614293,21.358347892759724
config_27_det1_b30_s5_h24_w1500,1500.0,8,0.25,19.738914489746207,34.16097644350941,18.977226257324222,20.545458221433325
config_27_det1_b30_s5_h24_w1500,1500.0,10,0.5,12.77513313293457,27.402969114225826,11.62879271697998,14.849665069574424
config_27_det1_b30_s5_h24_w1500,1500.0,10,0.25,12.563591690063477,27.42604222016896,11.928996406555175,14.544637807209702
config_27_det1_b30_s5_h24_w1500,1500.0,12,0.5,9.461047172546387,22.910710391093392,8.866280561447143,10.130078105926506
config_27_det1_b30_s5_h24_w1500,1500.0,12,0.25,9.44067467212677,22.928683453383464,9.029820442199707,9.973079089164735
config_28_det1_b30_s20_h4_w50,50.0,8,0.5,17.652636528015172,34.271015554577204,16.195604705810545,19.280941390991867
config_28_det1_b30_s20_h4_w50,50.0,8,0.25,17.692187309265076,34.326998139889525,16.70069808959961,18.745722961426093
config_28_det1_b30_s20_h4_w50,50.0,10,0.5,12.595078468322757,27.548652804067636,11.682046890258757,13.585382461547843
config_28_det1_b30_s20_h4_w50,50.0,10,0.25,12.582007408142013,27.571801729939086,11.930264091491699,13.334345436096436
config_28_det1_b30_s20_h4_w50,50.0,12,0.5,9.651656150818235,23.006712605399148,8.999751663208007,10.347229576110832
config_28_det1_b30_s20_h4_w50,50.0,12,0.25,9.624241828918434,23.021528083631697,9.142129707336426,10.207771873474139
config_29_det1_b30_s20_h4_w500,500.0,8,0.5,19.152149200439553,34.004587807286605,17.792199325561526,20.772318267822225
config_29_det1_b30_s20_h4_w500,500.0,8,0.25,19.19387435913083,34.055683665538396,18.41405563354487,19.991702651978397
config_29_det1_b30_s20_h4_w500,500.0,10,0.5,13.70039844512952,27.32056014408815,12.909208869934085,14.570153045654019
config_29_det1_b30_s20_h4_w500,500.0,10,0.25,13.718921661376953,27.34583892504067,13.236223411560049,14.216673469545977
config_29_det1_b30_s20_h4_w500,500.0,12,0.5,10.521195411682129,22.78256525618315,9.99272632598877,11.081023216247559
config_29_det1_b30_s20_h4_w500,500.0,12,0.25,10.530461311340332,22.799316846253088,10.186925601959224,10.888361644744936
config_30_det1_b30_s20_h4_w1500,1500.0,8,0.5,19.69494915008512,34.11234807294321,18.314363479614293,21.358347892759724
config_30_det1_b30_s20_h4_w1500,1500.0,8,0.25,19.738914489746207,34.16097644350941,18.977226257324222,20.545458221433325
config_30_det1_b30_s20_h4_w1500,1500.0,10,0.5,12.77513313293457,27.402969114225826,11.62879271697998,14.849665069574424
config_30_det1_b30_s20_h4_w1500,1500.0,10,0.25,12.563591690063477,27.42604222016896,11.928996406555175,14.544637807209702
config_30_det1_b30_s20_h4_w1500,1500.0,12,0.5,9.461047172546387,22.910710391093392,8.866280561447143,10.130078105926506
config_30_det1_b30_s20_h4_w1500,1500.0,12,0.25,9.44067467212677,22.928683453383464,9.029820442199707,9.973079089164735
config_31_det1_b30_s20_h12_w50,50.0,8,0.5,17.652636528015172,34.271015554577204,16.195604705810545,19.280941390991867
config_31_det1_b30_s20_h12_w50,50.0,8,0.25,17.692187309265076,34.326998139889525,16.70069808959961,18.745722961426093
config_31_det1_b30_s20_h12_w50,50.0,10,0.5,12.595078468322757,27.548652804067636,11.682046890258757,13.585382461547843
config_31_det1_b30_s20_h12_w50,50.0,10,0.25,12.582007408142013,27.571801729939086,11.930264091491699,13.334345436096436
config_31_det1_b30_s20_h12_w50,50.0,12,0.5,9.651656150818235,23.006712605399148,8.999751663208007,10.347229576110832
config_31_det1_b30_s20_h12_w50,50.0,12,0.25,9.624241828918434,23.021528083631697,9.142129707336426,10.207771873474139
config_32_det1_b30_s20_h12_w500,500.0,8,0.5,19.152149200439553,34.004587807286605,17.792199325561526,20.772318267822225
config_32_det1_b30_s20_h12_w500,500.0,8,0.25,19.19387435913083,34.055683665538396,18.41405563354487,19.991702651978397
config_32_det1_b30_s20_h12_w500,500.0,10,0.5,13.70039844512952,27.32056014408815,12.909208869934085,14.570153045654019
config_32_det1_b30_s20_h12_w500,500.0,10,0.25,13.718921661376953,27.34583892504067,13.236223411560049,14.216673469545977
config_32_det1_b30_s20_h12_w500,500.0,12,0.5,10.521195411682129,22.78256525618315,9.99272632598877,11.081023216247559
config_32_det1_b30_s20_h12_w500,500.0,12,0.25,10.530461311340332,22.799316846253088,10.186925601959224,10.888361644744936
config_33_det1_b30_s20_h12_w1500,1500.0,8,0.5,19.69494915008512,34.11234807294321,18.314363479614293,21.358347892759724
config_33_det1_b30_s20_h12_w1500,1500.0,8,0.25,19.738914489746207,34.16097644350941,18.977226257324222,20.545458221433325
config_33_det1_b30_s20_h12_w1500,1500.0,10,0.5,12.77513313293457,27.402969114225826,11.62879271697998,14.849665069574424
config_33_det1_b30_s20_h12_w1500,1500.0,10,0.25,12.563591690063477,27.42604222016896,11.928996406555175,14.544637807209702
config_33_det1_b30_s20_h12_w1500,1500.0,12,0.5,9.461047172546387,22.910710391093392,8.866280561447143,10.130078105926506
config_33_det1_b30_s20_h12_w1500,1500.0,12,0.25,9.44067467212677,22.928683453383464,9.029820442199707,9.973079089164735
config_34_det1_b30_s20_h24_w50,50.0,8,0.5,17.652636528015172,34.271015554577204,16.195604705810545,19.280941390991867
config_34_det1_b30_s20_h24_w50,50.0,8,0.25,17.692187309265076,34.326998139889525,16.70069808959961,18.745722961426093
config_34_det1_b30_s20_h24_w50,50.0,10,0.5,12.595078468322757,27.548652804067636,11.682046890258757,13.585382461547843
config_34_det1_b30_s20_h24_w50,50.0,10,0.25,12.582007408142013,27.571801729939086,11.930264091491699,13.334345436096436
config_34_det1_b30_s20_h24_w50,50.0,12,0.5,9.651656150818235,23.006712605399148,8.999751663208007,10.347229576110832
config_34_det1_b30_s20_h24_w50,50.0,12,0.25,9.624241828918434,23.021528083631697,9.142129707336426,10.207771873474139
config_35_det1_b30_s20_h24_w500,500.0,8,0.5,19.152149200439553,34.004587807286605,17.792199325561526,20.772318267822225
config_35_det1_b30_s20_h24_w500,500.0,8,0.25,19.19387435913083,34.055683665538396,18.41405563354487,19.991702651978397
config_35_det1_b30_s20_h24_w500,500.0,10,0.5,13.70039844512952,27.32056014408815,12.909208869934085,14.570153045654019
config_35_det1_b30_s20_h24_w500,500.0,10,0.25,13.718921661376953,27.34583892504067,13.236223411560049,14.216673469545977
config_35_det1_b30_s20_h24_w500,500.0,12,0.5,10.521195411682129,22.78256525618315,9.99272632598877,11.081023216247559
config_35_det1_b30_s20_h24_w500,500.0,12,0.25,10.530461311340332,22.799316846253088,10.186925601959224,10.888361644744936
config_36_det1_b30_s20_h24_w1500,1500.0,8,0.5,19.69494915008512,34.11234807294321,18.314363479614293,21.358347892759724
config_36_det1_b30_s20_h24_w1500,1500.0,8,0.25,19.738914489746207,34.16097644350941,18.977226257324222,20.545458221433325
config_36_det1_b30_s20_h24_w1500,1500.0,10,0.5,12.77513313293457,27.402969114225826,11.62879271697998,14.849665069574424
config_36_det1_b30_s20_h24_w1500,1500.0,10,0.25,12.563591690063477,27.42604222016896,11.928996406555175,14.544637807209702
config_36_det1_b30_s20_h24_w1500,1500.0,12,0.5,9.461047172546387,22.910710391093392,8.866280561447143,10.130078105926506
config_36_det1_b30_s20_h24_w1500,1500.0,12,0.25,9.44067467212677,22.928683453383464,9.029820442199707,9.973079089164735
config_37_det2_b15_s5_h4_w50,50.0,8,0.5,17.652636528015172,34.271015554577204,16.195604705810545,19.280941390991867
config_37_det2_b15_s5_h4_w50,50.0,8,0.25,17.692187309265076,34.326998139889525,16.70069808959961,18.745722961426093
config_37_det2_b15_s5_h4_w50,50.0,10,0.5,12.595078468322757,27.548652804067636,11.682046890258757,13.585382461547843
config_37_det2_b15_s5_h4_w50,50.0,10,0.25,12.582007408142013,27.571801729939086,11.930264091491699,13.334345436096436
config_37_det2_b15_s5_h4_w50,50.0,12,0.5,9.651656150818235,23.006712605399148,8.999751663208007,10.347229576110832
config_37_det2_b15_s5_h4_w50,50.0,12,0.25,9.624241828918434,23.021528083631697,9.142129707336426,10.207771873474139
config_38_det2_b15_s5_h4_w500,500.0,8,0.5,19.152149200439553,34.004587807286605,17.792199325561526,20.772318267822225
config_38_det2_b15_s5_h4_w500,500.0,8,0.25,19.19387435913083,34.055683665538396,18.41405563354487,19.991702651978397
config_38_det2_b15_s5_h4_w500,500.0,10,0.5,13.70039844512952,27.32056014408815,12.909208869934085,14.570153045654019
config_38_det2_b15_s5_h4_w500,500.0,10,0.25,13.718921661376953,27.34583892504067,13.236223411560049,14.216673469545977
config_38_det2_b15_s5_h4_w500,500.0,12,0.5,10.521195411682129,22.78256525618315,9.99272632598877,11.081023216247559
config_38_det2_b15_s5_h4_w500,500.0,12,0.25,10.530461311340332,22.799316846253088,10.186925601959224,10.888361644744936
config_39_det2_b15_s5_h4_w1500,1500.0,8,0.5,19.69494915008512,34.11234807294321,18.314363479614293,21.358347892759724
config_39_det2_b15_s5_h4_w1500,1500.0,8,0.25,19.738914489746207,34.16097644350941,18.977226257324222,20.545458221433325
config_39_det2_b15_s5_h4_w1500,1500.0,10,0.5,12.77513313293457,27.402969114225826,11.62879271697998,14.849665069574424
config_39_det2_b15_s5_h4_w1500,1500.0,10,0.25,12.563591690063477,27.42604222016896,11.928996406555175,14.544637807209702
config_39_det2_b15_s5_h4_w1500,1500.0,12,0.5,9.461047172546387,22.910710391093392,8.866280561447143,10.130078105926506
config_39_det2_b15_s5_h4_w1500,1500.0,12,0.25,9.44067467212677,22.928683453383464,9.029820442199707,9.973079089164735
config_40_det2_b15_s5_h12_w50,50.0,8,0.5,17.652636528015172,34.271015554577204,16.195604705810545,19.280941390991867
config_40_det2_b15_s5_h12_w50,50.0,8,0.25,17.692187309265076,34.326998139889525,16.70069808959961,18.745722961426093
config_40_det2_b15_s5_h12_w50,50.0,10,0.5,12.595078468322757,27.548652804067636,11.682046890258757,13.585382461547843
config_40_det2_b15_s5_h12_w50,50.0,10,0.25,12.582007408142013,27.571801729939086,11.930264091491699,13.334345436096436
config_40_det2_b15_s5_h12_w50,50.0,12,0.5,9.651656150818235,23.006712605399148,8.999751663208007,10.347229576110832
config_40_det2_b15_s5_h12_w50,50.0,12,0.25,9.624241828918434,23.021528083631697,9.142129707336426,10.207771873474139
config_41_det2_b15_s5_h12_w500,500.0,8,0.5,19.152149200439553,34.004587807286605,17.792199325561526,20.772318267822225
config_41_det2_b15_s5_h12_w500,500.0,8,0.25,19.19387435913083,34.055683665538396,18.41405563354487,19.991702651978397
config_41_det2_b15_s5_h12_w500,500.0,10,0.5,13.70039844512952,27.32056014408815,12.909208869934085,14.570153045654019
config_41_det2_b15_s5_h12_w500,500.0,10,0.25,13.718921661376953,27.34583892504067,13.236223411560049,14.216673469545977
config_41_det2_b15_s5_h12_w500,500.0,12,0.5,10.521195411682129,22.78256525618315,9.99272632598877,11.081023216247559
config_41_det2_b15_s5_h12_w500,500.0,12,0.25,10.530461311340332,22.799316846253088,10.186925601959224,10.888361644744936
config_42_det2_b15_s5_h12_w1500,1500.0,8,0.5,19.69494915008512,34.11234807294321,18.314363479614293,21.358347892759724
config_42_det2_b15_s5_h12_w1500,1500.0,8,0.25,19.738914489746207,34.16097644350941,18.977226257324222,20.545458221433325
config_42_det2_b15_s5_h12_w1500,1500.0,10,0.5,12.77513313293457,27.402969114225826,11.62879271697998,14.849665069574424
config_42_det2_b15_s5_h12_w1500,1500.0,10,0.25,12.563591690063477,27.42604222016896,11.928996406555175,14.544637807209702
config_42_det2_b15_s5_h12_w1500,1500.0,12,0.5,9.461047172546387,22.910710391093392,8.866280561447143,10.130078105926506
config_42_det2_b15_s5_h12_w1500,1500.0,12,0.25,9.44067467212677,22.928683453383464,9.029820442199707,9.973079089164735
config_43_det2_b15_s5_h24_w50,50.0,8,0.5,17.652636528015172,34.271015554577204,16.195604705810545,19.280941390991867
config_43_det2_b15_s5_h24_w50,50.0,8,0.25,17.692187309265076,34.326998139889525,16.70069808959961,18.745722961426093
config_43_det2_b15_s5_h24_w50,50.0,10,0.5,12.595078468322757,27.548652804067636,11.682046890258757,13.585382461547843
config_43_det2_b15_s5_h24_w50,50.0,10,0.25,12.582007408142013,27.571801729939086,11.930264091491699,13.334345436096436
config_43_det2_b15_s5_h24_w50,50.0,12,0.5,9.651656150818235,23.006712605399148,8.999751663208007,10.347229576110832
config_43_det2_b15_s5_h24_w50,50.0,12,0.25,9.624241828918434,23.021528083631697,9.142129707336426,10.207771873474139
config_44_det2_b15_s5_h24_w500,500.0,8,0.5,19.152149200439553,34.004587807286605,17.792199325561526,20.772318267822225
config_44_det2_b15_s5_h24_w500,500.0,8,0.25,19.19387435913083,34.055683665538396,18.41405563354487,19.991702651978397
config_44_det2_b15_s5_h24_w500,500.0,10,0.5,13.70039844512952,27.32056014408815,12.909208869934085,14.570153045654019
config_44_det2_b15_s5_h24_w500,500.0,10,0.25,13.718921661376953,27.34583892504067,13.236223411560049,14.216673469545977
config_44_det2_b15_s5_h24_w500,500.0,12,0.5,10.521195411682129,22.78256525618315,9.99272632598877,11.081023216247559
config_44_det2_b15_s5_h24_w500,500.0,12,0.25,10.530461311340332,22.799316846253088,10.186925601959224,10.888361644744936
config_45_det2_b15_s5_h24_w1500,1500.0,8,0.5,19.69494915008512,34.11234807294321,18.314363479614293,21.358347892759724
config_45_det2_b15_s5_h24_w1500,1500.0,8,0.25,19.738914489746207,34.16097644350941,18.977226257324222,20.545458221433325
config_45_det2_b15_s5_h24_w1500,1500.0,10,0.5,12.77513313293457,27.402969114225826,11.62879271697998,14.849665069574424
config_45_det2_b15_s5_h24_w1500,1500.0,10,0.25,12.563591690063477,27.42604222016896,11.928996406555175,14.544637807209702
config_45_det2_b15_s5_h24_w1500,1500.0,12,0.5,9.461047172546387,22.910710391093392,8.866280561447143,10.130078105926506
config_45_det2_b15_s5_h24_w1500,1500.0,12,0.25,9.44067467212677,22.928683453383464,9.029820442199707,9.973079089164735
config_46_det2_b15_s20_h4_w50,50.0,8,0.5,17.652636528015172,34.271015554577204,16.195604705810545,19.280941390991867
config_46_det2_b15_s20_h4_w50,50.0,8,0.25,17.692187309265076,34.326998139889525,16.70069808959961,18.745722961426093
config_46_det2_b15_s20_h4_w50,50.0,10,0.5,12.595078468322757,27.548652804067636,11.682046890258757,13.585382461547843
config_46_det2_b15_s20_h4_w50,50.0,10,0.25,12.582007408142013,27.571801729939086,11.930264091491699,13.334345436096436
config_46_det2_b15_s20_h4_w50,50.0,12,0.5,9.651656150818235,23.006712605399148,8.999751663208007,10.347229576110832
config_46_det2_b15_s20_h4_w50,50.0,12,0.25,9.624241828918434,23.021528083631697,9.142129707336426,10.207771873474139
config_47_det2_b15_s20_h4_w500,500.0,8,0.5,19.152149200439553,34.004587807286605,17.792199325561526,20.772318267822225
config_47_det2_b15_s20_h4_w500,500.0,8,0.25,19.19387435913083,34.055683665538396,18.41405563354487,19.991702651978397
config_47_det2_b15_s20_h4_w500,500.0,10,0.5,13.70039844512952,27.32056014408815,12.909208869934085,14.570153045654019
config_47_det2_b15_s20_h4_w500,500.0,10,0.25,13.718921661376953,27.34583892504067,13.236223411560049,14.216673469545977
config_47_det2_b15_s20_h4_w500,500.0,12,0.5,10.521195411682129,22.78256525618315,9.99272632598877,11.081023216247559
config_47_det2_b15_s20_h4_w500,500.0,12,0.25,10.530461311340332,22.799316846253088,10.186925601959224,10.888361644744936
config_48_det2_b15_s20_h4_w1500,1500.0,8,0.5,19.69494915008512,34.11234807294321,18.314363479614293,21.358347892759724
config_48_det2_b15_s20_h4_w1500,1500.0,8,0.25,19.738914489746207,34.16097644350941,18.977226257324222,20.545458221433325
config_48_det2_b15_s20_h4_w1500,1500.0,10,0.5,12.77513313293457,27.402969114225826,11.62879271697998,14.849665069574424
config_48_det2_b15_s20_h4_w1500,1500.0,10,0.25,12.563591690063477,27.42604222016896,11.928996406555175,14.544637807209702
config_48_det2_b15_s20_h4_w1500,1500.0,12,0.5,9.461047172546387,22.910710391093392,8.866280561447143,10.130078105926506
config_48_det2_b15_s20_h4_w1500,1500.0,12,0.25,9.44067467212677,22.928683453383464,9.029820442199707,9.973079089164735
config_49_det2_b15_s20_h12_w50,50.0,8,0.5,17.652636528015172,34.271015554577204,16.195604705810545,19.280941390991867
config_49_det2_b15_s20_h12_w50,50.0,8,0.25,17.692187309265076,34.326998139889525,16.70069808959961,18.745722961426093
config_49_det2_b15_s20_h12_w50,50.0,10,0.5,12.595078468322757,27.548652804067636,11.682046890258757,13.585382461547843
config_49_det2_b15_s20_h12_w50,50.0,10,0.25,12.582007408142013,27.571801729939086,11.930264091491699,13.334345436096436
config_49_det2_b15_s20_h12_w50,50.0,12,0.5,9.651656150818235,23.006712605399148,8.999751663208007,10.347229576110832
config_49_det2_b15_s20_h12_w50,50.0,12,0.25,9.624241828918434,23.021528083631697,9.142129707336426,10.207771873474139
config_50_det2_b15_s20_h12_w500,500.0,8,0.5,19.152149200439553,34.004587807286605,17.792199325561526,20.772318267822225
config_50_det2_b15_s20_h12_w500,500.0,8,0.25,19.19387435913083,34.055683665538396,18.41405563354487,19.991702651978397
config_50_det2_b15_s20_h12_w500,500.0,10,0.5,13.70039844512952,27.32056014408815,12.909208869934085,14.570153045654019
config_50_det2_b15_s20_h12_w500,500.0,10,0.25,13.718921661376953,27.34583892504067,13.236223411560049,14.216673469545977
config_50_det2_b15_s20_h12_w500,500.0,12,0.5,10.521195411682129,22.78256525618315,9.99272632598877,11.081023216247559
config_50_det2_b15_s20_h12_w500,500.0,12,0.25,10.530461311340332,22.799316846253088,10.186925601959224,10.888361644744936
config_51_det2_b15_s20_h12_w1500,1500.0,8,0.5,19.69494915008512,34.11234807294321,18.314363479614293,21.358347892759724
config_51_det2_b15_s20_h12_w1500,1500.0,8,0.25,19.738914489746207,34.16097644350941,18.977226257324222,20.545458221433325
config_51_det2_b15_s20_h12_w1500,1500.0,10,0.5,12.77513313293457,27.402969114225826,11.62879271697998,14.849665069574424
config_51_det2_b15_s20_h12_w1500,1500.0,10,0.25,12.563591690063477,27.42604222016896,11.928996406555175,14.544637807209702
config_51_det2_b15_s20_h12_w1500,1500.0,12,0.5,9.461047172546387,22.910710391093392,8.866280561447143,10.130078105926506
config_51_det2_b15_s20_h12_w1500,1500.0,12,0.25,9.44067467212677,22.928683453383464,9.029820442199707,9.973079089164735
config_52_det2_b15_s20_h24_w50,50.0,8,0.5,17.652636528015172,34.271015554577204,16.195604705810545,19.280941390991867
config_52_det2_b15_s20_h24_w50,50.0,8,0.25,17.692187309265076,34.326998139889525,16.70069808959961,18.745722961426093
config_52_det2_b15_s20_h24_w50,50.0,10,0.5,12.595078468322757,27.548652804067636,11.682046890258757,13.585382461547843
config_52_det2_b15_s20_h24_w50,50.0,10,0.25,12.582007408142013,27.571801729939086,11.930264091491699,13.334345436096436
config_52_det2_b15_s20_h24_w50,50.0,12,0.5,9.651656150818235,23.006712605399148,8.999751663208007,10.347229576110832
config_52_det2_b15_s20_h24_w50,50.0,12,0.25,9.624241828918434,23.021528083631697,9.142129707336426,10.207771873474139
config_53_det2_b15_s20_h24_w500,500.0,8,0.5,19.152149200439553,34.004587807286605,17.792199325561526,20.772318267822225
config_53_det2_b15_s20_h24_w500,500.0,8,0.25,19.19387435913083,34.055683665538396,18.41405563354487,19.991702651978397
config_53_det2_b15_s20_h24_w500,500.0,10,0.5,13.70039844512952,27.32056014408815,12.909208869934085,14.570153045654019
config_53_det2_b15_s20_h24_w500,500.0,10,0.25,13.718921661376953,27.34583892504067,13.236223411560049,14.216673469545977
config_53_det2_b15_s20_h24_w500,500.0,12,0.5,10.521195411682129,22.78256525618315,9.99272632598877,11.081023216247559
config_53_det2_b15_s20_h24_w500,500.0,12,0.25,10.530461311340332,22.799316846253088,10.186925601959224,10.888361644744936
config_54_det2_b15_s20_h24_w1500,1500.0,8,0.5,19.69494915008512,34.11234807294321,18.314363479614293,21.358347892759724
config_54_det2_b15_s20_h24_w1500,1500.0,8,0.25,19.738914489746207,34.16097644350941,18.977226257324222,20.545458221433325
config_54_det2_b15_s20_h24_w1500,1500.0,10,0.5,12.77513313293457,27.402969114225826,11.62879271697998,14.849665069574424
config_54_det2_b15_s20_h24_w1500,1500.0,10,0.25,12.563591690063477,27.42604222016896,11.928996406555175,14.544637807209702
config_54_det2_b15_s20_h24_w1500,1500.0,12,0.5,9.461047172546387,22.910710391093392,8.866280561447143,10.130078105926506
config_54_det2_b15_s20_h24_w1500,1500.0,12,0.25,9.44067467212677,22.928683453383464,9.029820442199707,9.973079089164735
config_55_det2_b30_s5_h4_w50,50.0,8,0.5,17.652636528015172,34.271015554577204,16.195604705810545,19.280941390991867
config_55_det2_b30_s5_h4_w50,50.0,8,0.25,17.692187309265076,34.326998139889525,16.70069808959961,18.745722961426093
config_55_det2_b30_s5_h4_w50,50.0,10,0.5,12.595078468322757,27.548652804067636,11.682046890258757,13.585382461547843
config_55_det2_b30_s5_h4_w50,50.0,10,0.25,12.582007408142013,27.571801729939086,11.930264091491699,13.334345436096436
config_55_det2_b30_s5_h4_w50,50.0,12,0.5,9.651656150818235,23.006712605399148,8.999751663208007,10.347229576110832
config_55_det2_b30_s5_h4_w50,50.0,12,0.25,9.624241828918434,23.021528083631697,9.142129707336426,10.207771873474139
config_56_det2_b30_s5_h4_w500,500.0,8,0.5,19.152149200439553,34.004587807286605,17.792199325561526,20.772318267822225
config_56_det2_b30_s5_h4_w500,500.0,8,0.25,19.19387435913083,34.055683665538396,18.41405563354487,19.991702651978397
config_56_det2_b30_s5_h4_w500,500.0,10,0.5,13.70039844512952,27.32056014408815,12.909208869934085,14.570153045654019
config_56_det2_b30_s5_h4_w500,500.0,10,0.25,13.718921661376953,27.34583892504067,13.236223411560049,14.216673469545977
config_56_det2_b30_s5_h4_w500,500.0,12,0.5,10.521195411682129,22.78256525618315,9.99272632598877,11.081023216247559
config_56_det2_b30_s5_h4_w500,500.0,12,0.25,10.530461311340332,22.799316846253088,10.186925601959224,10.888361644744936
config_57_det2_b30_s5_h4_w1500,1500.0,8,0.5,19.69494915008512,34.11234807294321,18.314363479614293,21.358347892759724
config_57_det2_b30_s5_h4_w1500,1500.0,8,0.25,19.738914489746207,34.16097644350941,18.977226257324222,20.545458221433325
config_57_det2_b30_s5_h4_w1500,1500.0,10,0.5,12.77513313293457,27.402969114225826,11.62879271697998,14.849665069574424
config_57_det2_b30_s5_h4_w1500,1500.0,10,0.25,12.563591690063477,27.42604222016896,11.928996406555175,14.544637807209702
config_57_det2_b30_s5_h4_w1500,1500.0,12,0.5,9.461047172546387,22.910710391093392,8.866280561447143,10.130078105926506
config_57_det2_b30_s5_h4_w1500,1500.0,12,0.25,9.44067467212677,22.928683453383464,9.029820442199707,9.973079089164735
config_58_det2_b30_s5_h12_w50,50.0,8,0.5,17.652636528015172,34.271015554577204,16.195604705810545,19.280941390991867
config_58_det2_b30_s5_h12_w50,50.0,8,0.25,17.692187309265076,34.326998139889525,16.70069808959961,18.745722961426093
config_58_det2_b30_s5_h12_w50,50.0,10,0.5,12.595078468322757,27.548652804067636,11.682046890258757,13.585382461547843
config_58_det2_b30_s5_h12_w50,50.0,10,0.25,12.582007408142013,27.571801729939086,11.930264091491699,13.334345436096436
config_58_det2_b30_s5_h12_w50,50.0,12,0.5,9.651656150818235,23.006712605399148,8.999751663208007,10.347229576110832
config_58_det2_b30_s5_h12_w50,50.0,12,0.25,9.624241828918434,23.021528083631697,9.142129707336426,10.207771873474139
config_59_det2_b30_s5_h12_w500,500.0,8,0.5,19.152149200439553,34.004587807286605,17.792199325561526,20.772318267822225
config_59_det2_b30_s5_h12_w500,500.0,8,0.25,19.19387435913083,34.055683665538396,18.41405563354487,19.991702651978397
config_59_det2_b30_s5_h12_w500,500.0,10,0.5,13.70039844512952,27.32056014408815,12.909208869934085,14.570153045654019
config_59_det2_b30_s5_h12_w500,500.0,10,0.25,13.718921661376953,27.34583892504067,13.236223411560049,14.216673469545977
config_59_det2_b30_s5_h12_w500,500.0,12,0.5,10.521195411682129,22.78256525618315,9.99272632598877,11.081023216247559
config_59_det2_b30_s5_h12_w500,500.0,12,0.25,10.530461311340332,22.799316846253088,10.186925601959224,10.888361644744936
config_60_det2_b30_s5_h12_w1500,1500.0,8,0.5,19.69494915008512,34.11234807294321,18.314363479614293,21.358347892759724
config_60_det2_b30_s5_h12_w1500,1500.0,8,0.25,19.738914489746207,34.16097644350941,18.977226257324222,20.545458221433325
config_60_det2_b30_s5_h12_w1500,1500.0,10,0.5,12.77513313293457,27.402969114225826,11.62879271697998,14.849665069574424
config_60_det2_b30_s5_h12_w1500,1500.0,10,0.25,12.563591690063477,27.42604222016896,11.928996406555175,14.544637807209702
config_60_det2_b30_s5_h12_w1500,1500.0,12,0.5,9.461047172546387,22.910710391093392,8.866280561447143,10.130078105926506
config_60_det2_b30_s5_h12_w1500,1500.0,12,0.25,9.44067467212677,22.928683453383464,9.029820442199707,9.973079089164735
config_61_det2_b30_s5_h24_w50,50.0,8,0.5,17.652636528015172,34.271015554577204,16.195604705810545,19.280941390991867
config_61_det2_b30_s5_h24_w50,50.0,8,0.25,17.692187309265076,34.326998139889525,16.70069808959961,18.745722961426093
config_61_det2_b30_s5_h24_w50,50.0,10,0.5,12.595078468322757,27.548652804067636,11.682046890258757,13.585382461547843
config_61_det2_b30_s5_h24_w50,50.0,10,0.25,12.582007408142013,27.571801729939086,11.930264091491699,13.334345436096436
config_61_det2_b30_s5_h24_w50,50.0,12,0.5,9.651656150818235,23.006712605399148,8.999751663208007,10.347229576110832
config_61_det2_b30_s5_h24_w50,50.0,12,0.25,9.624241828918434,23.021528083631697,9.142129707336426,10.207771873474139
config_62_det2_b30_s5_h24_w500,500.0,8,0.5,19.152149200439553,34.004587807286605,17.792199325561526,20.772318267822225
config_62_det2_b30_s5_h24_w500,500.0,8,0.25,19.19387435913083,34.055683665538396,18.41405563354487,19.991702651978397
config_62_det2_b30_s5_h24_w500,500.0,10,0.5,13.70039844512952,27.32056014408815,12.909208869934085,14.570153045654019
config_62_det2_b30_s5_h24_w500,500.0,10,0.25,13.718921661376953,27.34583892504067,13.236223411560049,14.216673469545977
config_62_det2_b30_s5_h24_w500,500.0,12,0.5,10.521195411682129,22.78256525618315,9.99272632598877,11.081023216247559
config_62_det2_b30_s5_h24_w500,500.0,12,0.25,10.530461311340332,22.799316846253088,10.186925601959224,10.888361644744936
config_63_det2_b30_s5_h24_w1500,1500.0,8,0.5,19.69494915008512,34.11234807294321,18.314363479614293,21.358347892759724
config_63_det2_b30_s5_h24_w1500,1500.0,8,0.25,19.738914489746207,34.16097644350941,18.977226257324222,20.545458221433325
config_63_det2_b30_s5_h24_w1500,1500.0,10,0.5,12.77513313293457,27.402969114225826,11.62879271697998,14.849665069574424
config_63_det2_b30_s5_h24_w1500,1500.0,10,0.25,12.563591690063477,27.42604222016896,11.928996406555175,14.544637807209702
config_63_det2_b30_s5_h24_w1500,1500.0,12,0.5,9.461047172546387,22.910710391093392,8.866280561447143,10.130078105926506
config_63_det2_b30_s5_h24_w1500,1500.0,12,0.25,9.44067467212677,22.928683453383464,9.029820442199707,9.973079089164735
config_64_det2_b30_s20_h4_w50,50.0,8,0.5,17.652636528015172,34.271015554577204,16.195604705810545,19.280941390991867
config_64_det2_b30_s20_h4_w50,50.0,8,0.25,17.692187309265076,34.326998139889525,16.70069808959961,18.745722961426093
config_64_det2_b30_s20_h4_w50,50.0,10,0.5,12.595078468322757,27.548652804067636,11.682046890258757,13.585382461547843
config_64_det2_b30_s20_h4_w50,50.0,10,0.25,12.582007408142013,27.571801729939086,11.930264091491699,13.334345436096436
config_64_det2_b30_s20_h4_w50,50.0,12,0.5,9.651656150818235,23.006712605399148,8.999751663208007,10.347229576110832
config_64_det2_b30_s20_h4_w50,50.0,12,0.25,9.624241828918434,23.021528083631697,9.142129707336426,10.207771873474139
config_65_det2_b30_s20_h4_w500,500.0,8,0.5,19.152149200439553,34.004587807286605,17.792199325561526,20.772318267822225
config_65_det2_b30_s20_h4_w500,500.0,8,0.25,19.19387435913083,34.055683665538396,18.41405563354487,19.991702651978397
config_65_det2_b30_s20_h4_w500,500.0,10,0.5,13.70039844512952,27.32056014408815,12.909208869934085,14.570153045654019
config_65_det2_b30_s20_h4_w500,500.0,10,0.25,13.718921661376953,27.34583892504067,13.236223411560049,14.216673469545977
config_65_det2_b30_s20_h4_w500,500.0,12,0.5,10.521195411682129,22.78256525618315,9.99272632598877,11.081023216247559
config_65_det2_b30_s20_h4_w500,500.0,12,0.25,10.530461311340332,22.799316846253088,10.186925601959224,10.888361644744936
config_66_det2_b30_s20_h4_w1500,1500.0,8,0.5,19.69494915008512,34.11234807294321,18.314363479614293,21.358347892759724
config_66_det2_b30_s20_h4_w1500,1500.0,8,0.25,19.738914489746207,34.16097644350941,18.977226257324222,20.545458221433325
config_66_det2_b30_s20_h4_w1500,1500.0,10,0.5,12.77513313293457,27.402969114225826,11.62879271697998,14.849665069574424
config_66_det2_b30_s20_h4_w1500,1500.0,10,0.25,12.563591690063477,27.42604222016896,11.928996406555175,14.544637807209702
config_66_det2_b30_s20_h4_w1500,1500.0,12,0.5,9.461047172546387,22.910710391093392,8.866280561447143,10.130078105926506
config_66_det2_b30_s20_h4_w1500,1500.0,12,0.25,9.44067467212677,22.928683453383464,9.029820442199707,9.973079089164735
config_67_det2_b30_s20_h12_w50,50.0,8,0.5,17.652636528015172,34.271015554577204,16.195604705810545,19.280941390991867
config_67_det2_b30_s20_h12_w50,50.0,8,0.25,17.692187309265076,34.326998139889525,16.70069808959961,18.745722961426093
config_67_det2_b30_s20_h12_w50,50.0,10,0.5,12.595078468322757,27.548652804067636,11.682046890258757,13.585382461547843
config_67_det2_b30_s20_h12_w50,50.0,10,0.25,12.582007408142013,27.571801729939086,11.930264091491699,13.334345436096436
config_67_det2_b30_s20_h12_w50,50.0,12,0.5,9.651656150818235,23.006712605399148,8.999751663208007,10.347229576110832
config_67_det2_b30_s20_h12_w50,50.0,12,0.25,9.624241828918434,23.021528083631697,9.142129707336426,10.207771873474139
config_68_det2_b30_s20_h12_w500,500.0,8,0.5,19.152149200439553,34.004587807286605,17.792199325561526,20.772318267822225
config_68_det2_b30_s20_h12_w500,500.0,8,0.25,19.19387435913083,34.055683665538396,18.41405563354487,19.991702651978397
config_68_det2_b30_s20_h12_w500,500.0,10,0.5,13.70039844512952,27.32056014408815,12.909208869934085,14.570153045654019
config_68_det2_b30_s20_h12_w500,500.0,10,0.25,13.718921661376953,27.34583892504067,13.236223411560049,14.216673469545977
config_68_det2_b30_s20_h12_w500,500.0,12,0.5,10.521195411682129,22.78256525618315,9.99272632598877,11.081023216247559
config_68_det2_b30_s20_h12_w500,500.0,12,0.25,10.530461311340332,22.799316846253088,10.186925601959224,10.888361644744936
config_69_det2_b30_s20_h12_w1500,1500.0,8,0.5,19.69494915008512,34.11234807294321,18.314363479614293,21.358347892759724
config_69_det2_b30_s20_h12_w1500,1500.0,8,0.25,19.738914489746207,34.16097644350941,18.977226257324222,20.545458221433325
config_69_det2_b30_s20_h12_w1500,1500.0,10,0.5,12.77513313293457,27.402969114225826,11.62879271697998,14.849665069574424
config_69_det2_b30_s20_h12_w1500,1500.0,10,0.25,12.563591690063477,27.42604222016896,11.928996406555175,14.544637807209702
config_69_det2_b30_s20_h12_w1500,1500.0,12,0.5,9.461047172546387,22.910710391093392,8.866280561447143,10.130078105926506
config_69_det2_b30_s20_h12_w1500,1500.0,12,0.25,9.44067467212677,22.928683453383464,9.029820442199707,9.973079089164735
config_70_det2_b30_s20_h24_w50,50.0,8,0.5,17.652636528015172,34.271015554577204,16.195604705810545,19.280941390991867
config_70_det2_b30_s20_h24_w50,50.0,8,0.25,17.692187309265076,34.326998139889525,16.70069808959961,18.745722961426093
config_70_det2_b30_s20_h24_w50,50.0,10,0.5,12.595078468322757,27.548652804067636,11.682046890258757,13.585382461547843
config_70_det2_b30_s20_h24_w50,50.0,10,0.25,12.582007408142013,27.571801729939086,11.930264091491699,13.334345436096436
config_70_det2_b30_s20_h24_w50,50.0,12,0.5,9.651656150818235,23.006712605399148,8.999751663208007,10.347229576110832
config_70_det2_b30_s20_h24_w50,50.0,12,0.25,9.624241828918434,23.021528083631697,9.142129707336426,10.207771873474139
config_71_det2_b30_s20_h24_w500,500.0,8,0.5,19.152149200439553,34.004587807286605,17.792199325561526,20.772318267822225
config_71_det2_b30_s20_h24_w500,500.0,8,0.25,19.19387435913083,34.055683665538396,18.41405563354487,19.991702651978397
config_71_det2_b30_s20_h24_w500,500.0,10,0.5,13.70039844512952,27.32056014408815,12.909208869934085,14.570153045654019
config_71_det2_b30_s20_h24_w500,500.0,10,0.25,13.718921661376953,27.34583892504067,13.236223411560049,14.216673469545977
config_71_det2_b30_s20_h24_w500,500.0,12,0.5,10.521195411682129,22.78256525618315,9.99272632598877,11.081023216247559
config_71_det2_b30_s20_h24_w500,500.0,12,0.25,10.530461311340332,22.799316846253088,10.186925601959224,10.888361644744936
config_72_det2_b30_s20_h24_w1500,1500.0,8,0.5,19.69494915008512,34.11234807294321,18.314363479614293,21.358347892759724
config_72_det2_b30_s20_h24_w1500,1500.0,8,0.25,19.738914489746207,34.16097644350941,18.977226257324222,20.545458221433325
config_72_det2_b30_s20_h24_w1500,1500.0,10,0.5,12.77513313293457,27.402969114225826,11.62879271697998,14.849665069574424
config_72_det2_b30_s20_h24_w1500,1500.0,10,0.25,12.563591690063477,27.42604222016896,11.928996406555175,14.544637807209702
config_72_det2_b30_s20_h24_w1500,1500.0,12,0.5,9.461047172546387,22.910710391093392,8.866280561447143,10.130078105926506
config_72_det2_b30_s20_h24_w1500,1500.0,12,0.25,9.44067467212677,22.928683453383464,9.029820442199707,9.973079089164735
config_73_det1_b10_s8_h10_w250,250.0,8,0.5,18.752742767333967,34.146230487234455,17.359338378906248,20.373161697387744
config_73_det1_b10_s8_h10_w250,250.0,8,0.25,18.801218032836918,34.1985205475225,17.92438621520996,19.72432060241597
config_73_det1_b10_s8_h10_w250,250.0,10,0.5,13.413336277008085,27.437339211429446,12.57326602935791,14.33900547027755
config_73_det1_b10_s8_h10_w250,250.0,10,0.25,13.435390472412164,27.46445916973992,12.863622283935547,14.029732513427353
config_73_det1_b10_s8_h10_w250,250.0,12,0.5,10.301586151123209,22.9141884420329,9.724846649169931,10.92017364501947
config_73_det1_b10_s8_h10_w250,250.0,12,0.25,10.302663803100584,22.930179686150726,9.892918968200672,10.746049880981777
config_74_det1_b10_s8_h10_w1000,1000.0,8,0.5,19.520359039306644,34.14120788574251,18.153288650512746,21.17310638427288
config_74_det1_b10_s8_h10_w1000,1000.0,8,0.25,19.564836502075195,34.19024810791018,18.81052474975586,20.35811195373684
config_74_det1_b10_s8_h10_w1000,1000.0,10,0.5,13.968520800272461,27.178362019856007,12.12139919948578,14.85715573628654
config_74_det1_b10_s8_h10_w1000,1000.0,10,0.25,13.98712793986012,27.31919315338137,12.62178266292148,14.456871965196356
config_74_det1_b10_s8_h10_w1000,1000.0,12,0.5,9.372570748329162,22.90768123626709,8.725557866096496,11.147131517198188
config_74_det1_b10_s8_h10_w1000,1000.0,12,0.25,9.30686249256134,22.924651412963872,8.894844055175781,11.025711165533474
config_75_det1_b10_s8_h15_w250,250.0,8,0.5,18.752742767333967,34.146230487234455,17.359338378906248,20.373161697387744
config_75_det1_b10_s8_h15_w250,250.0,8,0.25,18.801218032836918,34.1985205475225,17.92438621520996,19.72432060241597
config_75_det1_b10_s8_h15_w250,250.0,10,0.5,13.413336277008085,27.437339211429446,12.57326602935791,14.33900547027755
config_75_det1_b10_s8_h15_w250,250.0,10,0.25,13.435390472412164,27.46445916973992,12.863622283935547,14.029732513427353
config_75_det1_b10_s8_h15_w250,250.0,12,0.5,10.301586151123209,22.9141884420329,9.724846649169931,10.92017364501947
config_75_det1_b10_s8_h15_w250,250.0,12,0.25,10.302663803100584,22.930179686150726,9.892918968200672,10.746049880981777
config_76_det1_b10_s8_h15_w1000,1000.0,8,0.5,19.520359039306644,34.14120788574251,18.153288650512746,21.17310638427288
config_76_det1_b10_s8_h15_w1000,1000.0,8,0.25,19.564836502075195,34.19024810791018,18.81052474975586,20.35811195373684
config_76_det1_b10_s8_h15_w1000,1000.0,10,0.5,13.968520800272461,27.178362019856007,12.12139919948578,14.85715573628654
config_76_det1_b10_s8_h15_w1000,1000.0,10,0.25,13.98712793986012,27.31919315338137,12.62178266292148,14.456871965196356
config_76_det1_b10_s8_h15_w1000,1000.0,12,0.5,9.372570748329162,22.90768123626709,8.725557866096496,11.147131517198188
config_76_det1_b10_s8_h15_w1000,1000.0,12,0.25,9.30686249256134,22.924651412963872,8.894844055175781,11.025711165533474
config_77_det1_b10_s12_h10_w250,250.0,8,0.5,18.752742767333967,34.146230487234455,17.359338378906248,20.373161697387744
config_77_det1_b10_s12_h10_w250,250.0,8,0.25,18.801218032836918,34.1985205475225,17.92438621520996,19.72432060241597
config_77_det1_b10_s12_h10_w250,250.0,10,0.5,13.413336277008085,27.437339211429446,12.57326602935791,14.33900547027755
config_77_det1_b10_s12_h10_w250,250.0,10,0.25,13.435390472412164,27.46445916973992,12.863622283935547,14.029732513427353
config_77_det1_b10_s12_h10_w250,250.0,12,0.5,10.301586151123209,22.9141884420329,9.724846649169931,10.92017364501947
config_77_det1_b10_s12_h10_w250,250.0,12,0.25,10.302663803100584,22.930179686150726,9.892918968200672,10.746049880981777
config_78_det1_b10_s12_h10_w1000,1000.0,8,0.5,19.520359039306644,34.14120788574251,18.153288650512746,21.17310638427288
config_78_det1_b10_s12_h10_w1000,1000.0,8,0.25,19.564836502075195,34.19024810791018,18.81052474975586,20.35811195373684
config_78_det1_b10_s12_h10_w1000,1000.0,10,0.5,13.968520800272461,27.178362019856007,12.12139919948578,14.85715573628654
config_78_det1_b10_s12_h10_w1000,1000.0,10,0.25,13.98712793986012,27.31919315338137,12.62178266292148,14.456871965196356
config_78_det1_b10_s12_h10_w1000,1000.0,12,0.5,9.372570748329162,22.90768123626709,8.725557866096496,11.147131517198188
config_78_det1_b10_s12_h10_w1000,1000.0,12,0.25,9.30686249256134,22.924651412963872,8.894844055175781,11.025711165533474
config_79_det1_b10_s12_h15_w250,250.0,8,0.5,18.752742767333967,34.146230487234455,17.359338378906248,20.373161697387744
config_79_det1_b10_s12_h15_w250,250.0,8,0.25,18.801218032836918,34.1985205475225,17.92438621520996,19.72432060241597
config_79_det1_b10_s12_h15_w250,250.0,10,0.5,13.413336277008085,27.437339211429446,12.57326602935791,14.33900547027755
config_79_det1_b10_s12_h15_w250,250.0,10,0.25,13.435390472412164,27.46445916973992,12.863622283935547,14.029732513427353
config_79_det1_b10_s12_h15_w250,250.0,12,0.5,10.301586151123209,22.9141884420329,9.724846649169931,10.92017364501947
config_79_det1_b10_s12_h15_w250,250.0,12,0.25,10.302663803100584,22.930179686150726,9.892918968200672,10.746049880981777
config_80_det1_b10_s12_h15_w1000,1000.0,8,0.5,19.520359039306644,34.14120788574251,18.153288650512746,21.17310638427288
config_80_det1_b10_s12_h15_w1000,1000.0,8,0.25,19.564836502075195,34.19024810791018,18.81052474975586,20.35811195373684
config_80_det1_b10_s12_h15_w1000,1000.0,10,0.5,13.968520800272461,27.178362019856007,12.12139919948578,14.85715573628654
config_80_det1_b10_s12_h15_w1000,1000.0,10,0.25,13.98712793986012,27.31919315338137,12.62178266292148,14.456871965196356
config_80_det1_b10_s12_h15_w1000,1000.0,12,0.5,9.372570748329162,22.90768123626709,8.725557866096496,11.147131517198188
config_80_det1_b10_s12_h15_w1000,1000.0,12,0.25,9.30686249256134,22.924651412963872,8.894844055175781,11.025711165533474
config_81_det2_b10_s8_h10_w250,250.0,8,0.5,18.752742767333967,34.146230487234455,17.359338378906248,20.373161697387744
config_81_det2_b10_s8_h10_w250,250.0,8,0.25,18.801218032836918,34.1985205475225,17.92438621520996,19.72432060241597
config_81_det2_b10_s8_h10_w250,250.0,10,0.5,13.413336277008085,27.437339211429446,12.57326602935791,14.33900547027755
config_81_det2_b10_s8_h10_w250,250.0,10,0.25,13.435390472412164,27.46445916973992,12.863622283935547,14.029732513427353
config_81_det2_b10_s8_h10_w250,250.0,12,0.5,10.301586151123209,22.9141884420329,9.724846649169931,10.92017364501947
config_81_det2_b10_s8_h10_w250,250.0,12,0.25,10.302663803100584,22.930179686150726,9.892918968200672,10.746049880981777
config_82_det2_b10_s8_h10_w1000,1000.0,8,0.5,19.520359039306644,34.14120788574251,18.153288650512746,21.17310638427288
config_82_det2_b10_s8_h10_w1000,1000.0,8,0.25,19.564836502075195,34.19024810791018,18.81052474975586,20.35811195373684
config_82_det2_b10_s8_h10_w1000,1000.0,10,0.5,13.968520800272461,27.178362019856007,12.12139919948578,14.85715573628654
config_82_det2_b10_s8_h10_w1000,1000.0,10,0.25,13.98712793986012,27.31919315338137,12.62178266292148,14.456871965196356
config_82_det2_b10_s8_h10_w1000,1000.0,12,0.5,9.372570748329162,22.90768123626709,8.725557866096496,11.147131517198188
config_82_det2_b10_s8_h10_w1000,1000.0,12,0.25,9.30686249256134,22.924651412963872,8.894844055175781,11.025711165533474
config_83_det2_b10_s8_h15_w250,250.0,8,0.5,18.752742767333967,34.146230487234455,17.359338378906248,20.373161697387744
config_83_det2_b10_s8_h15_w250,250.0,8,0.25,18.801218032836918,34.1985205475225,17.92438621520996,19.72432060241597
config_83_det2_b10_s8_h15_w250,250.0,10,0.5,13.413336277008085,27.437339211429446,12.57326602935791,14.33900547027755
config_83_det2_b10_s8_h15_w250,250.0,10,0.25,13.435390472412164,27.46445916973992,12.863622283935547,14.029732513427353
config_83_det2_b10_s8_h15_w250,250.0,12,0.5,10.301586151123209,22.9141884420329,9.724846649169931,10.92017364501947
config_83_det2_b10_s8_h15_w250,250.0,12,0.25,10.302663803100584,22.930179686150726,9.892918968200672,10.746049880981777
config_84_det2_b10_s8_h15_w1000,1000.0,8,0.5,19.520359039306644,34.14120788574251,18.153288650512746,21.17310638427288
config_84_det2_b10_s8_h15_w1000,1000.0,8,0.25,19.564836502075195,34.19024810791018,18.81052474975586,20.35811195373684
config_84_det2_b10_s8_h15_w1000,1000.0,10,0.5,13.968520800272461,27.178362019856007,12.12139919948578,14.85715573628654
config_84_det2_b10_s8_h15_w1000,1000.0,10,0.25,13.98712793986012,27.31919315338137,12.62178266292148,14.456871965196356
config_84_det2_b10_s8_h15_w1000,1000.0,12,0.5,9.372570748329162,22.90768123626709,8.725557866096496,11.147131517198188
config_84_det2_b10_s8_h15_w1000,1000.0,12,0.25,9.30686249256134,22.924651412963872,8.894844055175781,11.025711165533474
config_85_det2_b10_s12_h10_w250,250.0,8,0.5,18.752742767333967,34.146230487234455,17.359338378906248,20.373161697387744
config_85_det2_b10_s12_h10_w250,250.0,8,0.25,18.801218032836918,34.1985205475225,17.92438621520996,19.72432060241597
config_85_det2_b10_s12_h10_w250,250.0,10,0.5,13.413336277008085,27.437339211429446,12.57326602935791,14.33900547027755
config_85_det2_b10_s12_h10_w250,250.0,10,0.25,13.435390472412164,27.46445916973992,12.863622283935547,14.029732513427353
config_85_det2_b10_s12_h10_w250,250.0,12,0.5,10.301586151123209,22.9141884420329,9.724846649169931,10.92017364501947
config_85_det2_b10_s12_h10_w250,250.0,12,0.25,10.302663803100584,22.930179686150726,9.892918968200672,10.746049880981777
config_86_det2_b10_s12_h10_w1000,1000.0,8,0.5,19.520359039306644,34.14120788574251,18.153288650512746,21.17310638427288
config_86_det2_b10_s12_h10_w1000,1000.0,8,0.25,19.564836502075195,34.19024810791018,18.81052474975586,20.35811195373684
config_86_det2_b10_s12_h10_w1000,1000.0,10,0.5,13.968520800272461,27.178362019856007,12.12139919948578,14.85715573628654
config_86_det2_b10_s12_h10_w1000,1000.0,10,0.25,13.98712793986012,27.31919315338137,12.62178266292148,14.456871965196356
config_86_det2_b10_s12_h10_w1000,1000.0,12,0.5,9.372570748329162,22.90768123626709,8.725557866096496,11.147131517198188
config_86_det2_b10_s12_h10_w1000,1000.0,12,0.25,9.30686249256134,22.924651412963872,8.894844055175781,11.025711165533474
config_87_det2_b10_s12_h15_w250,250.0,8,0.5,18.752742767333967,34.146230487234455,17.359338378906248,20.373161697387744
config_87_det2_b10_s12_h15_w250,250.0,8,0.25,18.801218032836918,34.1985205475225,17.92438621520996,19.72432060241597
config_87_det2_b10_s12_h15_w250,250.0,10,0.5,13.413336277008085,27.437339211429446,12.57326602935791,14.33900547027755
config_87_det2_b10_s12_h15_w250,250.0,10,0.25,13.435390472412164,27.46445916973992,12.863622283935547,14.029732513427353
config_87_det2_b10_s12_h15_w250,250.0,12,0.5,10.301586151123209,22.9141884420329,9.724846649169931,10.92017364501947
config_87_det2_b10_s12_h15_w250,250.0,12,0.25,10.302663803100584,22.930179686150726,9.892918968200672,10.746049880981777
config_88_det2_b10_s12_h15_w1000,1000.0,8,0.5,19.520359039306644,34.14120788574251,18.153288650512746,21.17310638427288
config_88_det2_b10_s12_h15_w1000,1000.0,8,0.25,19.564836502075195,34.19024810791018,18.81052474975586,20.35811195373684
config_88_det2_b10_s12_h15_w1000,1000.0,10,0.5,13.968520800272461,27.178362019856007,12.12139919948578,14.85715573628654
config_88_det2_b10_s12_h15_w1000,1000.0,10,0.25,13.98712793986012,27.31919315338137,12.62178266292148,14.456871965196356
config_88_det2_b10_s12_h15_w1000,1000.0,12,0.5,9.372570748329162,22.90768123626709,8.725557866096496,11.147131517198188
config_88_det2_b10_s12_h15_w1000,1000.0,12,0.25,9.30686249256134,22.924651412963872,8.894844055175781,11.025711165533474
config_89_det1_b10_s5_h15_w250,250.0,8,0.5,18.752742767333967,34.146230487234455,17.359338378906248,20.373161697387744
config_89_det1_b10_s5_h15_w250,250.0,8,0.25,18.801218032836918,34.1985205475225,17.92438621520996,19.72432060241597
config_89_det1_b10_s5_h15_w250,250.0,10,0.5,13.413336277008085,27.437339211429446,12.57326602935791,14.33900547027755
config_89_det1_b10_s5_h15_w250,250.0,10,0.25,13.435390472412164,27.46445916973992,12.863622283935547,14.029732513427353
config_89_det1_b10_s5_h15_w250,250.0,12,0.5,10.301586151123209,22.9141884420329,9.724846649169931,10.92017364501947
config_89_det1_b10_s5_h15_w250,250.0,12,0.25,10.302663803100584,22.930179686150726,9.892918968200672,10.746049880981777
config_90_det1_b10_s5_h15_w1000,1000.0,8,0.5,19.520359039306644,34.14120788574251,18.153288650512746,21.17310638427288
config_90_det1_b10_s5_h15_w1000,1000.0,8,0.25,19.564836502075195,34.19024810791018,18.81052474975586,20.35811195373684
config_90_det1_b10_s5_h15_w1000,1000.0,10,0.5,13.968520800272461,27.178362019856007,12.12139919948578,14.85715573628654
config_90_det1_b10_s5_h15_w1000,1000.0,10,0.25,13.98712793986012,27.31919315338137,12.62178266292148,14.456871965196356
config_90_det1_b10_s5_h15_w1000,1000.0,12,0.5,9.372570748329162,22.90768123626709,8.725557866096496,11.147131517198188
config_90_det1_b10_s5_h15_w1000,1000.0,12,0.25,9.30686249256134,22.924651412963872,8.894844055175781,11.025711165533474
config_91_det1_b10_s5_h24_w250,250.0,8,0.5,18.752742767333967,34.146230487234455,17.359338378906248,20.373161697387744
config_91_det1_b10_s5_h24_w250,250.0,8,0.25,18.801218032836918,34.1985205475225,17.92438621520996,19.72432060241597
config_91_det1_b10_s5_h24_w250,250.0,10,0.5,13.413336277008085,27.437339211429446,12.57326602935791,14.33900547027755
config_91_det1_b10_s5_h24_w250,250.0,10,0.25,13.435390472412164,27.46445916973992,12.863622283935547,14.029732513427353
config_91_det1_b10_s5_h24_w250,250.0,12,0.5,10.301586151123209,22.9141884420329,9.724846649169931,10.92017364501947
config_91_det1_b10_s5_h24_w250,250.0,12,0.25,10.302663803100584,22.930179686150726,9.892918968200672,10.746049880981777
config_92_det1_b10_s5_h24_w1000,1000.0,8,0.5,19.520359039306644,34.14120788574251,18.153288650512746,21.17310638427288
config_92_det1_b10_s5_h24_w1000,1000.0,8,0.25,19.564836502075195,34.19024810791018,18.81052474975586,20.35811195373684
config_92_det1_b10_s5_h24_w1000,1000.0,10,0.5,13.968520800272461,27.178362019856007,12.12139919948578,14.85715573628654
config_92_det1_b10_s5_h24_w1000,1000.0,10,0.25,13.98712793986012,27.31919315338137,12.62178266292148,14.456871965196356
config_92_det1_b10_s5_h24_w1000,1000.0,12,0.5,9.372570748329162,22.90768123626709,8.725557866096496,11.147131517198188
config_92_det1_b10_s5_h24_w1000,1000.0,12,0.25,9.30686249256134,22.924651412963872,8.894844055175781,11.025711165533474
config_93_det2_b10_s5_h15_w250,250.0,8,0.5,18.752742767333967,34.146230487234455,17.359338378906248,20.373161697387744
config_93_det2_b10_s5_h15_w250,250.0,8,0.25,18.801218032836918,34.1985205475225,17.92438621520996,19.72432060241597
config_93_det2_b10_s5_h15_w250,250.0,10,0.5,13.413336277008085,27.437339211429446,12.57326602935791,14.33900547027755
config_93_det2_b10_s5_h15_w250,250.0,10,0.25,13.435390472412164,27.46445916973992,12.863622283935547,14.029732513427353
config_93_det2_b10_s5_h15_w250,250.0,12,0.5,10.301586151123209,22.9141884420329,9.724846649169931,10.92017364501947
config_93_det2_b10_s5_h15_w250,250.0,12,0.25,10.302663803100584,22.930179686150726,9.892918968200672,10.746049880981777
config_94_det2_b10_s5_h15_w1000,1000.0,8,0.5,19.520359039306644,34.14120788574251,18.153288650512746,21.17310638427288
config_94_det2_b10_s5_h15_w1000,1000.0,8,0.25,19.564836502075195,34.19024810791018,18.81052474975586,20.35811195373684
config_94_det2_b10_s5_h15_w1000,1000.0,10,0.5,13.968520800272461,27.178362019856007,12.12139919948578,14.85715573628654
config_94_det2_b10_s5_h15_w1000,1000.0,10,0.25,13.98712793986012,27.31919315338137,12.62178266292148,14.456871965196356
config_94_det2_b10_s5_h15_w1000,1000.0,12,0.5,9.372570748329162,22.90768123626709,8.725557866096496,11.147131517198188
config_94_det2_b10_s5_h15_w1000,1000.0,12,0.25,9.30686249256134,22.924651412963872,8.894844055175781,11.025711165533474
config_95_det2_b10_s5_h24_w250,250.0,8,0.5,18.752742767333967,34.146230487234455,17.359338378906248,20.373161697387744
config_95_det2_b10_s5_h24_w250,250.0,8,0.25,18.801218032836918,34.1985205475225,17.92438621520996,19.72432060241597
config_95_det2_b10_s5_h24_w250,250.0,10,0.5,13.413336277008085,27.437339211429446,12.57326602935791,14.33900547027755
config_95_det2_b10_s5_h24_w250,250.0,10,0.25,13.435390472412164,27.46445916973992,12.863622283935547,14.029732513427353
config_95_det2_b10_s5_h24_w250,250.0,12,0.5,10.301586151123209,22.9141884420329,9.724846649169931,10.92017364501947
config_95_det2_b10_s5_h24_w250,250.0,12,0.25,10.302663803100584,22.930179686150726,9.892918968200672,10.746049880981777
config_96_det2_b10_s5_h24_w1000,1000.0,8,0.5,19.520359039306644,34.14120788574251,18.153288650512746,21.17310638427288
config_96_det2_b10_s5_h24_w1000,1000.0,8,0.25,19.564836502075195,34.19024810791018,18.81052474975586,20.35811195373684
config_96_det2_b10_s5_h24_w1000,1000.0,10,0.5,13.968520800272461,27.178362019856007,12.12139919948578,14.85715573628654
config_96_det2_b10_s5_h24_w1000,1000.0,10,0.25,13.98712793986012,27.31919315338137,12.62178266292148,14.456871965196356
config_96_det2_b10_s5_h24_w1000,1000.0,12,0.5,9.372570748329162,22.90768123626709,8.725557866096496,11.147131517198188
config_96_det2_b10_s5_h24_w1000,1000.0,12,0.25,9.30686249256134,22.924651412963872,8.894844055175781,11.025711165533474
