target,subset,term,coef,se
Z_P,pooled,d,0.07458161344541804,0.014154890951660467
Z_P,pooled,l_rhoc,0.12869498148764666,0.031519725567765076
Z_P,pooled,l_stc,-0.026708645468226388,0.026861878824766757
Z_P,pooled,l_hsc,-0.014089875247054138,0.012599966315570138
Z_P,pooled,d*l_rhoc,0.019721139605705998,0.05371155236528347
Z_P,pooled,d*l_stc,0.01827838011314185,0.029468216661353134
Z_P,pooled,d*l_hsc,0.027946473325684236,0.018202581201126514
Z_P,pooled,l_rhoc*l_stc,0.17486204903663072,0.0418527578885915
Z_P,pooled,l_rhoc*l_hsc,0.0954583124385857,0.0359596008604116
Z_P,pooled,l_stc*l_hsc,-0.04902412338394476,0.025579777226239553
Z_P,det1,l_rhoc,0.12223112185671592,0.0314904174191472
Z_P,det1,l_stc,-0.03272173332754849,0.02321832811180576
Z_P,det1,l_hsc,-0.02803710828300079,0.014653619575753011
Z_P,det1,l_rhoc*l_stc,0.1424034467645435,0.04710440909692839
Z_P,det1,l_rhoc*l_hsc,0.09244083374183382,0.03127103901630582
Z_P,det1,l_stc*l_hsc,-0.035598774433143215,0.02059562442359004
Z_P,det2,l_rhoc,0.13515884111857748,0.04720407451064456
Z_P,det2,l_stc,-0.020695557608901637,0.03692279207330689
Z_P,det2,l_hsc,-0.00014264221110910384,0.014818799917973307
Z_P,det2,l_rhoc*l_stc,0.20732065130871732,0.04582387337123751
Z_P,det2,l_rhoc*l_hsc,0.09847579113533958,0.04907383227095544
Z_P,det2,l_stc*l_hsc,-0.06244947233475014,0.032444847232902016
Z_I,pooled,d,0.04519887561040724,0.010791760683814265
Z_I,pooled,l_rhoc,0.271126212145195,0.025202647619840538
Z_I,pooled,l_stc,0.12076703179970875,0.024693618717372256
Z_I,pooled,l_hsc,0.11731615489892835,0.015836910651950448
Z_I,pooled,d*l_rhoc,0.024479214211406187,0.03402378079944682
Z_I,pooled,d*l_stc,0.10679659192299927,0.026060269982111407
Z_I,pooled,d*l_hsc,0.02478602538121833,0.01704619205700468
Z_I,pooled,l_rhoc*l_stc,0.15095263099265574,0.044510002407618474
Z_I,pooled,l_rhoc*l_hsc,0.111190460278279,0.03811984959902302
Z_I,pooled,l_stc*l_hsc,-0.014178880440925828,0.021936159890167475
Z_I,det1,l_rhoc,0.2618947821196318,0.034077975067049966
Z_I,det1,l_stc,0.07045295612463984,0.02734168578381483
Z_I,det1,l_hsc,0.10385073577863115,0.019496264556287734
Z_I,det1,l_rhoc*l_stc,0.1449456928242851,0.058396211730759276
Z_I,det1,l_rhoc*l_hsc,0.11233149554667002,0.053278897272114774
Z_I,det1,l_stc*l_hsc,0.005539474979623565,0.030210370168267747
Z_I,det2,l_rhoc,0.2803576421707573,0.022200726573311874
Z_I,det2,l_stc,0.17108110747478097,0.02780109979483063
Z_I,det2,l_hsc,0.1307815740192244,0.014414209721461995
Z_I,det2,l_rhoc*l_stc,0.15695956916102516,0.041441538297627256
Z_I,det2,l_rhoc*l_hsc,0.11004942500988991,0.027272487072594855
Z_I,det2,l_stc*l_hsc,-0.0338972358614793,0.018679145822135337
Lam_P,pooled,d,0.0972284229816457,0.007126310009658904
Lam_P,pooled,l_rhoc,-0.03858866730797744,0.03385130096395603
Lam_P,pooled,l_stc,-0.16333522150200933,0.023427731751319004
Lam_P,pooled,l_hsc,-0.04244829318131436,0.015425465678312678
Lam_P,pooled,d*l_rhoc,-0.053547240414869746,0.02600849002603406
Lam_P,pooled,d*l_stc,0.034939975743541095,0.01921675693282474
Lam_P,pooled,d*l_hsc,0.033294183690219754,0.007521145513937861
Lam_P,pooled,l_rhoc*l_stc,-0.058026132024960535,0.04722213081228254
Lam_P,pooled,l_rhoc*l_hsc,0.03290676868294892,0.02586748999987933
Lam_P,pooled,l_stc*l_hsc,-0.03891126854024418,0.021716225230847732
Lam_P,det1,l_rhoc,-0.006322181415702621,0.027863422250185545
Lam_P,det1,l_stc,-0.17758934590367353,0.022393464476878542
Lam_P,det1,l_hsc,-0.06180623663720637,0.015286960579915382
Lam_P,det1,l_rhoc*l_stc,-0.051795626461354306,0.05047376882139863
Lam_P,det1,l_rhoc*l_hsc,0.055695326424951674,0.022578714951075857
Lam_P,det1,l_stc*l_hsc,-0.012385271694679609,0.02030708393850936
Lam_P,det2,l_rhoc,-0.07085515320025217,0.04241194403244879
Lam_P,det2,l_stc,-0.1490810971003455,0.027225642464851117
Lam_P,det2,l_hsc,-0.02309034972542255,0.01696872428264903
Lam_P,det2,l_rhoc*l_stc,-0.06425663758856694,0.04694054149547153
Lam_P,det2,l_rhoc*l_hsc,0.010118210940946561,0.03212367205347606
Lam_P,det2,l_stc*l_hsc,-0.06543726538580874,0.02471378002609051
Lam_I,pooled,d,0.05092459024278571,0.006000156931804274
Lam_I,pooled,l_rhoc,0.07125747266432221,0.029586680990244675
Lam_I,pooled,l_stc,-0.04425513743726779,0.019277741424389618
Lam_I,pooled,l_hsc,0.10298513390339578,0.019045690522892126
Lam_I,pooled,d*l_rhoc,-0.0044742112015116724,0.020243890377298644
Lam_I,pooled,d*l_stc,0.07270566782854374,0.012690767503417768
Lam_I,pooled,d*l_hsc,0.03103877402740967,0.008652843144436323
Lam_I,pooled,l_rhoc*l_stc,0.12673079060136544,0.03521124391736606
Lam_I,pooled,l_rhoc*l_hsc,0.13484428929343598,0.041998538659588684
Lam_I,pooled,l_stc*l_hsc,-0.0061037193590527256,0.020807212895578412
Lam_I,det1,l_rhoc,0.07563326586797336,0.02550074302674139
Lam_I,det1,l_stc,-0.07890041057661296,0.01999602485591492
Lam_I,det1,l_hsc,0.08643372558373111,0.017324063699891944
Lam_I,det1,l_rhoc*l_stc,0.12839294538858065,0.03419160479700255
Lam_I,det1,l_rhoc*l_hsc,0.14046052275734416,0.04097626901423234
Lam_I,det1,l_stc*l_hsc,0.00666514405748337,0.021909183552780716
Lam_I,det2,l_rhoc,0.06688167946067095,0.035712880399364634
Lam_I,det2,l_stc,-0.00960986429792209,0.02048643420735783
Lam_I,det2,l_hsc,0.11953654222306008,0.02161904151903996
Lam_I,det2,l_rhoc*l_stc,0.12506863581415092,0.04002675258600603
Lam_I,det2,l_rhoc*l_hsc,0.12922805582952818,0.04492186434886403
Lam_I,det2,l_stc*l_hsc,-0.018872582775589584,0.021193592633752215
