target,x,subset,stat,p_boot,psi_ln,psi,psi_lo,psi_hi,b2,b2_se_cond
Z_P,s~,pooled,0.08279896840140033,0.162,-0.7607246985779725,0.46732763259203364,0.46732763259203364,3.698622388594648,-1.590183508627582,0.5708396000376578
Z_P,s~,det1,0.05109047796866584,0.0735,-0.7607246985779725,0.46732763259203364,0.46732763259203364,2.1908902300206647,-1.766524897989326,0.5337194393087067
Z_P,s~,det2,0.03272670416971979,0.383,-0.7607246985779725,0.46732763259203364,0.46732763259203364,3.698622388594648,-1.4138421192658481,0.7174465650509136
Z_P,rho,pooled,0.01383942198800181,0.7845,-1.6357552207514736,0.19480519480519484,0.19480519480519484,0.6428571428571429,-0.7343681123205902,0.9311110786221233
Z_P,rho,det1,0.017083878625593518,0.4805,-0.4418327522790392,0.6428571428571429,0.19480519480519484,0.6428571428571429,0.4743172680969703,0.41382716430607613
Z_P,rho,det2,0.02431649152487425,0.502,-0.9162907318741551,0.39999999999999997,0.19480519480519484,0.6428571428571429,-0.18825930466355664,0.17186765014493033
Z_I,s~,pooled,0.0746986516130711,0.0955,-0.020410997260127392,0.9797958971132714,0.7968440379316896,3.698622388594648,-0.16522996387934488,0.08109684361757012
Z_I,s~,det1,0.06226111657229849,0.0515,-0.020410997260127392,0.9797958971132714,0.7099073319511141,3.698622388594648,-0.21333193716650906,0.09048150920758756
Z_I,s~,det2,0.019087964218887143,0.2455,0.2721924065085695,1.3128395758909417,0.5612310241546865,3.698622388594648,-0.09027874231493571,0.06900397891837909
Z_I,rho,pooled,0.0058736576347829805,0.858,-0.4418327522790392,0.6428571428571429,0.19480519480519484,0.6428571428571429,0.19665953766263017,0.30663022773410153
Z_I,rho,det1,0.019363157754339777,0.369,-0.4418327522790392,0.6428571428571429,0.19480519480519484,0.6428571428571429,0.5049679204595665,0.2726543058851491
Z_I,rho,det2,0.000946579458613539,0.9755,-0.4418327522790392,0.6428571428571429,0.19480519480519484,0.6428571428571429,-0.1116488451343105,0.3724984361314887
Lam_P,s~,pooled,0.17238170777415074,0.002,0.4317111942409712,1.5398903217415765,1.0079368399158988,2.1908902300206647,0.19278695481821748,0.04995622505015042
Lam_P,s~,det1,0.03467567512795211,0.0675,0.7843079589569228,2.1908902300206647,0.46732763259203364,3.698622388594648,0.14258491888768604,0.06497609284972071
Lam_P,s~,det2,0.1617915286634713,0.0005,0.4317111942409712,1.5398903217415765,1.234465475373642,2.1908902300206647,0.2641343848201546,0.05494297821968446
Lam_P,rho,pooled,0.027604773100476376,0.405,-1.6357552207514736,0.19480519480519484,0.19480519480519484,0.6428571428571429,1.037162785963744,0.6513150677777934
Lam_P,rho,det1,0.016381056921149217,0.26,-1.6357552207514736,0.19480519480519484,0.19480519480519484,0.6428571428571429,1.1299020387766663,0.579519266142458
Lam_P,rho,det2,0.011444423894868883,0.619,-1.6357552207514736,0.19480519480519484,0.19480519480519484,0.6428571428571429,0.944423533150803,0.795816921000449
Lam_I,s~,pooled,0.05985699471472916,0.0645,0.2721924065085695,1.3128395758909417,0.5612310241546865,3.698622388594648,-0.11304416501450107,0.051669072860046364
Lam_I,s~,det1,0.0481448606942782,0.027,0.2721924065085695,1.3128395758909417,0.5612310241546865,3.698622388594648,-0.14337738702269687,0.05242379587456609
Lam_I,s~,det2,0.016021919909278204,0.21,0.2721924065085695,1.3128395758909417,0.46732763259203364,3.698622388594648,-0.08271094300630491,0.055907970259151854
Lam_I,rho,pooled,0.001389078545198097,0.9915,-1.3762440252663892,0.2525252525252525,0.19480519480519484,0.6428571428571429,-0.05390120555304192,0.24921135156154073
Lam_I,rho,det1,0.0016564798008544823,0.9465,-0.6931471805599453,0.5,0.19480519480519484,0.6428571428571429,0.06398439705480664,0.19782508854984993
Lam_I,rho,det2,0.0022351978169300457,0.967,-1.3762440252663892,0.2525252525252525,0.19480519480519484,0.6428571428571429,-0.09669589935774162,0.277546750161068
