target,subset,alpha_rho,beta_st,gamma_hs,ratio_a_b,ratio_g_b,baseline,sd_raw,sd_collapse,sd_baseline,logo_rmse_collapse,logo_rmse_baseline,mean_dSE,se
Z_P,pooled,-0.8695216726039064,0.3222136100074847,0.3743133051309416,-2.6985876623389937,1.161693030664492,l_rhoc,0.14030374589064412,0.10591516574215157,0.11804592606336287,0.11335887725783528,0.12572031806624379,0.002935282658750956,0.001291428670614589
Z_P,det1,-0.8317630612071167,0.39428711025824975,0.3907785622261857,-2.1095365269798685,0.9911015401194169,l_rhoc,0.12036255534594527,0.09662271598306121,0.10555101342664307,0.10185983508889809,0.11108776185193575,0.0020846046388890774,0.001284356971578453
Z_P,det2,-0.8912774557613772,0.2642574096875993,0.368500364011661,-3.3727624016864106,1.3944750478228631,l_rhoc,0.14987190230460995,0.11575463317269416,0.1301022830112619,0.12365835818201218,0.13978227219403902,0.004046267912350641,0.0025447683561526722
Z_I,pooled,0.8520518798413219,0.3809421203583553,0.35901350252567094,2.236696427897734,0.9424358277523737,l_hsc,0.19037610868360672,0.08394374273481749,0.13530257600037401,0.09757809064093179,0.17409850104650246,0.019083770973166676,0.0056960595419724815
Z_I,det1,0.8980321801201085,0.2728315413402573,0.3451103497703661,3.2915262498925766,1.2649210134394524,l_rhoc,0.19044376595213472,0.08068043764698407,0.12193347509267635,0.09565297315204019,0.1495664560279596,0.011753851656549961,0.004882805414490131
Z_I,det2,0.8003030742978166,0.47445113770381686,0.36662120397082515,1.6867976714546684,0.7727269993389579,l_hsc,0.1895922571067734,0.07949382815797211,0.14261867826085298,0.09419465926074015,0.176932654376874,0.020974813617133676,0.006118302824766784
Lam_P,pooled,0.34212336802930526,0.9249725923728354,0.16546088482587415,0.3698740598914991,0.1788819324920934,l_stc,0.1382929353785265,0.0864946152747499,0.09232415418398764,0.10288827381497974,0.09667862892139459,-0.0010122823153240052,0.0017376840789386989
Lam_P,det1,0.14147682149417556,0.9464486400010165,0.29020558371632277,0.1494817737748808,0.3066258130140174,l_stc,0.13271886311796613,0.07721120578617618,0.08849940783347579,0.09169387633393138,0.09240469856761067,0.00041255569955904236,0.002149471588513295
Lam_P,det2,0.4664695884640996,0.8837837203255966,0.036502859142556916,0.527809663989111,0.04130293227070173,l_stc,0.12733906710680218,0.09013129489525837,0.09449319940906653,0.1045187354926887,0.09819625111471399,-0.0011630462275475644,0.001401603690657035
Lam_I,pooled,-0.5370263764214803,0.18885302738580867,-0.8221540032590181,-2.8436206920018647,-4.3534065333220004,l_hsc,0.17341535339875985,0.08602140508552775,0.09585111483558324,0.10523245598975996,0.10622629451145506,0.00028967135415507985,0.0022230869089205287
Lam_I,det1,-0.5297231800810208,0.4366453529669496,-0.7271411061253643,-1.2131657338881983,-1.6652899227818023,l_hsc,0.17772580541180044,0.0830700525911163,0.10254545655146839,0.10204291821242553,0.12606580694859618,0.005148787171377626,0.0035333613651711525
Lam_I,det2,0.4946300841227153,0.00805983956665494,0.8690662338780142,61.369718346391444,107.82674105245263,l_hsc,0.1669578117395427,0.08734404364738613,0.09082772776340402,0.10768818572006515,0.10103363049550855,-0.0011968315363597585,0.002173221474241415
Slope_P,pooled,-0.3823496842576504,0.8418385917385984,0.3809416023587452,-0.4541840775771597,0.4525114506475754,l_stc,0.2997543827486468,0.23906965245109302,0.2514265399098628,0.25147357363445366,0.26109021418631584,0.005196365929736556,0.004173065130258291
Slope_P,det1,-0.7329708160875331,0.5290683481500742,0.42759848660832217,-1.3853991051447676,0.8082102966534499,l_stc,0.2688309837280913,0.22417834221791536,0.24435274289972092,0.24073093990172964,0.2660343776726833,0.012709256359907198,0.009125927927572948
Slope_P,det2,-0.03685853242347476,0.9648937745764329,0.2600412512876208,-0.03819957532595217,0.26950246559707897,l_stc,0.3115758348033346,0.24478823717672515,0.251339228474691,0.2573059200687233,0.26062146997205815,0.0019639020018953584,0.0051436696451611285
Slope_I,pooled,0.1779881525168364,0.5361769825917693,0.8251269362361339,0.3319578391009593,1.5389077916915417,l_hsc,0.3529875339209552,0.28835289283057314,0.3190998488793487,0.34762010711911606,0.31759064392846464,-0.018657895206035655,0.01953444925501159
Slope_I,det1,0.076827319835201,0.49881246113424965,0.863298147538921,0.15402045021189598,1.7307068583969762,l_hsc,0.28323235709192734,0.257095924832148,0.2652239873430123,0.324338970591013,0.28485422292801493,-0.022175200368347123,0.014434649217139552
Slope_I,det2,0.22131698291657265,0.5466053937972019,0.8076145965400275,0.4048935217764871,1.4775093800842802,l_hsc,0.41356022990007796,0.309288134950195,0.3645613761261007,0.3725287687653123,0.3573123215305357,-0.011187379384688946,0.03631228470411673
rP_med_Z2,pooled,-0.9156968416937921,0.3446566883148009,0.20666654618464128,-2.6568375799439505,0.599630162975039,l_rhoc,0.5231373691698957,0.45386889314401785,0.4679746423013513,0.5233992722387741,0.49506362276250704,-0.025956709230316483,0.01766648729186084
rP_med_Z2,det1,0.8074866683152292,0.5161658103399498,0.2855488342285326,1.5643939450065742,0.5532114458345633,l_hsc,0.5587868952105882,0.5287514719561298,0.5385138277599721,0.7236361582103452,0.554649623616485,-0.20446435520099607,0.07327968327829207
rP_med_Z2,det2,-0.9939894080142068,0.1088048482630029,0.012106269038460954,-9.13552496862582,0.11126589698648079,l_rhoc,0.39423743122351135,0.24567177887211158,0.24526738983869803,0.24585775578330146,0.2385749006404556,-0.003806290443905203,0.003708939368916193
rP_P5_Z2,pooled,-0.5376268193347347,0.8431818848197489,0.0013085273525597944,-0.6376166625658304,0.0015518921553201118,l_stc,0.8003087651245546,0.6068042642295465,0.6164417056708522,0.7413131665211202,0.6478391864932477,-0.10968393973747395,0.041294717808123035
rP_P5_Z2,det1,-0.22087485085750075,0.9730872990759182,-0.06569176992448411,-0.22698359239428176,-0.06750860892631894,l_stc,0.7927422455053313,0.6119572860964287,0.6082642519574715,0.6544088700051146,0.6254601403540112,-0.03125709600300487,0.017356538208377535
rP_P5_Z2,det2,0.848454548020811,0.5059124371002027,-0.15549111206154148,1.6770778613073771,-0.3073478741751992,l_rhoc,0.6301043619543599,0.5154767460778955,0.5405588794294764,0.6589300108410882,0.5770163259112077,-0.07046771943438457,0.07241429278931953
rP_P95_Z2,pooled,-0.12634340166117045,0.9873483623866808,0.0958152187756414,-0.12796233474856353,0.09704297128121103,l_stc,0.4866542830869604,0.32526086567198254,0.3248743299011089,0.33409883720911215,0.3289253822751036,-0.0028162522242859618,0.003403530976492509
rP_P95_Z2,det1,-0.013158108114790332,0.9958325857769355,0.09024591567302098,-0.013213172879379669,0.09062358167624361,l_stc,0.6042969742613749,0.4390593777141645,0.4327248171245661,0.45220608531111117,0.43669745751393485,-0.012525469145448822,0.006773254761743676
rP_P95_Z2,det2,-0.27540416261123335,0.9597398080268181,0.055245344645965526,-0.28695711098766646,0.05756283545177465,l_stc,0.3183422725633098,0.10092279382936235,0.10653166613006204,0.10777409551707041,0.11148077597502544,0.0014147422886349977,0.0014178689057763067
rI_med_Z2,pooled,-0.9654049177606564,0.2581061873065569,0.037074800574146846,-3.740340081867272,0.14364165757139524,l_rhoc,0.29719943582226005,0.22028923284374247,0.22471003859911806,0.23033409904869684,0.22672418901640667,-0.002288984743894444,0.0032206903019178132
rI_med_Z2,det1,-0.9189577491537864,0.36040910803775367,0.1600685169345848,-2.5497628352320203,0.4441300548870071,l_rhoc,0.2278889587458726,0.20990523613659337,0.20938426195356794,0.24767754301678527,0.22546540044260405,-0.009719377603959712,0.003485971938366385
rI_med_Z2,det2,-0.9800844810043321,0.19786924696084038,-0.016797952304346563,-4.95319255547729,-0.08489420444234565,l_rhoc,0.331487371796968,0.2019557749261916,0.21098324330255838,0.20947446542584103,0.21153016074568787,-0.0006185964867335106,0.005203963243759393
rI_P5_Z2,pooled,0.9984747521808874,0.012382816662054003,-0.05380367188983878,80.6338961022189,-4.345026931935055,l_rhoc,0.48557254910131253,0.4241908218938542,0.4212130545947568,0.4535907301057316,0.4310845757560909,-0.01770789855282593,0.010595875293581936
rI_P5_Z2,det1,-0.9556401865022055,0.17704041069118046,0.2353901589368764,-5.397864717842141,1.3295843475390374,l_rhoc,0.36463588979906625,0.36524021365000103,0.3625866813314808,0.40573236724284795,0.3773341137866056,-0.020221110463835814,0.008859638037295637
rI_P5_Z2,det2,0.9976289379819998,0.06693944710264996,-0.015987886742741382,14.90345351153201,-0.23884103372148205,l_rhoc,0.5592843374287771,0.4400865619550539,0.43512334345271036,0.4622470381124224,0.446465712677537,-0.013613065307071041,0.011279228874895969
rI_P95_Z2,pooled,-0.206044273400957,0.9775690970658593,0.04363963634715858,-0.2107720815023633,0.04464097369499658,l_stc,0.3620277900439298,0.199002404705351,0.19910441685606436,0.2053811143536165,0.20374651885337083,-0.00017478676709455125,0.0017113848478972915
rI_P95_Z2,det1,-0.24141166238233946,0.9688704396151419,0.05486784582756305,-0.2491681575900219,0.056630735735273184,l_stc,0.4164126748360028,0.2457292998215602,0.24326686240494813,0.2600211821057963,0.24683830219052585,-0.005658797232059049,0.007037626251243265
rI_P95_Z2,det2,-0.06754539462426913,0.9974751558305126,0.021930188461255058,-0.0677163679009427,0.021985698924997944,l_stc,0.30239115232074903,0.1314196667072731,0.12884834409407822,0.13705671792804444,0.13413697507647773,-0.0006292840818714263,0.000420711423534636
rP_med_Z5,pooled,0.9960570342902977,-0.015962923358868637,-0.08726723049722408,-62.39815927806927,5.46687023017876,l_rhoc,0.3043021592017344,0.18417840904172383,0.18622372765425652,0.19297699553106645,0.19149144948505986,-0.00018408059466720774,0.002003290626892747
rP_med_Z5,det1,-0.9734187915277558,0.18669719226373283,0.13266504702250065,-5.213890898544856,0.7105894063746545,l_rhoc,0.24984473207710983,0.15971032072345806,0.16644077382136083,0.18627619038843862,0.17550719461267192,-0.003240770204794827,0.004665734493504096
rP_med_Z5,det2,0.9971509994452857,0.061351250938592776,-0.04388517190962628,16.253148618654027,-0.7153101401885267,l_rhoc,0.3184681358167199,0.20349400681934124,0.20301186796047535,0.2033837794216041,0.2032427160443772,5.694960632251597e-05,0.0014041039105991801
rP_P5_Z5,pooled,-0.939763813692786,0.3282245394518257,-0.09546007634203572,-2.8631735313340805,-0.2908377189026313,l_rhoc,0.41967386528588363,0.31835105958636456,0.3218702735250401,0.37054828552647057,0.3990036315885853,0.020389262167868787,0.01129105198813188
rP_P5_Z5,det1,-0.43757894190270163,0.899141933023461,0.008273686128080479,-0.48666281243417886,0.009201757613794435,l_stc,0.29232095389538876,0.23014534023086336,0.2284948841221172,0.2710865193815183,0.23705424823649957,-0.015424563228491592,0.007236353485332113
rP_P5_Z5,det2,0.9923388614312214,0.119492819956111,0.03138550736125913,8.304589864024479,0.26265601040118425,l_rhoc,0.48490739650369324,0.35240101876377616,0.35042679882918176,0.44183355920802353,0.3599711695875693,-0.058960151448207924,0.028048141832734456
rP_P95_Z5,pooled,0.9935207257492663,-0.06798132610139106,0.0910774769531288,-14.6146123167335,-1.3397425760317014,l_rhoc,0.2920199731074833,0.13812310649363332,0.14509284275752188,0.1551267364036113,0.15617493115572942,-0.0004867828073879426,0.0025027347119133347
rP_P95_Z5,det1,-0.9895736243250591,0.07507975380984906,-0.12291083193933414,-13.180299269911105,-1.637070257990251,l_rhoc,0.3284303433413852,0.1407197458318946,0.1533552314203911,0.1573941378218097,0.16806565283306452,0.0023318279141220847,0.0036211583223695674
rP_P95_Z5,det2,-0.9889750164556942,0.14291316613050728,-0.038784581640305085,-6.9201113041787155,-0.2713856440972505,l_rhoc,0.2484229608830647,0.12291311155604304,0.12657764900055035,0.14257999420580306,0.13294034067596258,-0.0031405581957726428,0.0027548433698446643
rI_med_Z5,pooled,0.9752779211358809,0.1937259638008918,0.10631663789967258,5.034317042491293,0.5487991171330188,l_rhoc,0.20485469525354094,0.12973006998581652,0.13833871336883088,0.13456499553616263,0.14276146931789319,0.0017566191011544672,0.002013822670904288
rI_med_Z5,det1,0.9832608860905953,0.13506927909011898,0.12228785602181814,7.279678197101785,0.9053713534683708,l_rhoc,0.1751516956156759,0.10672843187262536,0.10930361011711982,0.10656088837197847,0.10988169542336801,0.00038877644858245603,0.0008535187962517583
rI_med_Z5,det2,0.9737320557557554,0.20903370646111766,0.09028174320867767,4.658253791892071,0.4319004084897235,l_rhoc,0.22386721013703206,0.14847311030989405,0.16110789774609147,0.1610245126624647,0.17052390228237385,0.002571439840539925,0.004069156115186348
rI_P5_Z5,pooled,0.9711816312869425,0.19264894390329193,0.14033040819359105,5.041198833534572,0.7284255254678981,l_rhoc,0.2543861473760299,0.16339976298879152,0.18429632783618086,0.17047267255899673,0.19471122737804233,0.007817932502190492,0.005954850056898595
rI_P5_Z5,det1,0.9752885546098561,0.08652185024403003,0.20328847649920403,11.272164798361446,2.3495622888997434,l_rhoc,0.1943744731001109,0.1259835171878478,0.13728194259708415,0.12705631260129205,0.14165417200532116,0.0036910533141456168,0.0014555834658879975
rI_P5_Z5,det2,0.9646823820664852,0.23860769097029189,0.11159870761060602,4.042964324174253,0.46770792323077603,l_rhoc,0.2964508439516119,0.18188493035181566,0.21806352503457008,0.20168882014885522,0.2372114448311435,0.013695162056137283,0.012270789721165952
rI_P95_Z5,pooled,0.9651518522729914,0.16569369964818118,0.2025524622188342,5.824915819504945,1.2224512015177134,l_rhoc,0.26687067873828757,0.15781567305820535,0.1772819630668637,0.1835322636695607,0.20182735928944548,0.005205446742819763,0.0062262044690616445
rI_P95_Z5,det1,0.9541329676573974,0.11650457437518882,0.2757842710869202,8.189660987771417,2.367154015762424,l_rhoc,0.2975942713237389,0.16724733883760504,0.19464900441666128,0.18595366297791824,0.22039469781764778,0.011529780170120428,0.009588223460063298
rI_P95_Z5,det2,0.9677246983467385,0.2123213288146922,0.13575183807255614,4.557830830040349,0.6393697648295916,l_rhoc,0.23534604314764235,0.14221882338932865,0.15549631279769915,0.17650317011436384,0.17697326926043289,-0.0009708767007468199,0.003600606046241359
rP_med_Z10,pooled,-0.86991900792503,0.45218436730308625,0.19690154295342427,-1.9238148658552543,0.43544526788438664,l_stc,0.29638810394468934,0.19909326983092823,0.20762161754738312,0.2421993844964237,0.2277955182644725,-0.007374667583170621,0.005765599581172003
rP_med_Z10,det1,-0.6910578503119332,0.7151341252964954,0.10498681040333602,-0.9663332036146643,0.14680716062851618,l_stc,0.29545887446157737,0.182929112683555,0.1922276102936225,0.21651415208363423,0.2026877070348219,-0.005356549589940566,0.005841652605195735
rP_med_Z10,det2,-0.9284183328454415,0.2278257473612873,0.2934873559044102,-4.0751247108745385,1.2882097800780892,l_rhoc,0.2751597440876443,0.20744590454153783,0.21340469589462685,0.24387821161790266,0.24117507529564144,0.0005392470443342767,0.005956414957592568
rP_P5_Z10,pooled,-0.8352626844629589,0.31349847634340816,0.45172442182606537,-2.6643277320046908,1.440914249711516,l_rhoc,0.3111352083551794,0.2371592818276925,0.2722534413473056,0.25453959771558654,0.33429342440641574,0.0477488971862397,0.016573080720698238
rP_P5_Z10,det1,-0.7231254859643198,0.5114883937572929,0.4641865515075277,-1.4137671446508933,0.9075211816590886,l_rhoc,0.2487780445180989,0.164917106827706,0.2072050975405165,0.19614375938701298,0.25840500736029187,0.029088579374383403,0.01066947388175578
rP_P5_Z10,det2,-0.8531772305074884,0.26184207742915067,0.451140044588328,-3.25836564880731,1.7229470871059587,l_hsc,0.35197251316699296,0.28003177221460607,0.31956134574770145,0.2985272027577221,0.390361164123734,0.06438091592698116,0.02555326640380559
rP_P95_Z10,pooled,0.9732467448135448,0.09790846292402941,0.2078574189142469,9.940374057028357,2.122977041070808,l_rhoc,0.27265301109884293,0.20173418512985572,0.2099299034441257,0.2191359626015313,0.22729284373320738,0.0015140973193275256,0.006626933186586074
rP_P95_Z10,det1,0.9693770975646013,0.1289196764365477,0.20901617101249678,7.519233094272572,1.6212899131450378,l_rhoc,0.26028028218536653,0.18720102644295314,0.19970859119763987,0.20144901226751427,0.21909924090048052,0.00501492868145895,0.008031677940644348
rP_P95_Z10,det2,0.9793540301091548,0.04596463709120273,0.19685765376543196,21.30668470559067,4.282806657971177,l_rhoc,0.2833172623988607,0.2203833169570146,0.22143302526947978,0.23530923127271952,0.23354708676468533,-0.0024350563691260384,0.005533251725457205
rI_med_Z10,pooled,0.9470460482891653,0.17556063882751805,0.26885357448683794,5.394409900841177,1.5314000694140606,l_rhoc,0.21882783628043664,0.13210786312255643,0.14911917272286912,0.14371074977399262,0.16477852046562877,0.0051361538143378065,0.00450641080721592
rI_med_Z10,det1,0.9561310082024782,0.015497405810479176,0.2925291875469147,61.69619740846903,18.876010031892545,l_rhoc,0.21968224162339162,0.09959427425405744,0.12524842799811203,0.1109849615838497,0.14114193511982182,0.006951093586791284,0.004118638042540432
rI_med_Z10,det2,0.921241488014033,0.31434862666809954,0.2291267371425036,2.930636274058587,0.7288937113265131,l_rhoc,0.21969478247657565,0.15197980762932956,0.16736394345695918,0.1676899074912857,0.18222251387532654,0.0036441415339499065,0.0052110570005315555
rI_P5_Z10,pooled,-0.9397631612923764,0.19728796446979344,0.27914630528295453,-4.7634084715606795,1.4149180667617174,l_rhoc,0.2113493690591643,0.16582692698300014,0.17397214602627387,0.1887107915881127,0.1905710957951886,0.000990985702463738,0.003748534235400143
rI_P5_Z10,det1,-0.8800108366543199,0.429101152212424,0.2036004139016764,-2.05082375593034,0.4744811633618854,l_rhoc,0.1450457582458898,0.08409615052772279,0.09821570578519315,0.09480453949911308,0.10655772454224623,0.0025532982140955875,0.001525486387082759
rI_P5_Z10,det2,-0.9390089295688959,0.127603173595005,0.3193425437964056,-7.358821125790975,2.5026222687059105,l_rhoc,0.26061433060227246,0.2143513666907991,0.22732836270083698,0.2624670859004267,0.2532765559546176,-0.003959838601003463,0.007514248462051874
rI_P95_Z10,pooled,0.8656592495452761,0.20743522374439646,0.45563657845570465,4.173154558417471,2.196524631791292,l_hsc,0.2183111135263279,0.11703237126625446,0.1469505079712413,0.13284721341250133,0.1926131650818231,0.01847007109161302,0.008097590624714275
rI_P95_Z10,det1,0.917736714144143,0.25803853061359594,0.3019527119114644,3.556587893915824,1.1701845890745226,l_rhoc,0.23562675696432714,0.11146350732301875,0.15876924325868932,0.14642920358305547,0.21498061313669384,0.023828342293955727,0.01221015537218611
rI_P95_Z10,det2,0.743289448742982,0.09099992099739193,0.6627516954077314,8.16802301140772,7.282991986627394,l_hsc,0.20124727555613284,0.10836492499808528,0.12224952860972596,0.12577626473744538,0.13133396575672268,0.001855461078203278,0.003659627020170254
