ConfigName,R_convergence1,R_convergence2,R_convergence3
config_01_det1_b15_s5_h4_w50,62.62504491016354,53.406156105780404,43.71712479109302
config_02_det1_b15_s5_h4_w500,130.97813271687758,120.1837077063517,105.54250598429263
config_03_det1_b15_s5_h4_w1500,202.64038343824757,189.88885493729464,162.32514511347622
config_04_det1_b15_s5_h12_w50,69.50756253818716,64.60646732599409,45.485353411840165
config_05_det1_b15_s5_h12_w500,127.43871075932933,119.99000200795396,103.92171826802029
config_06_det1_b15_s5_h12_w1500,178.74597897575208,165.08195888681766,144.46272606531494
config_07_det1_b15_s5_h24_w50,57.846445439629214,52.71116916740459,35.22143346032356
config_08_det1_b15_s5_h24_w500,145.5511078624962,139.02106419867255,113.99475603192359
config_09_det1_b15_s5_h24_w1500,185.70574843014418,175.75301870562063,156.15692463387947
config_10_det1_b15_s20_h4_w50,66.88023811261439,59.119227182621586,42.70050643727777
config_11_det1_b15_s20_h4_w500,150.2502079865449,133.52027369515298,106.13376184220448
config_12_det1_b15_s20_h4_w1500,220.25014188417677,208.02008324871127,155.22663569940423
config_13_det1_b15_s20_h12_w50,56.991413826996784,50.229694254845015,36.42915194059712
config_14_det1_b15_s20_h12_w500,135.5567224448865,117.23529090653327,89.4222260620305
config_15_det1_b15_s20_h12_w1500,211.84339734813545,186.72582680993844,142.5734390196466
config_16_det1_b15_s20_h24_w50,56.991413826996784,50.229694254845015,35.70878918417705
config_17_det1_b15_s20_h24_w500,109.44496904837608,99.68111604674596,74.76101721114048
config_18_det1_b15_s20_h24_w1500,197.30718435982,157.31319362995032,112.38361831987199
config_19_det1_b30_s5_h4_w50,58.1936422644261,56.077435220813406,40.555647811919414
config_20_det1_b30_s5_h4_w500,129.27637545197499,120.55024942915063,97.09560923817993
config_21_det1_b30_s5_h4_w1500,206.51422469166621,186.6270517154432,154.08872151206336
config_22_det1_b30_s5_h12_w50,73.47190789682816,70.50838132179109,49.39538791448268
config_23_det1_b30_s5_h12_w500,115.92077035630845,111.14887198089156,96.89735010996604
config_24_det1_b30_s5_h12_w1500,190.1778772623146,181.77456137404582,141.39898362238833
config_25_det1_b30_s5_h24_w50,72.87229411786073,55.54768845757184,39.45500654754307
config_26_det1_b30_s5_h24_w500,145.55969565782968,141.16205250493874,111.72047211182421
config_27_det1_b30_s5_h24_w1500,195.19381393886437,184.28376306593066,156.8796380456474
config_28_det1_b30_s20_h4_w50,71.42055901489431,51.746436507761494,42.2901356044698
config_29_det1_b30_s20_h4_w500,137.15000911410834,122.7693883160922,96.40820439672133
config_30_det1_b30_s20_h4_w1500,230.06004650960148,219.1122578598937,161.03902619655068
config_31_det1_b30_s20_h12_w50,60.07729396369314,54.881419021085904,41.32405322569411
config_32_det1_b30_s20_h12_w500,115.8173400229862,112.88123919115442,88.37627108939745
config_33_det1_b30_s20_h12_w1500,191.63930964183731,176.72316399667838,138.2956619890877
config_34_det1_b30_s20_h24_w50,60.07504681646115,54.881419021085904,41.03230282350724
config_35_det1_b30_s20_h24_w500,119.54340216005231,112.11650339300374,71.46052319287901
config_36_det1_b30_s20_h24_w1500,196.57218775808545,186.22293910045477,128.12590948186693
config_37_det2_b15_s5_h4_w50,55.89840113992528,55.399669036356485,46.255709707619395
config_38_det2_b15_s5_h4_w500,126.84152021321725,124.81428704279008,96.31291904516236
config_39_det2_b15_s5_h4_w1500,210.28700625573612,196.370931997491,155.36680370801366
config_40_det2_b15_s5_h12_w50,66.69731066542339,65.59760856921538,53.82821350782918
config_41_det2_b15_s5_h12_w500,126.44194814222058,124.28751445740637,103.2350823901987
config_42_det2_b15_s5_h12_w1500,252.79463008537186,240.66713630649053,163.80569027560264
config_43_det2_b15_s5_h24_w50,57.50217387195027,56.816645888331,40.37094131646892
config_44_det2_b15_s5_h24_w500,165.1154898851104,150.62656496840992,123.9942414657498
config_45_det2_b15_s5_h24_w1500,193.3988753845275,182.7213598879528,166.12346061488927
config_46_det2_b15_s20_h4_w50,73.29192486215653,70.14942088142995,48.993294467485825
config_47_det2_b15_s20_h4_w500,128.90936738654798,126.74827414998596,105.48865980389655
config_48_det2_b15_s20_h4_w1500,220.03550849806038,205.4120858177532,163.40219211775857
config_49_det2_b15_s20_h12_w50,55.891557949300356,52.41990318571754,38.48696370201213
config_50_det2_b15_s20_h12_w500,123.36736298551574,123.01797124810668,99.99749628810157
config_51_det2_b15_s20_h12_w1500,200.24141679482793,192.44512204781913,153.1180814310025
config_52_det2_b15_s20_h24_w50,55.891557949300356,52.41990318571754,38.48696370201213
config_53_det2_b15_s20_h24_w500,100.16861409643242,99.52638469270347,78.7368003928983
config_54_det2_b15_s20_h24_w1500,150.4414337873712,144.89349536814964,119.82225997748128
config_55_det2_b30_s5_h4_w50,62.2965187630898,59.587676997849144,45.492417103171036
config_56_det2_b30_s5_h4_w500,123.23506501803777,121.94465957966344,90.06412676840627
config_57_det2_b30_s5_h4_w1500,216.674006285941,197.37179383083085,143.38921904693146
config_58_det2_b30_s5_h12_w50,72.59666831198247,70.87694441777242,51.996532603412874
config_59_det2_b30_s5_h12_w500,123.35623717510192,122.65857083791576,95.0860914732889
config_60_det2_b30_s5_h12_w1500,241.1298923816788,231.3595268633175,151.9746338483279
config_61_det2_b30_s5_h24_w50,70.87694441777242,67.4760790947429,46.01416101472338
config_62_det2_b30_s5_h24_w500,163.59439171316356,159.92693644286445,117.62104787314973
config_63_det2_b30_s5_h24_w1500,250.67334321782204,218.0241284626194,173.0948387284972
config_64_det2_b30_s20_h4_w50,67.24995353158246,66.0804906912774,40.8827760187588
config_65_det2_b30_s20_h4_w500,140.68448741776757,137.25204916503068,106.03330916640192
config_66_det2_b30_s20_h4_w1500,211.6438636010976,205.8776942750234,159.17409668521935
config_67_det2_b30_s20_h12_w50,62.77719530211588,61.30624968141502,37.223680298970976
config_68_det2_b30_s20_h12_w500,116.37278461908524,115.74811013575989,97.58119631875805
config_69_det2_b30_s20_h12_w1500,181.00172651110265,179.2208832697797,148.93590623710142
config_70_det2_b30_s20_h24_w50,62.77719530211588,61.30624968141502,37.223680298970976
config_71_det2_b30_s20_h24_w500,110.98479625606383,109.75711822018653,81.8209977973598
config_72_det2_b30_s20_h24_w1500,202.41078281554073,193.23851841700713,150.0992403193449
config_73_det1_b10_s8_h10_w250,108.2572457159335,100.65567894088949,82.79417216473901
config_74_det1_b10_s8_h10_w1000,158.17435000656712,142.68847195877657,124.11059584096758
config_75_det1_b10_s8_h15_w250,107.3269129808549,97.56279851301812,78.13443356378373
config_76_det1_b10_s8_h15_w1000,144.23461789736888,141.52588209319313,122.80487780983657
config_77_det1_b10_s12_h10_w250,105.21005774164368,82.95651962560174,57.77554100905406
config_78_det1_b10_s12_h10_w1000,153.33826984807152,127.32588492346537,107.02061237080558
config_79_det1_b10_s12_h15_w250,72.48407583738651,70.58046679569446,48.72710972571862
config_80_det1_b10_s12_h15_w1000,153.33826984807152,128.15058038232456,100.28872908036853
config_81_det2_b10_s8_h10_w250,109.90696633971842,102.37358892392572,85.35707840204779
config_82_det2_b10_s8_h10_w1000,149.55475585884923,138.20304799101075,119.80127944039477
config_83_det2_b10_s8_h15_w250,110.33811671403495,108.69572783693019,81.51268076195262
config_84_det2_b10_s8_h15_w1000,150.3100961346243,143.77560670753536,122.68516176240168
config_85_det2_b10_s12_h10_w250,122.97022505468549,110.38721053636603,87.91313176147868
config_86_det2_b10_s12_h10_w1000,172.7299192380984,166.89555116898714,130.04124943861297
config_87_det2_b10_s12_h15_w250,93.43838210285963,89.55144471196431,67.91244618788387
config_88_det2_b10_s12_h15_w1000,166.89555116898714,154.56617877922736,123.48525721720792
config_89_det1_b10_s5_h15_w250,118.7439472141633,113.06711005900932,90.6173664984318
config_90_det1_b10_s5_h15_w1000,148.48442679284585,140.1757208517057,120.36048083661939
config_91_det1_b10_s5_h24_w250,127.1779314582526,116.57996499218999,78.97461617507236
config_92_det1_b10_s5_h24_w1000,162.95743309220356,154.949579703924,127.4581541896965
config_93_det2_b10_s5_h15_w250,110.96335543772997,108.25534386726683,93.3747780750003
config_94_det2_b10_s5_h15_w1000,154.9842733957223,142.18166196806112,128.85440216901142
config_95_det2_b10_s5_h24_w250,133.4715559585637,124.93572029914671,87.46906667502518
config_96_det2_b10_s5_h24_w1000,171.18155566532278,167.95125781011586,143.9469024405257
